movieId,title,genres,tmdbId,movie_idx
1,Toy Story (1995),Adventure|Animation|Children|Comedy|Fantasy,862.0,0
2,Jumanji (1995),Adventure|Children|Fantasy,8844.0,1
3,Grumpier Old Men (1995),Comedy|Romance,15602.0,2
4,Waiting to Exhale (1995),Comedy|Drama|Romance,31357.0,3
5,Father of the Bride Part II (1995),Comedy,11862.0,4
6,Heat (1995),Action|Crime|Thriller,949.0,5
7,Sabrina (1995),Comedy|Romance,11860.0,6
8,Tom and Huck (1995),Adventure|Children,45325.0,7
9,Sudden Death (1995),Action,9091.0,8
10,GoldenEye (1995),Action|Adventure|Thriller,710.0,9
11,"American President, The (1995)",Comedy|Drama|Romance,9087.0,10
12,Dracula: Dead and Loving It (1995),Comedy|Horror,12110.0,11
13,Balto (1995),Adventure|Animation|Children,21032.0,12
14,Nixon (1995),Drama,10858.0,13
15,Cutthroat Island (1995),Action|Adventure|Romance,1408.0,14
16,Casino (1995),Crime|Drama,524.0,15
17,Sense and Sensibility (1995),Drama|Romance,4584.0,16
18,Four Rooms (1995),Comedy,5.0,17
19,Ace Ventura: When Nature Calls (1995),Comedy,9273.0,18
20,Money Train (1995),Action|Comedy|Crime|Drama|Thriller,11517.0,19
21,Get Shorty (1995),Comedy|Crime|Thriller,8012.0,20
22,Copycat (1995),Crime|Drama|Horror|Mystery|Thriller,1710.0,21
23,Assassins (1995),Action|Crime|Thriller,9691.0,22
24,Powder (1995),Drama|Sci-Fi,12665.0,23
25,Leaving Las Vegas (1995),Drama|Romance,451.0,24
26,Othello (1995),Drama,16420.0,25
27,Now and Then (1995),Children|Drama,9263.0,26
28,Persuasion (1995),Drama|Romance,17015.0,27
29,"City of Lost Children, The (Cité des enfants perdus, La) (1995)",Adventure|Drama|Fantasy|Mystery|Sci-Fi,902.0,28
30,Shanghai Triad (Yao a yao yao dao waipo qiao) (1995),Crime|Drama,37557.0,29
31,Dangerous Minds (1995),Drama,9909.0,30
32,Twelve Monkeys (a.k.a. 12 Monkeys) (1995),Mystery|Sci-Fi|Thriller,63.0,31
33,Wings of Courage (1995),Adventure|Romance|IMAX,78802.0,32
34,Babe (1995),Children|Drama,9598.0,33
35,Carrington (1995),Drama|Romance,47018.0,34
36,Dead Man Walking (1995),Crime|Drama,687.0,35
37,Across the Sea of Time (1995),Documentary|IMAX,139405.0,36
38,It Takes Two (1995),Children|Comedy,33689.0,37
39,Clueless (1995),Comedy|Romance,9603.0,38
40,"Cry, the Beloved Country (1995)",Drama,34615.0,39
41,Richard III (1995),Drama|War,31174.0,40
42,Dead Presidents (1995),Action|Crime|Drama,11443.0,41
43,Restoration (1995),Drama,35196.0,42
44,Mortal Kombat (1995),Action|Adventure|Fantasy,9312.0,43
45,To Die For (1995),Comedy|Drama|Thriller,577.0,44
46,How to Make an American Quilt (1995),Drama|Romance,11861.0,45
47,Seven (a.k.a. Se7en) (1995),Mystery|Thriller,807.0,46
48,Pocahontas (1995),Animation|Children|Drama|Musical|Romance,10530.0,47
49,When Night Is Falling (1995),Drama|Romance,8391.0,48
50,"Usual Suspects, The (1995)",Crime|Mystery|Thriller,629.0,49
52,Mighty Aphrodite (1995),Comedy|Drama|Romance,11448.0,50
53,Lamerica (1994),Adventure|Drama,49133.0,51
54,"Big Green, The (1995)",Children|Comedy,26441.0,52
55,Georgia (1995),Drama,97406.0,53
56,Kids of the Round Table (1995),Adventure|Children|Comedy|Fantasy,124057.0,54
57,Home for the Holidays (1995),Drama,9089.0,55
58,"Postman, The (Postino, Il) (1994)",Comedy|Drama|Romance,11010.0,56
59,"Confessional, The (Confessionnal, Le) (1995)",Drama|Mystery,99040.0,57
60,"Indian in the Cupboard, The (1995)",Adventure|Children|Fantasy,11359.0,58
61,Eye for an Eye (1996),Drama|Thriller,17182.0,59
62,Mr. Holland's Opus (1995),Drama,2054.0,60
63,Don't Be a Menace to South Central While Drinking Your Juice in the Hood (1996),Comedy|Crime,10607.0,61
64,Two if by Sea (1996),Comedy|Romance,19760.0,62
65,Bio-Dome (1996),Comedy,9536.0,63
66,Lawnmower Man 2: Beyond Cyberspace (1996),Action|Sci-Fi|Thriller,11525.0,64
67,Two Bits (1995),Drama,40628.0,65
68,French Twist (Gazon maudit) (1995),Comedy|Romance,4482.0,66
69,Friday (1995),Comedy,10634.0,67
70,From Dusk Till Dawn (1996),Action|Comedy|Horror|Thriller,755.0,68
71,Fair Game (1995),Action,11859.0,69
72,Kicking and Screaming (1995),Comedy|Drama,28387.0,70
73,"Misérables, Les (1995)",Drama|War,48750.0,71
74,Bed of Roses (1996),Drama|Romance,20927.0,72
75,Big Bully (1996),Comedy|Drama,36929.0,73
76,Screamers (1995),Action|Sci-Fi|Thriller,9102.0,74
77,Nico Icon (1995),Documentary,124626.0,75
78,"Crossing Guard, The (1995)",Action|Crime|Drama|Thriller,27526.0,76
79,"Juror, The (1996)",Drama|Thriller,9623.0,77
80,"White Balloon, The (Badkonake sefid) (1995)",Children|Drama,46785.0,78
81,Things to Do in Denver When You're Dead (1995),Crime|Drama|Romance,400.0,79
82,Antonia's Line (Antonia) (1995),Comedy|Drama,880.0,80
83,Once Upon a Time... When We Were Colored (1995),Drama|Romance,146599.0,81
84,Last Summer in the Hamptons (1995),Comedy|Drama,188588.0,82
85,Angels and Insects (1995),Drama|Romance,8447.0,83
86,White Squall (1996),Action|Adventure|Drama,10534.0,84
87,Dunston Checks In (1996),Children|Comedy,17414.0,85
88,Black Sheep (1996),Comedy,13997.0,86
89,Nick of Time (1995),Action|Thriller,2086.0,87
90,The Journey of August King (1995),Drama,61548.0,88
92,Mary Reilly (1996),Drama|Horror|Thriller,9095.0,89
93,Vampire in Brooklyn (1995),Comedy|Horror|Romance,12158.0,90
94,Beautiful Girls (1996),Comedy|Drama|Romance,9283.0,91
95,Broken Arrow (1996),Action|Adventure|Thriller,9208.0,92
96,In the Bleak Midwinter (1995),Comedy|Drama,40154.0,93
97,"Hate (Haine, La) (1995)",Crime|Drama,406.0,94
98,Shopping (1994),Action|Thriller,45549.0,95
99,Heidi Fleiss: Hollywood Madam (1995),Documentary,63076.0,96
100,City Hall (1996),Drama|Thriller,11062.0,97
101,Bottle Rocket (1996),Adventure|Comedy|Crime|Romance,13685.0,98
102,Mr. Wrong (1996),Comedy,47475.0,99
103,Unforgettable (1996),Mystery|Sci-Fi|Thriller,2045.0,100
104,Happy Gilmore (1996),Comedy,9614.0,101
105,"Bridges of Madison County, The (1995)",Drama|Romance,688.0,102
106,Nobody Loves Me (Keiner liebt mich) (1994),Comedy|Drama,11907.0,103
107,Muppet Treasure Island (1996),Adventure|Children|Comedy|Musical,10874.0,104
108,Catwalk (1996),Documentary,89333.0,105
110,Braveheart (1995),Action|Drama|War,197.0,106
111,Taxi Driver (1976),Crime|Drama|Thriller,103.0,107
112,Rumble in the Bronx (Hont faan kui) (1995),Action|Adventure|Comedy|Crime,33542.0,108
113,Before and After (1996),Drama|Mystery,43566.0,109
114,Margaret's Museum (1995),Drama,71754.0,110
116,Anne Frank Remembered (1995),Documentary,51352.0,111
117,"Young Poisoner's Handbook, The (1995)",Crime|Drama,16934.0,112
118,If Lucy Fell (1996),Comedy|Romance,10324.0,113
119,"Steal Big, Steal Little (1995)",Comedy,78406.0,114
120,Race the Sun (1996),Adventure|Comedy|Drama,55731.0,115
121,"Boys of St. Vincent, The (1992)",Drama,32119.0,116
122,Boomerang (1992),Comedy|Romance,11066.0,117
123,Chungking Express (Chung Hing sam lam) (1994),Drama|Mystery|Romance,11104.0,118
124,"Star Maker, The (Uomo delle stelle, L') (1995)",Drama,37975.0,119
125,Flirting With Disaster (1996),Comedy,2074.0,120
126,"NeverEnding Story III, The (1994)",Adventure|Children|Fantasy,27793.0,121
128,Jupiter's Wife (1994),Documentary,290157.0,122
129,Pie in the Sky (1996),Comedy|Romance,110972.0,123
131,Frankie Starlight (1995),Drama|Romance,73067.0,124
132,Jade (1995),Thriller,11863.0,125
135,Down Periscope (1996),Comedy,9101.0,126
136,From the Journals of Jean Seberg (1995),Documentary,123360.0,127
137,Man of the Year (1995),Documentary,5757.0,128
138,"Neon Bible, The (1995)",Drama,39428.0,129
140,Up Close and Personal (1996),Drama|Romance,9302.0,130
141,"Birdcage, The (1996)",Comedy,11000.0,131
144,"Brothers McMullen, The (1995)",Comedy,16388.0,132
145,Bad Boys (1995),Action|Comedy|Crime|Drama|Thriller,9737.0,133
146,"Amazing Panda Adventure, The (1995)",Adventure|Children,30765.0,134
147,"Basketball Diaries, The (1995)",Drama,10474.0,135
148,"Awfully Big Adventure, An (1995)",Drama,22279.0,136
149,Amateur (1994),Crime|Drama|Thriller,30157.0,137
150,Apollo 13 (1995),Adventure|Drama|IMAX,568.0,138
151,Rob Roy (1995),Action|Drama|Romance|War,11780.0,139
152,"Addiction, The (1995)",Drama|Horror,34996.0,140
153,Batman Forever (1995),Action|Adventure|Comedy|Crime,414.0,141
154,Beauty of the Day (Belle de jour) (1967),Drama,649.0,142
155,Beyond Rangoon (1995),Adventure|Drama|War,1873.0,143
156,Blue in the Face (1995),Comedy|Drama,5894.0,144
157,Canadian Bacon (1995),Comedy|War,1775.0,145
158,Casper (1995),Adventure|Children,8839.0,146
159,Clockers (1995),Crime|Drama|Mystery,20649.0,147
160,Congo (1995),Action|Adventure|Mystery|Sci-Fi,10329.0,148
161,Crimson Tide (1995),Drama|Thriller|War,8963.0,149
162,Crumb (1994),Documentary,26564.0,150
163,Desperado (1995),Action|Romance|Western,8068.0,151
164,Devil in a Blue Dress (1995),Crime|Film-Noir|Mystery|Thriller,8512.0,152
165,Die Hard: With a Vengeance (1995),Action|Crime|Thriller,1572.0,153
166,"Doom Generation, The (1995)",Comedy|Crime|Drama,13552.0,154
167,Feast of July (1995),Drama,259209.0,155
168,First Knight (1995),Action|Drama|Romance,6520.0,156
169,Free Willy 2: The Adventure Home (1995),Adventure|Children|Drama,9073.0,157
170,Hackers (1995),Action|Adventure|Crime|Thriller,10428.0,158
171,Jeffrey (1995),Comedy|Drama,17447.0,159
172,Johnny Mnemonic (1995),Action|Sci-Fi|Thriller,9886.0,160
173,Judge Dredd (1995),Action|Crime|Sci-Fi,9482.0,161
174,Jury Duty (1995),Comedy,19326.0,162
175,Kids (1995),Drama,9344.0,163
176,Living in Oblivion (1995),Comedy,9071.0,164
177,Lord of Illusions (1995),Horror,8973.0,165
178,Love & Human Remains (1993),Comedy|Drama,15730.0,166
179,Mad Love (1995),Drama|Romance,47608.0,167
180,Mallrats (1995),Comedy|Romance,2293.0,168
181,Mighty Morphin Power Rangers: The Movie (1995),Action|Children,9070.0,169
182,Moonlight and Valentino (1995),Drama|Romance,68274.0,170
183,Mute Witness (1994),Comedy|Horror|Thriller,48787.0,171
184,Nadja (1994),Drama,34574.0,172
185,"Net, The (1995)",Action|Crime|Thriller,1642.0,173
186,Nine Months (1995),Comedy|Romance,11472.0,174
187,Party Girl (1995),Comedy,36196.0,175
188,"Prophecy, The (1995)",Fantasy|Horror|Mystery,11980.0,176
189,Reckless (1995),Comedy|Fantasy,58372.0,177
190,Safe (1995),Thriller,32646.0,178
191,"Scarlet Letter, The (1995)",Drama|Romance,10533.0,179
192,The Show (1995),Documentary,56088.0,180
193,Showgirls (1995),Drama,10802.0,181
194,Smoke (1995),Comedy|Drama,10149.0,182
195,Something to Talk About (1995),Comedy|Drama|Romance,18402.0,183
196,Species (1995),Horror|Sci-Fi,9348.0,184
197,"Stars Fell on Henrietta, The (1995)",Drama,139408.0,185
198,Strange Days (1995),Action|Crime|Drama|Mystery|Sci-Fi|Thriller,281.0,186
199,"Umbrellas of Cherbourg, The (Parapluies de Cherbourg, Les) (1964)",Drama|Musical|Romance,5967.0,187
200,"Tie That Binds, The (1995)",Thriller,79593.0,188
201,Three Wishes (1995),Drama|Fantasy,47939.0,189
202,Total Eclipse (1995),Drama|Romance,36834.0,190
203,"To Wong Foo, Thanks for Everything! Julie Newmar (1995)",Comedy,9090.0,191
204,Under Siege 2: Dark Territory (1995),Action,3512.0,192
205,Unstrung Heroes (1995),Comedy|Drama,52856.0,193
206,Unzipped (1995),Documentary,77350.0,194
207,"Walk in the Clouds, A (1995)",Drama|Romance,9560.0,195
208,Waterworld (1995),Action|Adventure|Sci-Fi,9804.0,196
209,White Man's Burden (1995),Drama,31611.0,197
210,Wild Bill (1995),Western,65796.0,198
211,"Browning Version, The (1994)",Drama,49805.0,199
212,Bushwhacked (1995),Adventure|Comedy|Crime|Mystery,26258.0,200
213,Burnt by the Sun (Utomlyonnye solntsem) (1994),Drama,50797.0,201
214,Before the Rain (Pred dozhdot) (1994),Drama|War,19155.0,202
215,Before Sunrise (1995),Drama|Romance,76.0,203
216,Billy Madison (1995),Comedy,11017.0,204
217,"Babysitter, The (1995)",Drama|Thriller,37141.0,205
218,Boys on the Side (1995),Comedy|Drama,9382.0,206
219,"Cure, The (1995)",Drama,6715.0,207
220,Castle Freak (1995),Horror,18256.0,208
222,Circle of Friends (1995),Drama|Romance,22625.0,209
223,Clerks (1994),Comedy,2292.0,210
224,Don Juan DeMarco (1995),Comedy|Drama|Romance,1909.0,211
225,Disclosure (1994),Drama|Thriller,8984.0,212
227,Drop Zone (1994),Action|Thriller,4954.0,213
228,Destiny Turns on the Radio (1995),Comedy,62488.0,214
229,Death and the Maiden (1994),Drama|Thriller,10531.0,215
230,Dolores Claiborne (1995),Drama|Thriller,11929.0,216
231,Dumb & Dumber (Dumb and Dumber) (1994),Adventure|Comedy,8467.0,217
232,Eat Drink Man Woman (Yin shi nan nu) (1994),Comedy|Drama|Romance,10451.0,218
233,Exotica (1994),Drama,20156.0,219
234,Exit to Eden (1994),Comedy,18395.0,220
235,Ed Wood (1994),Comedy|Drama,522.0,221
236,French Kiss (1995),Action|Comedy|Romance,397.0,222
237,Forget Paris (1995),Comedy|Romance,10525.0,223
238,Far From Home: The Adventures of Yellow Dog (1995),Adventure|Children,27985.0,224
239,"Goofy Movie, A (1995)",Animation|Children|Comedy|Romance,15789.0,225
240,Hideaway (1995),Thriller,27303.0,226
241,Fluke (1995),Children|Drama,21183.0,227
242,Farinelli: il castrato (1994),Drama|Musical,10954.0,228
243,Gordy (1995),Children|Comedy|Fantasy,47867.0,229
244,Gumby: The Movie (1995),Animation|Children,43475.0,230
245,The Glass Shield (1994),Crime|Drama,72031.0,231
246,Hoop Dreams (1994),Documentary,14275.0,232
247,Heavenly Creatures (1994),Crime|Drama,1024.0,233
248,Houseguest (1994),Comedy,17207.0,234
249,Immortal Beloved (1994),Drama|Romance,13701.0,235
250,Heavyweights (Heavy Weights) (1995),Children|Comedy,14819.0,236
251,"Hunted, The (1995)",Action,32631.0,237
252,I.Q. (1994),Comedy|Romance,11777.0,238
253,Interview with the Vampire: The Vampire Chronicles (1994),Drama|Horror,628.0,239
254,Jefferson in Paris (1995),Drama,87729.0,240
255,"Jerky Boys, The (1995)",Comedy,18713.0,241
256,Junior (1994),Comedy|Sci-Fi,6280.0,242
257,Just Cause (1995),Mystery|Thriller,9061.0,243
258,"Kid in King Arthur's Court, A (1995)",Adventure|Children|Comedy|Fantasy|Romance,37108.0,244
259,Kiss of Death (1995),Crime|Drama|Thriller,6071.0,245
260,Star Wars: Episode IV - A New Hope (1977),Action|Adventure|Sci-Fi,11.0,246
261,Little Women (1994),Drama,9587.0,247
262,"Little Princess, A (1995)",Children|Drama,19101.0,248
263,Ladybird Ladybird (1994),Drama,49980.0,249
264,"Enfer, L' (1994)",Drama,17961.0,250
265,Like Water for Chocolate (Como agua para chocolate) (1992),Drama|Fantasy|Romance,18183.0,251
266,Legends of the Fall (1994),Drama|Romance|War|Western,4476.0,252
267,Major Payne (1995),Comedy,11008.0,253
268,Little Odessa (1994),Crime|Drama,47504.0,254
269,My Crazy Life (Mi vida loca) (1993),Drama,32325.0,255
270,Love Affair (1994),Drama|Romance,43742.0,256
271,Losing Isaiah (1995),Drama,28313.0,257
272,"Madness of King George, The (1994)",Comedy|Drama,11318.0,258
273,Mary Shelley's Frankenstein (Frankenstein) (1994),Drama|Horror|Sci-Fi,3036.0,259
274,Man of the House (1995),Comedy,40490.0,260
275,Mixed Nuts (1994),Comedy,24070.0,261
276,Milk Money (1994),Comedy|Romance,8986.0,262
277,Miracle on 34th Street (1994),Drama,10510.0,263
278,Miami Rhapsody (1995),Comedy,17402.0,264
279,My Family (1995),Drama,38722.0,265
280,Murder in the First (1995),Drama|Thriller,8438.0,266
281,Nobody's Fool (1994),Comedy|Drama|Romance,11593.0,267
282,Nell (1994),Drama,1945.0,268
283,New Jersey Drive (1995),Crime|Drama,39310.0,269
285,Beyond Bedlam (1993),Drama|Horror,56428.0,270
286,Nemesis 2: Nebula (1995),Action|Sci-Fi|Thriller,63105.0,271
287,Nina Takes a Lover (1994),Comedy|Romance,131957.0,272
288,Natural Born Killers (1994),Action|Crime|Thriller,241.0,273
289,Only You (1994),Comedy|Romance,9058.0,274
290,Once Were Warriors (1994),Crime|Drama,527.0,275
292,Outbreak (1995),Action|Drama|Sci-Fi|Thriller,6950.0,276
293,Léon: The Professional (a.k.a. The Professional) (Léon) (1994),Action|Crime|Drama|Thriller,101.0,277
294,"Perez Family, The (1995)",Comedy|Romance,63020.0,278
295,"Pyromaniac's Love Story, A (1995)",Comedy|Romance,2307.0,279
296,Pulp Fiction (1994),Comedy|Crime|Drama|Thriller,680.0,280
297,Panther (1995),Drama,41478.0,281
298,Pushing Hands (Tui shou) (1992),Drama,25296.0,282
299,Priest (1994),Drama,40156.0,283
300,Quiz Show (1994),Drama,11450.0,284
301,Picture Bride (Bijo photo) (1994),Drama|Romance,30304.0,285
302,"Queen Margot (Reine Margot, La) (1994)",Drama|Romance,10452.0,286
303,"Quick and the Dead, The (1995)",Action|Thriller|Western,12106.0,287
304,Roommates (1995),Comedy|Drama,161495.0,288
305,Ready to Wear (Pret-A-Porter) (1994),Comedy,3586.0,289
306,Three Colors: Red (Trois couleurs: Rouge) (1994),Drama,110.0,290
307,Three Colors: Blue (Trois couleurs: Bleu) (1993),Drama,108.0,291
308,Three Colors: White (Trzy kolory: Bialy) (1994),Comedy|Drama,109.0,292
309,"Red Firecracker, Green Firecracker (Pao Da Shuang Deng) (1994)",Drama,159185.0,293
310,Rent-a-Kid (1995),Comedy,36357.0,294
311,Relative Fear (1994),Horror|Thriller,92769.0,295
312,Stuart Saves His Family (1995),Comedy,28033.0,296
313,"Swan Princess, The (1994)",Animation|Children,22586.0,297
314,"Secret of Roan Inish, The (1994)",Children|Drama|Fantasy|Mystery,14334.0,298
315,"Specialist, The (1994)",Action|Drama|Thriller,2636.0,299
316,Stargate (1994),Action|Adventure|Sci-Fi,2164.0,300
317,"Santa Clause, The (1994)",Comedy|Drama|Fantasy,11395.0,301
318,"Shawshank Redemption, The (1994)",Crime|Drama,278.0,302
319,Shallow Grave (1994),Comedy|Drama|Thriller,9905.0,303
320,Suture (1993),Film-Noir|Thriller,87078.0,304
321,Strawberry and Chocolate (Fresa y chocolate) (1993),Drama,12527.0,305
322,Swimming with Sharks (1995),Comedy|Drama,20306.0,306
324,"Sum of Us, The (1994)",Comedy|Drama,36614.0,307
325,National Lampoon's Senior Trip (1995),Comedy,27993.0,308
326,To Live (Huozhe) (1994),Drama,31439.0,309
327,Tank Girl (1995),Action|Comedy|Sci-Fi,9067.0,310
328,Tales from the Crypt Presents: Demon Knight (1995),Horror|Thriller,9059.0,311
329,Star Trek: Generations (1994),Adventure|Drama|Sci-Fi,193.0,312
330,Tales from the Hood (1995),Action|Crime|Horror,25066.0,313
331,Tom & Viv (1994),Drama,46797.0,314
332,Village of the Damned (1995),Horror|Sci-Fi,12122.0,315
333,Tommy Boy (1995),Comedy,11381.0,316
334,Vanya on 42nd Street (1994),Drama,32636.0,317
335,Underneath (1995),Mystery|Thriller,36141.0,318
336,"Walking Dead, The (1995)",Drama|War,95963.0,319
337,What's Eating Gilbert Grape (1993),Drama,1587.0,320
338,Virtuosity (1995),Action|Sci-Fi|Thriller,9271.0,321
339,While You Were Sleeping (1995),Comedy|Romance,2064.0,322
340,"War, The (1994)",Adventure|Drama|War,19855.0,323
341,Double Happiness (1994),Drama,60855.0,324
342,Muriel's Wedding (1994),Comedy,236.0,325
343,"Baby-Sitters Club, The (1995)",Children,48287.0,326
344,Ace Ventura: Pet Detective (1994),Comedy,3049.0,327
345,"Adventures of Priscilla, Queen of the Desert, The (1994)",Comedy|Drama,2759.0,328
346,Backbeat (1993),Drama|Musical,12635.0,329
347,Bitter Moon (1992),Drama|Film-Noir|Romance,10497.0,330
348,Bullets Over Broadway (1994),Comedy,11382.0,331
349,Clear and Present Danger (1994),Action|Crime|Drama|Thriller,9331.0,332
350,"Client, The (1994)",Drama|Mystery|Thriller,10731.0,333
351,"Corrina, Corrina (1994)",Comedy|Drama|Romance,10464.0,334
352,Crooklyn (1994),Comedy|Drama,34152.0,335
353,"Crow, The (1994)",Action|Crime|Fantasy|Thriller,9495.0,336
354,Cobb (1994),Drama,29973.0,337
355,"Flintstones, The (1994)",Children|Comedy|Fantasy,888.0,338
356,Forrest Gump (1994),Comedy|Drama|Romance|War,13.0,339
357,Four Weddings and a Funeral (1994),Comedy|Romance,712.0,340
358,Higher Learning (1995),Drama,16295.0,341
359,I Like It Like That (1994),Comedy|Drama|Romance,48992.0,342
360,I Love Trouble (1994),Action|Comedy,10879.0,343
361,It Could Happen to You (1994),Comedy|Drama|Romance,10660.0,344
362,"Jungle Book, The (1994)",Adventure|Children|Romance,10714.0,345
363,"Wonderful, Horrible Life of Leni Riefenstahl, The (Macht der Bilder: Leni Riefenstahl, Die) (1993)",Documentary,41647.0,346
364,"Lion King, The (1994)",Adventure|Animation|Children|Drama|Musical|IMAX,8587.0,347
365,Little Buddha (1993),Drama,1689.0,348
366,"Wes Craven's New Nightmare (Nightmare on Elm Street Part 7: Freddy's Finale, A) (1994)",Drama|Horror|Mystery|Thriller,11596.0,349
367,"Mask, The (1994)",Action|Comedy|Crime|Fantasy,854.0,350
368,Maverick (1994),Adventure|Comedy|Western,9359.0,351
369,Mrs. Parker and the Vicious Circle (1994),Drama,23333.0,352
370,Naked Gun 33 1/3: The Final Insult (1994),Action|Comedy,36593.0,353
371,"Paper, The (1994)",Comedy|Drama,12280.0,354
372,Reality Bites (1994),Comedy|Drama|Romance,2788.0,355
373,Red Rock West (1992),Thriller,10427.0,356
374,Richie Rich (1994),Children|Comedy,11011.0,357
375,Safe Passage (1994),Drama,49803.0,358
376,"River Wild, The (1994)",Action|Thriller,8987.0,359
377,Speed (1994),Action|Romance|Thriller,1637.0,360
378,Speechless (1994),Comedy|Romance,15128.0,361
379,Timecop (1994),Action|Sci-Fi|Thriller,8831.0,362
380,True Lies (1994),Action|Adventure|Comedy|Romance|Thriller,36955.0,363
381,When a Man Loves a Woman (1994),Drama|Romance,10449.0,364
382,Wolf (1994),Drama|Horror|Romance|Thriller,10395.0,365
383,Wyatt Earp (1994),Western,12160.0,366
384,Bad Company (1995),Action|Crime|Drama,40480.0,367
385,"Man of No Importance, A (1994)",Drama,52038.0,368
386,S.F.W. (1994),Drama,29444.0,369
387,"Low Down Dirty Shame, A (1994)",Action|Comedy,26352.0,370
388,Boys Life (1995),Drama,39953.0,371
389,"Colonel Chabert, Le (1994)",Drama|Romance|War,41580.0,372
390,Faster Pussycat! Kill! Kill! (1965),Action|Crime|Drama,315.0,373
391,Jason's Lyric (1994),Crime|Drama,22067.0,374
392,"Secret Adventures of Tom Thumb, The (1993)",Adventure|Animation,18242.0,375
393,Street Fighter (1994),Action|Adventure|Fantasy,11667.0,376
394,Coldblooded (1995),Comedy,32502.0,377
397,"Fear, The (1995)",Horror,75555.0,378
398,Frank and Ollie (1995),Documentary,42981.0,379
402,Open Season (1996),Comedy,203119.0,380
404,Brother Minister: The Assassination of Malcolm X (1994),Documentary,316098.0,381
405,Highlander III: The Sorcerer (a.k.a. Highlander: The Final Dimension) (1994),Action|Fantasy,8011.0,382
406,Federal Hill (1994),Drama,171857.0,383
407,In the Mouth of Madness (1995),Horror|Thriller,2654.0,384
408,8 Seconds (1994),Drama,18069.0,385
409,Above the Rim (1994),Crime|Drama,19092.0,386
410,Addams Family Values (1993),Children|Comedy|Fantasy,2758.0,387
411,Martin Lawrence: You So Crazy (1994),Comedy|Documentary,38129.0,388
412,"Age of Innocence, The (1993)",Drama,10436.0,389
413,Airheads (1994),Comedy,13595.0,390
414,"Air Up There, The (1994)",Comedy,46094.0,391
415,Another Stakeout (1993),Comedy|Thriller,9409.0,392
416,Bad Girls (1994),Western,11853.0,393
417,Barcelona (1994),Comedy|Romance,16771.0,394
418,Being Human (1993),Drama,46924.0,395
419,"Beverly Hillbillies, The (1993)",Comedy,11041.0,396
420,Beverly Hills Cop III (1994),Action|Comedy|Crime|Thriller,306.0,397
421,Black Beauty (1994),Adventure|Children|Drama,14522.0,398
422,Blink (1994),Thriller,26203.0,399
423,Blown Away (1994),Action|Thriller,178.0,400
424,Blue Chips (1994),Drama,19819.0,401
425,Blue Sky (1994),Drama|Romance,57834.0,402
426,Body Snatchers (1993),Horror|Sci-Fi|Thriller,4722.0,403
427,Boxing Helena (1993),Drama|Mystery|Romance|Thriller,18215.0,404
428,"Bronx Tale, A (1993)",Drama,1607.0,405
429,Cabin Boy (1994),Comedy,26391.0,406
430,Calendar Girl (1993),Comedy|Drama,117553.0,407
431,Carlito's Way (1993),Crime|Drama,6075.0,408
432,City Slickers II: The Legend of Curly's Gold (1994),Adventure|Comedy|Western,11310.0,409
433,Clean Slate (1994),Comedy,18658.0,410
434,Cliffhanger (1993),Action|Adventure|Thriller,9350.0,411
435,Coneheads (1993),Comedy|Sci-Fi,9612.0,412
436,Color of Night (1994),Drama|Thriller,2124.0,413
437,Cops and Robbersons (1994),Comedy,26261.0,414
438,"Cowboy Way, The (1994)",Action|Comedy|Drama,19176.0,415
439,Dangerous Game (1993),Drama,49299.0,416
440,Dave (1993),Comedy|Romance,11566.0,417
441,Dazed and Confused (1993),Comedy,9571.0,418
442,Demolition Man (1993),Action|Adventure|Sci-Fi,9739.0,419
443,"Endless Summer 2, The (1994)",Adventure|Documentary,24257.0,420
444,Even Cowgirls Get the Blues (1993),Comedy|Romance,34444.0,421
445,Fatal Instinct (1993),Comedy,26141.0,422
446,Farewell My Concubine (Ba wang bie ji) (1993),Drama|Romance,10997.0,423
447,"Favor, The (1994)",Comedy|Romance,50463.0,424
448,Fearless (1993),Drama,10443.0,425
449,Fear of a Black Hat (1994),Comedy,20239.0,426
450,With Honors (1994),Comedy|Drama,16297.0,427
451,Flesh and Bone (1993),Drama|Mystery|Romance,18551.0,428
452,Widows' Peak (1994),Drama,25440.0,429
453,For Love or Money (1993),Comedy|Romance,9024.0,430
454,"Firm, The (1993)",Drama|Thriller,37233.0,431
455,Free Willy (1993),Adventure|Children|Drama,1634.0,432
456,Fresh (1994),Crime|Drama|Thriller,13815.0,433
457,"Fugitive, The (1993)",Thriller,5503.0,434
458,Geronimo: An American Legend (1993),Drama|Western,35588.0,435
459,"Getaway, The (1994)",Action|Adventure|Crime|Drama|Romance|Thriller,2087.0,436
460,Getting Even with Dad (1994),Comedy,41579.0,437
461,Go Fish (1994),Drama|Romance,18620.0,438
462,"Good Man in Africa, A (1994)",Action|Adventure,41006.0,439
463,Guilty as Sin (1993),Crime|Drama|Thriller,4916.0,440
464,Hard Target (1993),Action|Adventure|Crime|Thriller,2019.0,441
465,Heaven & Earth (1993),Action|Drama|War,31642.0,442
466,Hot Shots! Part Deux (1993),Action|Comedy|War,9255.0,443
467,Live Nude Girls (1995),Comedy,26271.0,444
468,"Englishman Who Went Up a Hill But Came Down a Mountain, The (1995)",Comedy|Romance,10612.0,445
469,"House of the Spirits, The (1993)",Drama|Romance,2259.0,446
470,House Party 3 (1994),Comedy,16097.0,447
471,"Hudsucker Proxy, The (1994)",Comedy,11934.0,448
472,I'll Do Anything (1994),Comedy|Drama,106143.0,449
473,In the Army Now (1994),Comedy|War,12475.0,450
474,In the Line of Fire (1993),Action|Thriller,9386.0,451
475,In the Name of the Father (1993),Drama,7984.0,452
476,"Inkwell, The (1994)",Comedy|Drama,59930.0,453
477,What's Love Got to Do with It? (1993),Drama|Musical,15765.0,454
478,Jimmy Hollywood (1994),Comedy|Crime|Drama,31643.0,455
479,Judgment Night (1993),Action|Crime|Thriller,6.0,456
480,Jurassic Park (1993),Action|Adventure|Sci-Fi|Thriller,329.0,457
481,Kalifornia (1993),Drama|Thriller,10909.0,458
482,Killing Zoe (1994),Crime|Drama|Thriller,507.0,459
483,King of the Hill (1993),Drama,34024.0,460
484,Lassie (1994),Adventure|Children,29918.0,461
485,Last Action Hero (1993),Action|Adventure|Comedy|Fantasy,9593.0,462
486,Life with Mikey (1993),Comedy,42580.0,463
487,Lightning Jack (1994),Comedy|Western,22317.0,464
488,M. Butterfly (1993),Drama|Romance,1413.0,465
489,Made in America (1993),Comedy,12121.0,466
490,Malice (1993),Thriller,2246.0,467
491,"Man Without a Face, The (1993)",Drama,10502.0,468
492,Manhattan Murder Mystery (1993),Comedy|Mystery,10440.0,469
493,Menace II Society (1993),Action|Crime|Drama,9516.0,470
494,Executive Decision (1996),Action|Adventure|Thriller,2320.0,471
495,In the Realm of the Senses (Ai no corrida) (1976),Drama,5879.0,472
496,What Happened Was... (1994),Comedy|Drama|Romance|Thriller,83718.0,473
497,Much Ado About Nothing (1993),Comedy|Romance,11971.0,474
498,Mr. Jones (1993),Drama|Romance,2625.0,475
499,Mr. Wonderful (1993),Comedy|Romance,31911.0,476
500,Mrs. Doubtfire (1993),Comedy|Drama,788.0,477
501,Naked (1993),Drama,21450.0,478
502,"Next Karate Kid, The (1994)",Action|Children|Romance,11231.0,479
503,"New Age, The (1994)",Drama,41588.0,480
504,No Escape (1994),Action|Drama|Sci-Fi,10447.0,481
505,North (1994),Comedy,31586.0,482
506,Orlando (1992),Drama|Fantasy|Romance,9300.0,483
507,"Perfect World, A (1993)",Crime|Drama|Thriller,9559.0,484
508,Philadelphia (1993),Drama,9800.0,485
509,"Piano, The (1993)",Drama|Romance,713.0,486
510,Poetic Justice (1993),Drama,8291.0,487
511,"Program, The (1993)",Action|Drama,18133.0,488
512,"Puppet Masters, The (1994)",Horror|Sci-Fi,25557.0,489
513,Radioland Murders (1994),Comedy|Mystery|Romance,22588.0,490
514,"Ref, The (1994)",Comedy,10872.0,491
515,"Remains of the Day, The (1993)",Drama|Romance,1245.0,492
516,Renaissance Man (1994),Comedy|Drama,11858.0,493
517,Rising Sun (1993),Action|Drama|Mystery,7007.0,494
518,"Road to Wellville, The (1994)",Comedy,10467.0,495
519,RoboCop 3 (1993),Action|Crime|Drama|Sci-Fi|Thriller,5550.0,496
520,Robin Hood: Men in Tights (1993),Comedy,8005.0,497
521,Romeo Is Bleeding (1993),Crime|Thriller,2088.0,498
522,Romper Stomper (1992),Action|Drama,10412.0,499
523,Ruby in Paradise (1993),Drama,47889.0,500
524,Rudy (1993),Drama,14534.0,501
525,"Saint of Fort Washington, The (1993)",Drama,56583.0,502
526,"Savage Nights (Nuits fauves, Les) (1992)",Drama,41878.0,503
527,Schindler's List (1993),Drama|War,424.0,504
528,"Scout, The (1994)",Comedy|Drama,35233.0,505
529,Searching for Bobby Fischer (1993),Drama,14291.0,506
531,"Secret Garden, The (1993)",Children|Drama,11236.0,507
532,Serial Mom (1994),Comedy|Crime|Horror,11592.0,508
533,"Shadow, The (1994)",Action|Adventure|Fantasy|Mystery,8850.0,509
534,Shadowlands (1993),Drama|Romance,10445.0,510
535,Short Cuts (1993),Drama,695.0,511
536,"Simple Twist of Fate, A (1994)",Drama,43535.0,512
537,Sirens (1994),Drama,12519.0,513
538,Six Degrees of Separation (1993),Drama,23210.0,514
539,Sleepless in Seattle (1993),Comedy|Drama|Romance,858.0,515
540,Sliver (1993),Thriller,867.0,516
541,Blade Runner (1982),Action|Sci-Fi|Thriller,78.0,517
542,Son in Law (1993),Comedy|Drama|Romance,13203.0,518
543,So I Married an Axe Murderer (1993),Comedy|Romance|Thriller,10442.0,519
544,Striking Distance (1993),Action|Crime,11074.0,520
546,Super Mario Bros. (1993),Action|Adventure|Children|Comedy|Fantasy|Sci-Fi,9607.0,521
547,Surviving the Game (1994),Action|Adventure|Thriller,17585.0,522
548,Terminal Velocity (1994),Action|Mystery|Thriller,9057.0,523
549,Thirty-Two Short Films About Glenn Gould (1993),Drama|Musical,20967.0,524
550,Threesome (1994),Comedy|Romance,10635.0,525
551,"Nightmare Before Christmas, The (1993)",Animation|Children|Fantasy|Musical,9479.0,526
552,"Three Musketeers, The (1993)",Action|Adventure|Comedy|Romance,10057.0,527
553,Tombstone (1993),Action|Drama|Western,11969.0,528
554,Trial by Jury (1994),Crime|Drama|Thriller,41590.0,529
555,True Romance (1993),Crime|Thriller,319.0,530
556,"War Room, The (1993)",Documentary,26408.0,531
558,"Pagemaster, The (1994)",Action|Adventure|Animation|Children|Fantasy,15139.0,532
561,Killer (Bulletproof Heart) (1994),Drama|Thriller,85247.0,533
562,Welcome to the Dollhouse (1995),Comedy|Drama,11446.0,534
563,Germinal (1993),Drama|Romance,51980.0,535
564,Chasers (1994),Comedy,24405.0,536
565,Cronos (1993),Drama|Horror,11655.0,537
566,Naked in New York (1994),Comedy|Romance,11800.0,538
567,Kika (1993),Comedy|Drama,8223.0,539
568,Bhaji on the Beach (1993),Comedy|Drama,14587.0,540
569,Little Big League (1994),Comedy|Drama,31504.0,541
570,"Slingshot, The (Kådisbellan) (1993)",Comedy|Drama,41653.0,542
571,"Wedding Gift, The (1994)",Drama|Romance,53185.0,543
573,"Ciao, Professore! (Io speriamo che me la cavo) (1992)",Drama,23637.0,544
574,Spanking the Monkey (1994),Comedy|Drama,17600.0,545
575,"Little Rascals, The (1994)",Children|Comedy,10897.0,546
577,Andre (1994),Adventure|Children|Drama,21352.0,547
580,Princess Caraboo (1994),Drama,37345.0,548
581,"Celluloid Closet, The (1995)",Documentary,32562.0,549
582,Métisse (Café au Lait) (1993),Comedy|Drama,47507.0,550
583,Dear Diary (Caro Diario) (1994),Comedy|Drama,25403.0,551
585,"Brady Bunch Movie, The (1995)",Comedy,9066.0,552
586,Home Alone (1990),Children|Comedy,771.0,553
587,Ghost (1990),Comedy|Drama|Fantasy|Romance|Thriller,251.0,554
588,Aladdin (1992),Adventure|Animation|Children|Comedy|Musical,812.0,555
589,Terminator 2: Judgment Day (1991),Action|Sci-Fi,280.0,556
590,Dances with Wolves (1990),Adventure|Drama|Western,581.0,557
592,Batman (1989),Action|Crime|Thriller,268.0,558
593,"Silence of the Lambs, The (1991)",Crime|Horror|Thriller,274.0,559
594,Snow White and the Seven Dwarfs (1937),Animation|Children|Drama|Fantasy|Musical,408.0,560
595,Beauty and the Beast (1991),Animation|Children|Fantasy|Musical|Romance|IMAX,10020.0,561
596,Pinocchio (1940),Animation|Children|Fantasy|Musical,10895.0,562
597,Pretty Woman (1990),Comedy|Romance,114.0,563
598,Window to Paris (Okno v Parizh) (1994),Comedy|Fantasy,41043.0,564
599,"Wild Bunch, The (1969)",Adventure|Western,576.0,565
600,Love and a .45 (1994),Action|Comedy|Crime,15477.0,566
601,"Wooden Man's Bride, The (Yan shen) (1994)",Drama,59146.0,567
602,"Great Day in Harlem, A (1994)",Documentary,124472.0,568
603,"Bye Bye, Love (1995)",Comedy,30528.0,569
605,One Fine Day (1996),Drama|Romance,7300.0,570
606,Candyman: Farewell to the Flesh (1995),Fantasy|Horror,10824.0,571
608,Fargo (1996),Comedy|Crime|Drama|Thriller,275.0,572
609,Homeward Bound II: Lost in San Francisco (1996),Adventure|Children,25059.0,573
610,Heavy Metal (1981),Action|Adventure|Animation|Horror|Sci-Fi,11827.0,574
611,Hellraiser: Bloodline (1996),Action|Horror|Sci-Fi,8766.0,575
612,"Pallbearer, The (1996)",Comedy,23570.0,576
613,Jane Eyre (1996),Drama|Romance,47333.0,577
614,Loaded (1994),Drama|Thriller,54850.0,578
615,Bread and Chocolate (Pane e cioccolata) (1973),Comedy|Drama,51242.0,579
616,"Aristocats, The (1970)",Animation|Children,10112.0,580
617,"Flower of My Secret, The (La flor de mi secreto) (1995)",Comedy|Drama,4307.0,581
618,Two Much (1995),Comedy|Romance,46029.0,582
619,Ed (1996),Comedy,32308.0,583
621,My Favorite Season (1993),Drama,52873.0,584
626,"Thin Line Between Love and Hate, A (1996)",Comedy,28121.0,585
627,"Last Supper, The (1995)",Drama|Thriller,12520.0,586
628,Primal Fear (1996),Crime|Drama|Mystery|Thriller,1592.0,587
630,Carried Away (1996),Drama|Romance,36447.0,588
631,All Dogs Go to Heaven 2 (1996),Adventure|Animation|Children|Fantasy|Musical|Romance,19042.0,589
632,Land and Freedom (Tierra y libertad) (1995),Drama|War,38884.0,590
633,Denise Calls Up (1995),Comedy,47449.0,591
634,Theodore Rex (1995),Comedy,36259.0,592
635,"Family Thing, A (1996)",Comedy|Drama,41852.0,593
637,Sgt. Bilko (1996),Comedy,9099.0,594
638,Jack and Sarah (1995),Romance,2021.0,595
639,Girl 6 (1996),Comedy|Drama,61752.0,596
640,Diabolique (1996),Drama|Thriller,10988.0,597
641,"Little Indian, Big City (Un indien dans la ville) (1994)",Adventure|Children|Comedy,11479.0,598
645,Nelly & Monsieur Arnaud (1995),Drama,12652.0,599
647,Courage Under Fire (1996),Action|Crime|Drama|War,10684.0,600
648,Mission: Impossible (1996),Action|Adventure|Mystery|Thriller,954.0,601
649,Cold Fever (Á köldum klaka) (1995),Comedy|Drama,68445.0,602
650,Moll Flanders (1996),Drama,18989.0,603
652,"301, 302 (301/302) (1995)",Horror|Mystery|Thriller,54285.0,604
653,Dragonheart (1996),Action|Adventure|Fantasy,8840.0,605
656,Eddie (1996),Comedy,11107.0,606
659,Purple Noon (Plein soleil) (1960),Crime|Drama|Thriller,10363.0,607
660,August (1996),Drama,161070.0,608
661,James and the Giant Peach (1996),Adventure|Animation|Children|Fantasy|Musical,10539.0,609
662,Fear (1996),Thriller,10543.0,610
663,Kids in the Hall: Brain Candy (1996),Comedy,18414.0,611
664,Faithful (1996),Comedy,47502.0,612
665,Underground (1995),Comedy|Drama|War,11902.0,613
666,All Things Fair (Lust och fägring stor) (1995),Drama|Romance|War,27098.0,614
667,Bloodsport 2 (a.k.a. Bloodsport II: The Next Kumite) (1996),Action,25087.0,615
668,Song of the Little Road (Pather Panchali) (1955),Drama,5801.0,616
670,"World of Apu, The (Apur Sansar) (1959)",Drama,896.0,617
671,Mystery Science Theater 3000: The Movie (1996),Comedy|Sci-Fi,3065.0,618
673,Space Jam (1996),Adventure|Animation|Children|Comedy|Fantasy|Sci-Fi,2300.0,619
674,Barbarella (1968),Adventure|Comedy|Sci-Fi,8069.0,620
678,Some Folks Call It a Sling Blade (1993),Drama|Thriller,27768.0,621
679,"Run of the Country, The (1995)",Drama,221917.0,622
680,"Alphaville (Alphaville, une étrange aventure de Lemmy Caution) (1965)",Drama|Mystery|Romance|Sci-Fi|Thriller,8072.0,623
681,Coup de torchon (Clean Slate) (1981),Crime,35797.0,624
682,Tigrero: A Film That Was Never Made (1994),Documentary|Drama,88030.0,625
685,It's My Party (1996),Drama,33245.0,626
687,Country Life (1994),Drama|Romance,124460.0,627
688,Operation Dumbo Drop (1995),Action|Adventure|Comedy|War,27281.0,628
690,"Promise, The (Versprechen, Das) (1995)",Drama|Romance,105045.0,629
691,Mrs. Winterbourne (1996),Comedy|Romance,40001.0,630
692,Solo (1996),Action|Sci-Fi|Thriller,29621.0,631
694,"Substitute, The (1996)",Action|Crime|Drama,20762.0,632
695,True Crime (1996),Mystery|Thriller,37144.0,633
696,Butterfly Kiss (1995),Drama|Thriller,48260.0,634
697,Feeling Minnesota (1996),Drama|Romance,12656.0,635
698,Delta of Venus (1995),Drama,38867.0,636
700,Angus (1995),Comedy,25969.0,637
701,Daens (1992),Drama,44103.0,638
702,Faces (1968),Drama,753.0,639
703,Boys (1996),Drama,43634.0,640
704,"Quest, The (1996)",Action|Adventure,9103.0,641
705,Cosi (1996),Comedy,90214.0,642
706,Sunset Park (1996),Drama,29649.0,643
707,Mulholland Falls (1996),Crime|Drama|Thriller,10990.0,644
708,"Truth About Cats & Dogs, The (1996)",Comedy|Romance,8866.0,645
709,Oliver & Company (1988),Adventure|Animation|Children|Comedy|Musical,12233.0,646
710,Celtic Pride (1996),Comedy,23449.0,647
711,Flipper (1996),Adventure|Children,36355.0,648
712,Captives (1994),Crime|Drama|Romance|Thriller,37667.0,649
713,Of Love and Shadows (1994),Drama,90148.0,650
714,Dead Man (1995),Drama|Mystery|Western,922.0,651
715,"Horseman on the Roof, The (Hussard sur le toit, Le) (1995)",Drama|Romance,11876.0,652
716,Switchblade Sisters (1975),Crime,52633.0,653
717,Mouth to Mouth (Boca a boca) (1995),Comedy,62364.0,654
718,"Visitors, The (Visiteurs, Les) (1993)",Comedy|Fantasy|Sci-Fi,11687.0,655
719,Multiplicity (1996),Comedy,9304.0,656
720,Wallace & Gromit: The Best of Aardman Animation (1996),Adventure|Animation|Comedy,503475.0,657
722,"Haunted World of Edward D. Wood Jr., The (1996)",Documentary,73183.0,658
724,"Craft, The (1996)",Drama|Fantasy|Horror|Thriller,9100.0,659
725,"Great White Hype, The (1996)",Comedy,20759.0,660
726,Last Dance (1996),Drama,46063.0,661
728,Cold Comfort Farm (1995),Comedy,32513.0,662
729,"Institute Benjamenta, or This Dream People Call Human Life (1995)",Drama,40651.0,663
730,Low Life (1994),Drama,,664
731,Heaven's Prisoners (1996),Crime|Thriller,36915.0,665
732,Original Gangstas (1996),Crime,40507.0,666
733,"Rock, The (1996)",Action|Adventure|Thriller,9802.0,667
734,Getting Away With Murder (1996),Comedy,25697.0,668
735,Cemetery Man (Dellamorte Dellamore) (1994),Horror,21588.0,669
736,Twister (1996),Action|Adventure|Romance|Thriller,664.0,670
737,Barb Wire (1996),Action|Sci-Fi,11867.0,671
741,Ghost in the Shell (Kôkaku kidôtai) (1995),Animation|Sci-Fi,9323.0,672
742,Thinner (1996),Horror|Thriller,10280.0,673
743,Spy Hard (1996),Comedy,10535.0,674
745,Wallace & Gromit: A Close Shave (1995),Animation|Children|Comedy,532.0,675
746,Force of Evil (1948),Film-Noir,26744.0,676
747,"Stupids, The (1996)",Comedy,16299.0,677
748,"Arrival, The (1996)",Action|Sci-Fi|Thriller,10547.0,678
750,Dr. Strangelove or: How I Learned to Stop Worrying and Love the Bomb (1964),Comedy|War,935.0,679
751,Careful (1992),Comedy|Horror,55613.0,680
753,"Month by the Lake, A (1995)",Comedy|Drama|Romance,41007.0,681
754,Gold Diggers: The Secret of Bear Mountain (1995),Adventure|Children,35645.0,682
755,Kim (1950),Children|Drama,110465.0,683
756,Carmen Miranda: Bananas Is My Business (1994),Documentary,255546.0,684
757,Ashes of Time (Dung che sai duk) (1994),Drama,40751.0,685
759,Maya Lin: A Strong Clear Vision (1994),Documentary,85778.0,686
760,Stalingrad (1993),Drama|War,11101.0,687
761,"Phantom, The (1996)",Action|Adventure,9826.0,688
762,Striptease (1996),Comedy|Crime,9879.0,689
763,"Last of the High Kings, The (a.k.a. Summer Fling) (1996)",Comedy|Drama,63564.0,690
764,Heavy (1995),Drama|Romance,22621.0,691
765,Jack (1996),Comedy|Drama,7095.0,692
766,I Shot Andy Warhol (1996),Drama,26890.0,693
767,"Grass Harp, The (1995)",Comedy|Drama,46732.0,694
769,Marlene Dietrich: Shadow and Light (1996),Documentary,581579.0,695
771,"Life Is Rosy (a.k.a. Life Is Beautiful) (Vie est belle, La) (1987)",Comedy|Drama,202425.0,696
775,Spirits of the Dead (1968),Horror|Mystery,41225.0,697
778,Trainspotting (1996),Comedy|Crime|Drama,627.0,698
779,'Til There Was You (1997),Drama|Romance,32872.0,699
780,Independence Day (a.k.a. ID4) (1996),Action|Adventure|Sci-Fi|Thriller,602.0,700
781,Stealing Beauty (1996),Drama,14553.0,701
782,"Fan, The (1996)",Drama|Thriller,9566.0,702
783,"Hunchback of Notre Dame, The (1996)",Animation|Children|Drama|Musical|Romance,10545.0,703
784,"Cable Guy, The (1996)",Comedy|Thriller,9894.0,704
785,Kingpin (1996),Comedy,11543.0,705
786,Eraser (1996),Action|Drama|Thriller,9268.0,706
787,"Gate of Heavenly Peace, The (1995)",Documentary,52059.0,707
788,"Nutty Professor, The (1996)",Comedy|Fantasy|Romance|Sci-Fi,9327.0,708
790,"Unforgettable Summer, An (Un été inoubliable) (1994)",Drama,81949.0,709
791,"Last Klezmer: Leopold Kozlowski, His Life and Music, The (1994)",Documentary,,710
793,My Life and Times With Antonin Artaud (En compagnie d'Antonin Artaud) (1993),Drama,124306.0,711
794,Midnight Dancers (Sibak) (1994),Comedy|Drama,183955.0,712
795,Somebody to Love (1994),Drama,44535.0,713
797,"Old Lady Who Walked in the Sea, The (Vieille qui marchait dans la mer, La) (1991)",Comedy,78285.0,714
798,Daylight (1996),Action|Adventure|Drama|Thriller,11228.0,715
799,"Frighteners, The (1996)",Comedy|Horror|Thriller,10779.0,716
800,Lone Star (1996),Drama|Mystery|Western,26748.0,717
801,Harriet the Spy (1996),Children|Comedy,38223.0,718
802,Phenomenon (1996),Drama|Romance,9294.0,719
803,Walking and Talking (1996),Comedy|Drama|Romance,49963.0,720
804,She's the One (1996),Comedy|Romance,11363.0,721
805,"Time to Kill, A (1996)",Drama|Thriller,1645.0,722
806,American Buffalo (1996),Crime|Drama,31546.0,723
807,"Rendezvous in Paris (Rendez-vous de Paris, Les) (1995)",Comedy|Romance,77056.0,724
808,Alaska (1996),Adventure|Children,36344.0,725
809,Fled (1996),Action|Adventure,18550.0,726
810,Kazaam (1996),Children|Comedy|Fantasy,11511.0,727
813,Larger Than Life (1996),Comedy,34170.0,728
816,Two Deaths (1995),Drama,124645.0,729
818,"Very Brady Sequel, A (1996)",Comedy,12606.0,730
819,Stefano Quantestorie (1993),Comedy|Drama,69895.0,731
820,"Death in the Garden (Mort en ce jardin, La) (1956)",Drama,35206.0,732
823,"Collector, The (La collectionneuse) (1967)",Drama,4837.0,733
824,Kaspar Hauser (1993),Drama|Mystery,12632.0,734
827,"Convent, The (O Convento) (1995)",Drama,124614.0,735
828,"Adventures of Pinocchio, The (1996)",Adventure|Children,18975.0,736
829,Joe's Apartment (1996),Comedy|Fantasy|Musical,11962.0,737
830,"First Wives Club, The (1996)",Comedy,2925.0,738
831,Stonewall (1995),Drama,28628.0,739
832,Ransom (1996),Crime|Thriller,3595.0,740
833,High School High (1996),Comedy,9308.0,741
834,Phat Beach (1996),Comedy,92381.0,742
835,Foxfire (1996),Drama,18555.0,743
836,Chain Reaction (1996),Action|Adventure|Thriller,12123.0,744
837,Matilda (1996),Children|Comedy|Fantasy,10830.0,745
838,Emma (1996),Comedy|Drama|Romance,3573.0,746
839,"Crow: City of Angels, The (1996)",Action|Thriller,10546.0,747
840,House Arrest (1996),Children|Comedy,18862.0,748
841,"Eyes Without a Face (Yeux sans visage, Les) (1959)",Horror,31417.0,749
842,Tales from the Crypt Presents: Bordello of Blood (1996),Comedy|Horror,9431.0,750
843,Lotto Land (1995),Drama,124619.0,751
844,"Story of Xinghua, The (Xinghua san yue tian) (1994)",Drama,297645.0,752
845,"Day the Sun Turned Cold, The (Tianguo niezi) (1994)",Drama,48144.0,753
846,Flirt (1995),Drama,46986.0,754
847,"Big Squeeze, The (1996)",Comedy|Drama,144982.0,755
848,"Spitfire Grill, The (1996)",Drama,47907.0,756
849,Escape from L.A. (1996),Action|Adventure|Sci-Fi|Thriller,10061.0,757
850,Cyclo (Xich lo) (1995),Crime|Drama,36266.0,758
851,Basquiat (1996),Drama,549.0,759
852,Tin Cup (1996),Comedy|Drama|Romance,10478.0,760
853,Dingo (1991),Drama,66634.0,761
854,"Ballad of Narayama, The (Narayama Bushiko) (1958)",Drama,116690.0,762
856,Mille bolle blu (1993),Comedy,145925.0,763
858,"Godfather, The (1972)",Crime|Drama,238.0,764
860,"Maybe, Maybe Not (Bewegte Mann, Der) (1994)",Comedy,159.0,765
861,Supercop (Police Story 3: Supercop) (Jing cha gu shi III: Chao ji jing cha) (1992),Action|Comedy|Crime|Thriller,11134.0,766
862,Manny & Lo (1996),Drama,88224.0,767
864,"Wife, The (1995)",Comedy|Drama,132641.0,768
865,Small Faces (1996),Drama,42758.0,769
866,Bound (1996),Crime|Drama|Romance|Thriller,9303.0,770
867,Carpool (1996),Comedy|Crime,23945.0,771
868,Death in Brunswick (1991),Comedy,37820.0,772
869,Kansas City (1996),Crime|Drama|Musical|Thriller,22479.0,773
870,Gone Fishin' (1997),Comedy,9054.0,774
871,Lover's Knot (1996),Comedy,241058.0,775
872,Vive L'Amour (Ai qing wan sui) (1994),Drama,11985.0,776
874,Killer: A Journal of Murder (1995),Crime|Drama,59569.0,777
875,Nothing to Lose (1994),Action|Crime|Drama,410921.0,778
876,Supercop 2 (Project S) (Chao ji ji hua) (1993),Action|Comedy|Crime|Thriller,38955.0,779
877,Girls Town (1996),Comedy|Drama,110513.0,780
879,"Relic, The (1997)",Horror|Thriller,11015.0,781
880,"Island of Dr. Moreau, The (1996)",Sci-Fi|Thriller,9306.0,782
881,First Kid (1996),Children|Comedy,12559.0,783
882,"Trigger Effect, The (1996)",Drama|Thriller,58770.0,784
885,Bogus (1996),Children|Drama|Fantasy,3587.0,785
886,Bulletproof (1996),Action|Comedy|Crime,10723.0,786
889,1-900 (06) (1994),Drama|Romance,101230.0,787
891,Halloween: The Curse of Michael Myers (Halloween 6: The Curse of Michael Myers) (1995),Horror|Thriller,10987.0,788
892,Twelfth Night (1996),Comedy|Drama|Romance,44705.0,789
893,Mother Night (1996),Drama,20318.0,790
895,Venice/Venice (1992),Drama,79782.0,791
896,Wild Reeds (Les roseaux sauvages) (1994),Drama,26933.0,792
897,For Whom the Bell Tolls (1943),Adventure|Drama|Romance|War,27854.0,793
898,"Philadelphia Story, The (1940)",Comedy|Drama|Romance,981.0,794
899,Singin' in the Rain (1952),Comedy|Musical|Romance,872.0,795
900,"American in Paris, An (1951)",Musical|Romance,2769.0,796
901,Funny Face (1957),Comedy|Musical,13320.0,797
902,Breakfast at Tiffany's (1961),Drama|Romance,164.0,798
903,Vertigo (1958),Drama|Mystery|Romance|Thriller,426.0,799
904,Rear Window (1954),Mystery|Thriller,567.0,800
905,It Happened One Night (1934),Comedy|Romance,3078.0,801
906,Gaslight (1944),Drama|Thriller,13528.0,802
907,"Gay Divorcee, The (1934)",Comedy|Musical|Romance,28288.0,803
908,North by Northwest (1959),Action|Adventure|Mystery|Romance|Thriller,213.0,804
909,"Apartment, The (1960)",Comedy|Drama|Romance,284.0,805
910,Some Like It Hot (1959),Comedy|Crime,239.0,806
911,Charade (1963),Comedy|Crime|Mystery|Romance|Thriller,4808.0,807
912,Casablanca (1942),Drama|Romance,289.0,808
913,"Maltese Falcon, The (1941)",Film-Noir|Mystery,963.0,809
914,My Fair Lady (1964),Comedy|Drama|Musical|Romance,11113.0,810
915,Sabrina (1954),Comedy|Romance,6620.0,811
916,Roman Holiday (1953),Comedy|Drama|Romance,804.0,812
917,"Little Princess, The (1939)",Children|Drama,26531.0,813
918,Meet Me in St. Louis (1944),Musical,909.0,814
919,"Wizard of Oz, The (1939)",Adventure|Children|Fantasy|Musical,630.0,815
920,Gone with the Wind (1939),Drama|Romance|War,770.0,816
921,My Favorite Year (1982),Comedy,31044.0,817
922,Sunset Blvd. (a.k.a. Sunset Boulevard) (1950),Drama|Film-Noir|Romance,599.0,818
923,Citizen Kane (1941),Drama|Mystery,15.0,819
924,2001: A Space Odyssey (1968),Adventure|Drama|Sci-Fi,62.0,820
925,Golden Earrings (1947),Adventure|Romance|War,121357.0,821
926,All About Eve (1950),Drama,705.0,822
927,"Women, The (1939)",Comedy,22490.0,823
928,Rebecca (1940),Drama|Mystery|Romance|Thriller,223.0,824
929,Foreign Correspondent (1940),Drama|Film-Noir|Mystery|Thriller,25670.0,825
930,Notorious (1946),Film-Noir|Romance|Thriller,303.0,826
931,Spellbound (1945),Mystery|Romance|Thriller,4174.0,827
932,"Affair to Remember, An (1957)",Drama|Romance,8356.0,828
933,To Catch a Thief (1955),Crime|Mystery|Romance|Thriller,381.0,829
934,Father of the Bride (1950),Comedy,20758.0,830
935,"Band Wagon, The (1953)",Comedy|Musical,29376.0,831
936,Ninotchka (1939),Comedy|Romance,1859.0,832
937,Love in the Afternoon (1957),Comedy|Romance,18299.0,833
938,Gigi (1958),Musical,17281.0,834
939,"Reluctant Debutante, The (1958)",Comedy|Drama,64382.0,835
940,"Adventures of Robin Hood, The (1938)",Action|Adventure|Romance,10907.0,836
941,"Mark of Zorro, The (1940)",Adventure,32093.0,837
942,Laura (1944),Crime|Film-Noir|Mystery,1939.0,838
943,"Ghost and Mrs. Muir, The (1947)",Drama|Fantasy|Romance,22292.0,839
944,Lost Horizon (1937),Drama,3598.0,840
945,Top Hat (1935),Comedy|Musical|Romance,3080.0,841
946,To Be or Not to Be (1942),Comedy|Drama|War,198.0,842
947,My Man Godfrey (1936),Comedy|Romance,13562.0,843
948,Giant (1956),Drama|Romance|Western,1712.0,844
949,East of Eden (1955),Drama,220.0,845
950,"Thin Man, The (1934)",Comedy|Crime,3529.0,846
951,His Girl Friday (1940),Comedy|Romance,3085.0,847
952,Around the World in 80 Days (1956),Adventure|Comedy,2897.0,848
953,It's a Wonderful Life (1946),Children|Drama|Fantasy|Romance,1585.0,849
954,Mr. Smith Goes to Washington (1939),Drama,3083.0,850
955,Bringing Up Baby (1938),Comedy|Romance,900.0,851
956,Penny Serenade (1941),Drama|Romance,43795.0,852
957,"Scarlet Letter, The (1926)",Drama,85638.0,853
958,Lady of Burlesque (1943),Comedy|Mystery,50001.0,854
959,Of Human Bondage (1934),Drama,43905.0,855
960,Angel on My Shoulder (1946),Crime|Drama,22688.0,856
961,Little Lord Fauntleroy (1936),Drama,23114.0,857
962,They Made Me a Criminal (1939),Crime|Drama,26378.0,858
963,"Inspector General, The (1949)",Musical,40206.0,859
964,Angel and the Badman (1947),Romance|Western,22356.0,860
965,"39 Steps, The (1935)",Drama|Mystery|Thriller,260.0,861
966,A Walk in the Sun (1945),Drama|War,43488.0,862
967,"Outlaw, The (1943)",Western,22613.0,863
968,Night of the Living Dead (1968),Horror|Sci-Fi|Thriller,10331.0,864
969,"African Queen, The (1951)",Adventure|Comedy|Romance|War,488.0,865
970,Beat the Devil (1953),Adventure|Comedy|Crime|Drama|Romance,22733.0,866
971,Cat on a Hot Tin Roof (1958),Drama,261.0,867
972,"Last Time I Saw Paris, The (1954)",Drama,57575.0,868
973,Meet John Doe (1941),Comedy|Drama,32574.0,869
974,Algiers (1938),Drama|Romance,22657.0,870
976,"Farewell to Arms, A (1932)",Romance|War,22649.0,871
980,"Yes, Madam (a.k.a. Police Assassins) (a.k.a. In the Line of Duty 2) (Huang gu shi jie) (1985)",Action,39448.0,872
981,Dangerous Ground (1997),Drama,52855.0,873
982,Picnic (1955),Drama,39940.0,874
984,"Pompatus of Love, The (1996)",Comedy|Drama,85328.0,875
985,Small Wonders (1995),Documentary,124632.0,876
986,Fly Away Home (1996),Adventure|Children,11076.0,877
987,Bliss (1997),Drama|Romance,63945.0,878
988,Grace of My Heart (1996),Comedy|Drama,58985.0,879
989,Brother of Sleep (Schlafes Bruder) (1995),Drama,890.0,880
990,Maximum Risk (1996),Action|Adventure|Thriller,10861.0,881
991,Michael Collins (1996),Drama,1770.0,882
992,"Rich Man's Wife, The (1996)",Thriller,44465.0,883
993,Infinity (1996),Drama,2033.0,884
994,Big Night (1996),Comedy|Drama,18203.0,885
996,Last Man Standing (1996),Action|Crime|Drama|Thriller,9333.0,886
997,Caught (1996),Drama|Thriller,47260.0,887
998,Set It Off (1996),Action|Crime,9400.0,888
999,2 Days in the Valley (1996),Crime|Film-Noir,9401.0,889
1000,Curdled (1996),Crime,12241.0,890
1002,Ed's Next Move (1996),Comedy|Romance,161806.0,891
1003,Extreme Measures (1996),Drama|Thriller,11306.0,892
1004,"Glimmer Man, The (1996)",Action|Thriller,9625.0,893
1005,D3: The Mighty Ducks (1996),Children|Comedy,10680.0,894
1006,"Chamber, The (1996)",Drama,6346.0,895
1007,"Apple Dumpling Gang, The (1975)",Children|Comedy|Western,18660.0,896
1008,"Davy Crockett, King of the Wild Frontier (1955)",Adventure|Western,35115.0,897
1009,Escape to Witch Mountain (1975),Adventure|Children|Fantasy,14821.0,898
1010,"Love Bug, The (1969)",Children|Comedy,14136.0,899
1011,Herbie Rides Again (1974),Children|Comedy|Fantasy|Romance,10869.0,900
1012,Old Yeller (1957),Children|Drama,22660.0,901
1013,"Parent Trap, The (1961)",Children|Comedy|Romance,19186.0,902
1014,Pollyanna (1960),Children|Comedy|Drama,31102.0,903
1015,Homeward Bound: The Incredible Journey (1993),Adventure|Children|Drama,6878.0,904
1016,"Shaggy Dog, The (1959)",Children|Comedy,15944.0,905
1017,Swiss Family Robinson (1960),Adventure|Children,18444.0,906
1018,That Darn Cat! (1965),Children|Comedy|Mystery,20723.0,907
1019,"20,000 Leagues Under the Sea (1954)",Adventure|Drama|Sci-Fi,173.0,908
1020,Cool Runnings (1993),Comedy,864.0,909
1021,Angels in the Outfield (1994),Children|Comedy,24795.0,910
1022,Cinderella (1950),Animation|Children|Fantasy|Musical|Romance,11224.0,911
1023,Winnie the Pooh and the Blustery Day (1968),Animation|Children|Musical,81310.0,912
1024,"Three Caballeros, The (1945)",Animation|Children|Musical,15947.0,913
1025,"Sword in the Stone, The (1963)",Animation|Children|Fantasy|Musical,9078.0,914
1026,So Dear to My Heart (1949),Children|Drama,29682.0,915
1027,Robin Hood: Prince of Thieves (1991),Adventure|Drama,8367.0,916
1028,Mary Poppins (1964),Children|Comedy|Fantasy|Musical,433.0,917
1029,Dumbo (1941),Animation|Children|Drama|Musical,11360.0,918
1030,Pete's Dragon (1977),Adventure|Animation|Children|Musical,11114.0,919
1031,Bedknobs and Broomsticks (1971),Adventure|Children|Musical,12335.0,920
1032,Alice in Wonderland (1951),Adventure|Animation|Children|Fantasy|Musical,12092.0,921
1033,"Fox and the Hound, The (1981)",Animation|Children|Drama,10948.0,922
1034,Freeway (1996),Comedy|Crime|Drama|Thriller,11229.0,923
1035,"Sound of Music, The (1965)",Musical|Romance,15121.0,924
1036,Die Hard (1988),Action|Crime|Thriller,562.0,925
1037,"Lawnmower Man, The (1992)",Action|Horror|Sci-Fi|Thriller,10163.0,926
1038,Unhook the Stars (1996),Drama,48862.0,927
1039,Synthetic Pleasures (1995),Documentary,117036.0,928
1040,"Secret Agent, The (1996)",Drama,47199.0,929
1041,Secrets & Lies (1996),Drama,11159.0,930
1042,That Thing You Do! (1996),Comedy|Drama,9591.0,931
1043,To Gillian on Her 37th Birthday (1996),Drama|Romance,30500.0,932
1044,Surviving Picasso (1996),Drama,41843.0,933
1046,Beautiful Thing (1996),Drama|Romance,10938.0,934
1047,"Long Kiss Goodnight, The (1996)",Action|Drama|Thriller,11412.0,935
1049,"Ghost and the Darkness, The (1996)",Action|Adventure,10586.0,936
1050,Looking for Richard (1996),Documentary|Drama,42314.0,937
1051,Trees Lounge (1996),Drama,27845.0,938
1053,Normal Life (1996),Crime|Drama|Romance,23223.0,939
1054,Get on the Bus (1996),Drama,49471.0,940
1055,Shadow Conspiracy (1997),Thriller,38153.0,941
1056,Jude (1996),Drama,25147.0,942
1057,Everyone Says I Love You (1996),Comedy|Musical|Romance,9716.0,943
1058,Bitter Sugar (Azúcar amarga) (1996),Drama,43777.0,944
1059,William Shakespeare's Romeo + Juliet (1996),Drama|Romance,454.0,945
1060,Swingers (1996),Comedy|Drama,10218.0,946
1061,Sleepers (1996),Thriller,819.0,947
1062,"Sunchaser, The (1996)",Drama,38191.0,948
1063,Johns (1996),Drama,56830.0,949
1066,Shall We Dance (1937),Comedy|Musical|Romance,31530.0,950
1067,"Damsel in Distress, A (1937)",Comedy|Musical|Romance,66473.0,951
1068,Crossfire (1947),Crime|Film-Noir,28120.0,952
1069,"Murder, My Sweet (1944)",Crime|Film-Noir|Thriller,1834.0,953
1070,Macao (1952),Adventure,26282.0,954
1073,Willy Wonka & the Chocolate Factory (1971),Children|Comedy|Fantasy|Musical,252.0,955
1075,"Sexual Life of the Belgians, The (Vie sexuelle des Belges 1950-1978, La) (1994)",Comedy|Romance,116356.0,956
1076,"Innocents, The (1961)",Drama|Horror|Thriller,16372.0,957
1077,Sleeper (1973),Comedy|Sci-Fi,11561.0,958
1078,Bananas (1971),Comedy|War,11302.0,959
1079,"Fish Called Wanda, A (1988)",Comedy|Crime,623.0,960
1080,Monty Python's Life of Brian (1979),Comedy,583.0,961
1081,Victor/Victoria (1982),Comedy|Musical|Romance,12614.0,962
1082,"Candidate, The (1972)",Drama,21711.0,963
1083,"Great Race, The (1965)",Comedy|Musical,11575.0,964
1084,Bonnie and Clyde (1967),Crime|Drama,475.0,965
1085,"Old Man and the Sea, The (1958)",Adventure|Drama,11331.0,966
1086,Dial M for Murder (1954),Crime|Mystery|Thriller,521.0,967
1087,Madame Butterfly (1995),Musical,21202.0,968
1088,Dirty Dancing (1987),Drama|Musical|Romance,88.0,969
1089,Reservoir Dogs (1992),Crime|Mystery|Thriller,500.0,970
1090,Platoon (1986),Drama|War,792.0,971
1091,Weekend at Bernie's (1989),Comedy,8491.0,972
1092,Basic Instinct (1992),Crime|Mystery|Thriller,402.0,973
1093,"Doors, The (1991)",Drama,10537.0,974
1094,"Crying Game, The (1992)",Drama|Romance|Thriller,11386.0,975
1095,Glengarry Glen Ross (1992),Drama,9504.0,976
1096,Sophie's Choice (1982),Drama,15764.0,977
1097,E.T. the Extra-Terrestrial (1982),Children|Drama|Sci-Fi,601.0,978
1098,"Search for One-eye Jimmy, The (1996)",Comedy,67365.0,979
1099,"Christmas Carol, A (1938)",Children|Drama|Fantasy,25842.0,980
1100,Days of Thunder (1990),Action|Drama|Romance,2119.0,981
1101,Top Gun (1986),Action|Romance,744.0,982
1102,American Strays (1996),Action,136311.0,983
1103,Rebel Without a Cause (1955),Drama,221.0,984
1104,"Streetcar Named Desire, A (1951)",Drama,702.0,985
1105,Children of the Corn IV: The Gathering (1996),Horror,25750.0,986
1107,Loser (1991),Comedy,,987
1111,Microcosmos (Microcosmos: Le peuple de l'herbe) (1996),Documentary,9305.0,988
1112,Palookaville (1996),Action|Comedy|Drama,37616.0,989
1113,"Associate, The (1996)",Comedy,11112.0,990
1114,"Funeral, The (1996)",Crime|Drama,21612.0,991
1116,"Single Girl, A (Fille seule, La) (1995)",Drama,102461.0,992
1117,"Eighth Day, The (Huitième jour, Le) (1996)",Drama,36998.0,993
1119,Drunks (1995),Drama,116844.0,994
1120,"People vs. Larry Flynt, The (1996)",Comedy|Drama,1630.0,995
1121,Glory Daze (1995),Drama,26626.0,996
1123,"Perfect Candidate, A (1996)",Documentary,124837.0,997
1124,On Golden Pond (1981),Drama,11816.0,998
1125,"Return of the Pink Panther, The (1975)",Comedy|Crime,11843.0,999
1126,Drop Dead Fred (1991),Comedy|Fantasy,10379.0,1000
1127,"Abyss, The (1989)",Action|Adventure|Sci-Fi|Thriller,2756.0,1001
1128,"Fog, The (1980)",Horror,790.0,1002
1129,Escape from New York (1981),Action|Adventure|Sci-Fi|Thriller,1103.0,1003
1130,"Howling, The (1980)",Horror|Mystery,11298.0,1004
1131,Jean de Florette (1986),Drama|Mystery,4480.0,1005
1132,Manon of the Spring (Manon des sources) (1986),Drama,4481.0,1006
1133,Talking About Sex (1994),Comedy|Drama,575751.0,1007
1134,Johnny 100 Pesos (Johnny cien pesos) (1993),Action|Drama,49688.0,1008
1135,Private Benjamin (1980),Comedy,10765.0,1009
1136,Monty Python and the Holy Grail (1975),Adventure|Comedy|Fantasy,762.0,1010
1137,Hustler White (1996),Romance,44497.0,1011
1142,Get Over It (1996),Drama,,1012
1143,Three Lives and Only One Death (Trois vies & une seule mort) (1996),Comedy,55049.0,1013
1144,"Line King: The Al Hirschfeld Story, The (1996)",Documentary,124829.0,1014
1145,Snowriders (1996),Documentary,79306.0,1015
1147,When We Were Kings (1996),Documentary,10548.0,1016
1148,Wallace & Gromit: The Wrong Trousers (1993),Animation|Children|Comedy|Crime,531.0,1017
1149,JLG/JLG (JLG/JLG - autoportrait de décembre) (1994),Documentary|Drama,104931.0,1018
1150,"Return of Martin Guerre, The (Retour de Martin Guerre, Le) (1982)",Drama,4483.0,1019
1151,Lesson Faust (1994),Animation|Comedy|Drama|Fantasy,18919.0,1020
1152,He Walked by Night (1948),Crime|Film-Noir|Thriller,31556.0,1021
1153,Raw Deal (1948),Film-Noir,26167.0,1022
1154,T-Men (1947),Film-Noir,26174.0,1023
1161,"Tin Drum, The (Blechtrommel, Die) (1979)",Drama|War,659.0,1024
1162,"Ruling Class, The (1972)",Comedy|Drama,30892.0,1025
1163,Mina Tannenbaum (1994),Drama,86369.0,1026
1164,2 ou 3 choses que je sais d'elle (2 or 3 Things I Know About Her) (1967),Drama,8074.0,1027
1167,Dear God (1996),Comedy,38554.0,1028
1168,Bad Moon (1996),Action|Adventure|Horror,49763.0,1029
1169,American Dream (1990),Documentary,41326.0,1030
1170,Best of the Best 3: No Turning Back (1995),Action,36555.0,1031
1171,Bob Roberts (1992),Comedy,10608.0,1032
1172,Cinema Paradiso (Nuovo cinema Paradiso) (1989),Drama,11216.0,1033
1173,"Cook the Thief His Wife & Her Lover, The (1989)",Comedy|Drama,7452.0,1034
1174,Dead Tired (Grosse Fatigue) (1994),Comedy,64567.0,1035
1175,Delicatessen (1991),Comedy|Drama|Romance,892.0,1036
1176,"Double Life of Veronique, The (Double Vie de Véronique, La) (1991)",Drama|Fantasy|Romance,1600.0,1037
1177,Enchanted April (1992),Drama|Romance,26561.0,1038
1178,Paths of Glory (1957),Drama|War,975.0,1039
1179,"Grifters, The (1990)",Crime|Drama|Film-Noir,18129.0,1040
1180,Hear My Song (1991),Comedy,54405.0,1041
1181,"Shooter, The (1997)",Western,150823.0,1042
1183,"English Patient, The (1996)",Drama|Romance|War,409.0,1043
1184,Mediterraneo (1991),Comedy|Drama,38251.0,1044
1185,My Left Foot (1989),Drama,10161.0,1045
1186,"Sex, Lies, and Videotape (1989)",Drama,1412.0,1046
1187,Passion Fish (1992),Drama,41768.0,1047
1188,Strictly Ballroom (1992),Comedy|Romance,10409.0,1048
1189,"Thin Blue Line, The (1988)",Documentary,14285.0,1049
1190,Tie Me Up! Tie Me Down! (¡Átame!) (1990),Crime|Drama|Romance,2469.0,1050
1191,Madonna: Truth or Dare (1991),Documentary|Musical,10174.0,1051
1192,Paris Is Burning (1990),Documentary,31225.0,1052
1193,One Flew Over the Cuckoo's Nest (1975),Drama,510.0,1053
1194,Cheech and Chong's Up in Smoke (1978),Comedy,11455.0,1054
1196,Star Wars: Episode V - The Empire Strikes Back (1980),Action|Adventure|Sci-Fi,1891.0,1055
1197,"Princess Bride, The (1987)",Action|Adventure|Comedy|Fantasy|Romance,2493.0,1056
1198,Raiders of the Lost Ark (Indiana Jones and the Raiders of the Lost Ark) (1981),Action|Adventure,85.0,1057
1199,Brazil (1985),Fantasy|Sci-Fi,68.0,1058
1200,Aliens (1986),Action|Adventure|Horror|Sci-Fi,679.0,1059
1201,"Good, the Bad and the Ugly, The (Buono, il brutto, il cattivo, Il) (1966)",Action|Adventure|Western,429.0,1060
1202,Withnail & I (1987),Comedy,13446.0,1061
1203,12 Angry Men (1957),Drama,389.0,1062
1204,Lawrence of Arabia (1962),Adventure|Drama|War,947.0,1063
1206,"Clockwork Orange, A (1971)",Crime|Drama|Sci-Fi|Thriller,185.0,1064
1207,To Kill a Mockingbird (1962),Drama,595.0,1065
1208,Apocalypse Now (1979),Action|Drama|War,28.0,1066
1209,Once Upon a Time in the West (C'era una volta il West) (1968),Action|Drama|Western,335.0,1067
1210,Star Wars: Episode VI - Return of the Jedi (1983),Action|Adventure|Sci-Fi,1892.0,1068
1211,"Wings of Desire (Himmel über Berlin, Der) (1987)",Drama|Fantasy|Romance,144.0,1069
1212,"Third Man, The (1949)",Film-Noir|Mystery|Thriller,1092.0,1070
1213,Goodfellas (1990),Crime|Drama,769.0,1071
1214,Alien (1979),Horror|Sci-Fi,348.0,1072
1215,Army of Darkness (1993),Action|Adventure|Comedy|Fantasy|Horror,766.0,1073
1216,"Big Blue, The (Grand bleu, Le) (1988)",Adventure|Drama|Romance,175.0,1074
1217,Ran (1985),Drama|War,11645.0,1075
1218,"Killer, The (Die xue shuang xiong) (1989)",Action|Crime|Drama|Thriller,10835.0,1076
1219,Psycho (1960),Crime|Horror,539.0,1077
1220,"Blues Brothers, The (1980)",Action|Comedy|Musical,525.0,1078
1221,"Godfather: Part II, The (1974)",Crime|Drama,240.0,1079
1222,Full Metal Jacket (1987),Drama|War,600.0,1080
1223,"Grand Day Out with Wallace and Gromit, A (1989)",Adventure|Animation|Children|Comedy|Sci-Fi,530.0,1081
1224,Henry V (1989),Action|Drama|Romance|War,10705.0,1082
1225,Amadeus (1984),Drama,279.0,1083
1226,"Quiet Man, The (1952)",Drama|Romance,3109.0,1084
1227,Once Upon a Time in America (1984),Crime|Drama,311.0,1085
1228,Raging Bull (1980),Drama,1578.0,1086
1230,Annie Hall (1977),Comedy|Romance,703.0,1087
1231,"Right Stuff, The (1983)",Drama,9549.0,1088
1232,Stalker (1979),Drama|Mystery|Sci-Fi,1398.0,1089
1233,"Boot, Das (Boat, The) (1981)",Action|Drama|War,387.0,1090
1234,"Sting, The (1973)",Comedy|Crime,9277.0,1091
1235,Harold and Maude (1971),Comedy|Drama|Romance,343.0,1092
1236,Trust (1990),Comedy|Drama|Romance,37291.0,1093
1237,"Seventh Seal, The (Sjunde inseglet, Det) (1957)",Drama,490.0,1094
1238,Local Hero (1983),Comedy,11235.0,1095
1240,"Terminator, The (1984)",Action|Sci-Fi|Thriller,218.0,1096
1241,Dead Alive (Braindead) (1992),Comedy|Fantasy|Horror,763.0,1097
1242,Glory (1989),Drama|War,9665.0,1098
1243,Rosencrantz and Guildenstern Are Dead (1990),Comedy|Drama,18971.0,1099
1244,Manhattan (1979),Comedy|Drama|Romance,696.0,1100
1245,Miller's Crossing (1990),Crime|Drama|Film-Noir|Thriller,379.0,1101
1246,Dead Poets Society (1989),Drama,207.0,1102
1247,"Graduate, The (1967)",Comedy|Drama|Romance,37247.0,1103
1248,Touch of Evil (1958),Crime|Film-Noir|Thriller,1480.0,1104
1249,"Femme Nikita, La (Nikita) (1990)",Action|Crime|Romance|Thriller,9322.0,1105
1250,"Bridge on the River Kwai, The (1957)",Adventure|Drama|War,826.0,1106
1251,8 1/2 (8½) (1963),Drama|Fantasy,422.0,1107
1252,Chinatown (1974),Crime|Film-Noir|Mystery|Thriller,829.0,1108
1253,"Day the Earth Stood Still, The (1951)",Drama|Sci-Fi|Thriller,828.0,1109
1254,"Treasure of the Sierra Madre, The (1948)",Action|Adventure|Drama|Western,3090.0,1110
1255,Bad Taste (1987),Comedy|Horror|Sci-Fi,9964.0,1111
1256,Duck Soup (1933),Comedy|Musical|War,3063.0,1112
1257,Better Off Dead... (1985),Comedy|Romance,13667.0,1113
1258,"Shining, The (1980)",Horror,694.0,1114
1259,Stand by Me (1986),Adventure|Drama,235.0,1115
1260,M (1931),Crime|Film-Noir|Thriller,832.0,1116
1261,Evil Dead II (Dead by Dawn) (1987),Action|Comedy|Fantasy|Horror,765.0,1117
1262,"Great Escape, The (1963)",Action|Adventure|Drama|War,5925.0,1118
1263,"Deer Hunter, The (1978)",Drama|War,11778.0,1119
1264,Diva (1981),Action|Drama|Mystery|Romance|Thriller,4485.0,1120
1265,Groundhog Day (1993),Comedy|Fantasy|Romance,137.0,1121
1266,Unforgiven (1992),Drama|Western,33.0,1122
1267,"Manchurian Candidate, The (1962)",Crime|Thriller|War,982.0,1123
1268,Pump Up the Volume (1990),Comedy|Drama,8428.0,1124
1269,Arsenic and Old Lace (1944),Comedy|Mystery|Thriller,212.0,1125
1270,Back to the Future (1985),Adventure|Comedy|Sci-Fi,105.0,1126
1271,Fried Green Tomatoes (1991),Comedy|Crime|Drama,1633.0,1127
1272,Patton (1970),Drama|War,11202.0,1128
1273,Down by Law (1986),Comedy|Drama|Film-Noir,1554.0,1129
1274,Akira (1988),Action|Adventure|Animation|Sci-Fi,149.0,1130
1275,Highlander (1986),Action|Adventure|Fantasy,8009.0,1131
1276,Cool Hand Luke (1967),Drama,903.0,1132
1277,Cyrano de Bergerac (1990),Comedy|Drama|Romance,11673.0,1133
1278,Young Frankenstein (1974),Comedy|Fantasy,3034.0,1134
1279,Night on Earth (1991),Comedy|Drama,339.0,1135
1280,Raise the Red Lantern (Da hong deng long gao gao gua) (1991),Drama,10404.0,1136
1281,"Great Dictator, The (1940)",Comedy|Drama|War,914.0,1137
1282,Fantasia (1940),Animation|Children|Fantasy|Musical,756.0,1138
1283,High Noon (1952),Drama|Western,288.0,1139
1284,"Big Sleep, The (1946)",Crime|Film-Noir|Mystery,910.0,1140
1285,Heathers (1989),Comedy,2640.0,1141
1286,Somewhere in Time (1980),Drama|Romance,16633.0,1142
1287,Ben-Hur (1959),Action|Adventure|Drama,665.0,1143
1288,This Is Spinal Tap (1984),Comedy,11031.0,1144
1289,Koyaanisqatsi (a.k.a. Koyaanisqatsi: Life Out of Balance) (1983),Documentary,11314.0,1145
1290,Some Kind of Wonderful (1987),Drama|Romance,15143.0,1146
1291,Indiana Jones and the Last Crusade (1989),Action|Adventure,89.0,1147
1292,Being There (1979),Comedy|Drama,10322.0,1148
1293,Gandhi (1982),Drama,783.0,1149
1295,"Unbearable Lightness of Being, The (1988)",Drama,10644.0,1150
1296,"Room with a View, A (1986)",Drama|Romance,11257.0,1151
1297,Real Genius (1985),Comedy,14370.0,1152
1298,Pink Floyd: The Wall (1982),Drama|Musical,12104.0,1153
1299,"Killing Fields, The (1984)",Drama|War,625.0,1154
1300,My Life as a Dog (Mitt liv som hund) (1985),Comedy|Drama,8816.0,1155
1301,Forbidden Planet (1956),Drama|Sci-Fi,830.0,1156
1302,Field of Dreams (1989),Children|Drama|Fantasy,2323.0,1157
1303,"Man Who Would Be King, The (1975)",Adventure|Drama,983.0,1158
1304,Butch Cassidy and the Sundance Kid (1969),Action|Western,642.0,1159
1305,"Paris, Texas (1984)",Drama|Romance,655.0,1160
1306,Until the End of the World (Bis ans Ende der Welt) (1991),Adventure|Drama|Sci-Fi,10341.0,1161
1307,When Harry Met Sally... (1989),Comedy|Romance,639.0,1162
1310,Hype! (1996),Documentary,30180.0,1163
1311,Santa with Muscles (1996),Comedy,31388.0,1164
1312,Female Perversions (1996),Drama,41801.0,1165
1313,Mad Dog Time (1996),Crime,66034.0,1166
1315,Paris Was a Woman (1995),Documentary,96288.0,1167
1317,I'm Not Rappaport (1996),Comedy,61536.0,1168
1318,Blue Juice (1995),Comedy|Drama,18762.0,1169
1320,Alien³ (a.k.a. Alien 3) (1992),Action|Horror|Sci-Fi|Thriller,8077.0,1170
1321,"American Werewolf in London, An (1981)",Comedy|Horror|Thriller,814.0,1171
1322,Amityville 1992: It's About Time (1992),Horror,41671.0,1172
1323,Amityville 3-D (1983),Horror,27214.0,1173
1324,Amityville: Dollhouse (1996),Horror,52263.0,1174
1325,Amityville: A New Generation (1993),Horror,33519.0,1175
1326,Amityville II: The Possession (1982),Horror,16235.0,1176
1327,"Amityville Horror, The (1979)",Drama|Horror|Mystery|Thriller,11449.0,1177
1328,"Amityville Curse, The (1990)",Horror,41848.0,1178
1329,Blood for Dracula (Andy Warhol's Dracula) (1974),Horror,25944.0,1179
1330,April Fool's Day (1986),Horror,24913.0,1180
1331,Audrey Rose (1977),Horror,49126.0,1181
1332,"Believers, The (1987)",Horror|Thriller,32076.0,1182
1333,"Birds, The (1963)",Horror|Thriller,571.0,1183
1334,"Blob, The (1958)",Horror|Sci-Fi,8851.0,1184
1335,Blood Beach (1981),Horror|Mystery,37843.0,1185
1336,Body Parts (1991),Horror|Thriller,32146.0,1186
1337,"Body Snatcher, The (1945)",Drama|Horror|Thriller,30346.0,1187
1339,Dracula (Bram Stoker's Dracula) (1992),Fantasy|Horror|Romance|Thriller,6114.0,1188
1340,"Bride of Frankenstein, The (Bride of Frankenstein) (1935)",Drama|Horror|Sci-Fi,229.0,1189
1341,Burnt Offerings (1976),Horror,13549.0,1190
1342,Candyman (1992),Horror|Thriller,9529.0,1191
1343,Cape Fear (1991),Thriller,1598.0,1192
1344,Cape Fear (1962),Crime|Drama|Thriller,11349.0,1193
1345,Carrie (1976),Drama|Fantasy|Horror|Thriller,7340.0,1194
1346,Cat People (1982),Drama|Fantasy|Horror,6217.0,1195
1347,"Nightmare on Elm Street, A (1984)",Horror|Thriller,377.0,1196
1348,"Nosferatu (Nosferatu, eine Symphonie des Grauens) (1922)",Horror,653.0,1197
1349,Vampire in Venice (Nosferatu a Venezia) (Nosferatu in Venice) (1986),Horror,28198.0,1198
1350,"Omen, The (1976)",Horror|Mystery|Thriller,794.0,1199
1351,Blood and Wine (Blood & Wine) (1996),Crime|Drama|Thriller,31640.0,1200
1352,Albino Alligator (1996),Crime|Thriller,8744.0,1201
1353,"Mirror Has Two Faces, The (1996)",Comedy|Drama|Romance,25189.0,1202
1354,Breaking the Waves (1996),Drama|Mystery,145.0,1203
1355,Nightwatch (1997),Horror|Thriller,2212.0,1204
1356,Star Trek: First Contact (1996),Action|Adventure|Sci-Fi|Thriller,199.0,1205
1357,Shine (1996),Drama|Romance,7863.0,1206
1358,Sling Blade (1996),Drama,12498.0,1207
1359,Jingle All the Way (1996),Children|Comedy,9279.0,1208
1360,Identification of a Woman (Identificazione di una donna) (1982),Drama,53234.0,1209
1361,Paradise Lost: The Child Murders at Robin Hood Hills (1996),Documentary,17204.0,1210
1363,"Preacher's Wife, The (1996)",Drama,21539.0,1211
1364,Zero Kelvin (Kjærlighetens kjøtere) (1995),Drama,85589.0,1212
1365,Ridicule (1996),Drama,12709.0,1213
1366,"Crucible, The (1996)",Drama,20539.0,1214
1367,101 Dalmatians (1996),Adventure|Children|Comedy,11674.0,1215
1369,I Can't Sleep (J'ai pas sommeil) (1994),Drama|Thriller,64900.0,1216
1370,Die Hard 2 (1990),Action|Adventure|Thriller,1573.0,1217
1371,Star Trek: The Motion Picture (1979),Adventure|Sci-Fi,152.0,1218
1372,Star Trek VI: The Undiscovered Country (1991),Action|Mystery|Sci-Fi,174.0,1219
1373,Star Trek V: The Final Frontier (1989),Action|Sci-Fi,172.0,1220
1374,Star Trek II: The Wrath of Khan (1982),Action|Adventure|Sci-Fi|Thriller,154.0,1221
1375,Star Trek III: The Search for Spock (1984),Action|Adventure|Sci-Fi,157.0,1222
1376,Star Trek IV: The Voyage Home (1986),Adventure|Comedy|Sci-Fi,168.0,1223
1377,Batman Returns (1992),Action|Crime,364.0,1224
1378,Young Guns (1988),Action|Comedy|Western,11967.0,1225
1379,Young Guns II (1990),Action|Western,9086.0,1226
1380,Grease (1978),Comedy|Musical|Romance,621.0,1227
1381,Grease 2 (1982),Comedy|Musical|Romance,9037.0,1228
1382,Marked for Death (1990),Action|Drama,10173.0,1229
1383,Adrenalin: Fear the Rush (1996),Action|Sci-Fi,55687.0,1230
1384,"Substance of Fire, The (1996)",Drama,168535.0,1231
1385,Under Siege (1992),Action|Drama|Thriller,8845.0,1232
1387,Jaws (1975),Action|Horror,578.0,1233
1388,Jaws 2 (1978),Horror|Thriller,579.0,1234
1389,Jaws 3-D (1983),Action|Horror,17692.0,1235
1390,My Fellow Americans (1996),Comedy,17795.0,1236
1391,Mars Attacks! (1996),Action|Comedy|Sci-Fi,75.0,1237
1392,Citizen Ruth (1996),Comedy|Drama,13891.0,1238
1393,Jerry Maguire (1996),Drama|Romance,9390.0,1239
1394,Raising Arizona (1987),Comedy,378.0,1240
1395,Tin Men (1987),Comedy|Drama,10896.0,1241
1396,Sneakers (1992),Action|Comedy|Crime|Drama|Sci-Fi,2322.0,1242
1397,Bastard Out of Carolina (1996),Drama,41240.0,1243
1398,In Love and War (1996),Romance|War,26949.0,1244
1399,Marvin's Room (1996),Drama,9819.0,1245
1401,Ghosts of Mississippi (1996),Drama,31908.0,1246
1404,Night Falls on Manhattan (1996),Crime|Drama,46027.0,1247
1405,Beavis and Butt-Head Do America (1996),Adventure|Animation|Comedy|Crime,3179.0,1248
1406,La Cérémonie (1995),Crime|Drama|Mystery|Thriller,1802.0,1249
1407,Scream (1996),Comedy|Horror|Mystery|Thriller,4232.0,1250
1408,"Last of the Mohicans, The (1992)",Action|Romance|War|Western,9361.0,1251
1409,Michael (1996),Comedy|Drama|Fantasy|Romance,2928.0,1252
1410,"Evening Star, The (1996)",Comedy|Drama,30285.0,1253
1411,Hamlet (1996),Crime|Drama|Romance,10549.0,1254
1412,Some Mother's Son (1996),Drama,58102.0,1255
1413,"Whole Wide World, The (1996)",Drama,18451.0,1256
1414,Mother (1996),Comedy,27265.0,1257
1415,"Thieves (Voleurs, Les) (1996)",Crime|Drama|Romance,49935.0,1258
1416,Evita (1996),Drama|Musical,8818.0,1259
1417,"Portrait of a Lady, The (1996)",Drama,36758.0,1260
1419,Walkabout (1971),Adventure|Drama,36040.0,1261
1420,Message to Love: The Isle of Wight Festival (1996),Documentary,74239.0,1262
1421,Grateful Dead (1995),Documentary,,1263
1422,Murder at 1600 (1997),Crime|Drama|Mystery|Thriller,9415.0,1264
1423,Hearts and Minds (1996),Drama,55146.0,1265
1425,Fierce Creatures (1997),Comedy,12145.0,1266
1426,Zeus and Roxanne (1997),Children,42424.0,1267
1427,Turbulence (1997),Action|Thriller,34314.0,1268
1428,Angel Baby (1995),Drama,2892.0,1269
1429,First Strike (Police Story 4: First Strike) (Ging chaat goo si 4: Ji gaan daan yam mo) (1996),Action|Adventure|Comedy|Thriller,9404.0,1270
1430,Underworld (1996),Comedy|Thriller,85242.0,1271
1431,Beverly Hills Ninja (1997),Action|Comedy,9622.0,1272
1432,Metro (1997),Action|Comedy|Crime|Drama|Thriller,8860.0,1273
1433,The Machine (1994),Horror|Sci-Fi|Thriller,197537.0,1274
1434,"Stranger, The (1994)",Action,,1275
1436,Falling in Love Again (1980),Comedy,66597.0,1276
1437,"Cement Garden, The (1993)",Drama,14832.0,1277
1438,Dante's Peak (1997),Action|Thriller,9619.0,1278
1439,Meet Wally Sparks (1997),Comedy,40506.0,1279
1440,Amos & Andrew (1993),Comedy,31000.0,1280
1441,Benny & Joon (1993),Comedy|Romance,4104.0,1281
1442,Prefontaine (1997),Drama,26306.0,1282
1444,Guantanamera (1994),Comedy,43775.0,1283
1445,McHale's Navy (1997),Comedy|War,14908.0,1284
1446,Kolya (Kolja) (1996),Comedy|Drama,784.0,1285
1447,Gridlock'd (1997),Crime,12489.0,1286
1449,Waiting for Guffman (1996),Comedy,16448.0,1287
1450,Prisoner of the Mountains (Kavkazsky plennik) (1996),War,55936.0,1288
1453,"Beautician and the Beast, The (1997)",Comedy|Romance,17894.0,1289
1454,SubUrbia (1997),Comedy|Drama,28059.0,1290
1455,Hotel de Love (1996),Comedy|Romance,58911.0,1291
1456,"Pest, The (1997)",Comedy,17949.0,1292
1457,Fools Rush In (1997),Comedy|Drama|Romance,1968.0,1293
1458,Touch (1997),Drama|Fantasy|Romance,61563.0,1294
1459,Absolute Power (1997),Mystery|Thriller,66.0,1295
1460,That Darn Cat (1997),Children|Comedy|Mystery,20735.0,1296
1461,Vegas Vacation (National Lampoon's Las Vegas Vacation) (1997),Comedy,11419.0,1297
1463,That Old Feeling (1997),Comedy|Romance,25796.0,1298
1464,Lost Highway (1997),Crime|Drama|Fantasy|Film-Noir|Mystery|Romance,638.0,1299
1465,Rosewood (1997),Action|Drama,25624.0,1300
1466,Donnie Brasco (1997),Crime|Drama,9366.0,1301
1468,Booty Call (1997),Comedy|Romance,21915.0,1302
1471,Boys Life 2 (1997),Drama,50091.0,1303
1472,City of Industry (1997),Crime|Thriller,18420.0,1304
1473,Best Men (1997),Action|Comedy|Crime|Drama,19952.0,1305
1474,Jungle2Jungle (a.k.a. Jungle 2 Jungle) (1997),Children|Comedy,9446.0,1306
1475,Kama Sutra: A Tale of Love (1996),Romance,28005.0,1307
1476,Private Parts (1997),Comedy|Drama,9403.0,1308
1477,Love Jones (1997),Romance,27322.0,1309
1479,"Saint, The (1997)",Action|Romance|Sci-Fi|Thriller,10003.0,1310
1480,Smilla's Sense of Snow (1997),Drama|Thriller,9311.0,1311
1482,"Van, The (1996)",Comedy|Drama,11844.0,1312
1483,Crash (1996),Drama|Thriller,884.0,1313
1484,"Daytrippers, The (1996)",Comedy|Drama|Mystery|Romance,49806.0,1314
1485,Liar Liar (1997),Comedy,1624.0,1315
1486,"Quiet Room, The (1996)",Drama,88423.0,1316
1487,Selena (1997),Drama|Musical,16052.0,1317
1488,"Devil's Own, The (1997)",Action|Drama|Thriller,4477.0,1318
1489,Cats Don't Dance (1997),Animation|Children|Musical,24662.0,1319
1490,B*A*P*S (1997),Comedy,18423.0,1320
1493,Love and Other Catastrophes (1996),Romance,76996.0,1321
1495,Turbo: A Power Rangers Movie (1997),Action|Adventure|Children,6499.0,1322
1496,Anna Karenina (1997),Drama|Romance,50512.0,1323
1497,Double Team (1997),Action,9405.0,1324
1498,Inventing the Abbotts (1997),Drama|Romance,12723.0,1325
1499,Anaconda (1997),Action|Adventure|Thriller,9360.0,1326
1500,Grosse Pointe Blank (1997),Comedy|Crime|Romance,9434.0,1327
1501,Keys to Tulsa (1997),Crime,118991.0,1328
1502,Kissed (1996),Drama|Romance,21626.0,1329
1503,8 Heads in a Duffel Bag (1997),Comedy,13982.0,1330
1504,Hollow Reed (1996),Drama,93946.0,1331
1507,Paradise Road (1997),Drama|War,77223.0,1332
1508,Traveller (1997),Drama,31465.0,1333
1509,All Over Me (1997),Drama,12793.0,1334
1511,"Chef in Love, A (Shekvarebuli kulinaris ataserti retsepti) (1997)",Comedy|Romance,105763.0,1335
1513,Romy and Michele's High School Reunion (1997),Comedy,9611.0,1336
1514,Temptress Moon (Feng Yue) (1996),Romance,47694.0,1337
1515,Volcano (1997),Action|Drama|Thriller,10357.0,1338
1516,Children of the Revolution (1996),Comedy,9977.0,1339
1517,Austin Powers: International Man of Mystery (1997),Action|Adventure|Comedy,816.0,1340
1518,Breakdown (1997),Action|Thriller,2163.0,1341
1519,Broken English (1996),Drama,124680.0,1342
1520,Commandments (1997),Romance,16399.0,1343
1523,"Truth or Consequences, N.M. (1997)",Action|Crime|Romance,31017.0,1344
1525,Warriors of Virtue (1997),Action|Adventure|Children|Fantasy,49478.0,1345
1526,Fathers' Day (1997),Comedy,12499.0,1346
1527,"Fifth Element, The (1997)",Action|Adventure|Comedy|Sci-Fi,18.0,1347
1529,Nowhere (1997),Comedy|Drama,1811.0,1348
1531,Losing Chase (1996),Drama,109614.0,1349
1532,Sprung (1997),Comedy,60082.0,1350
1533,"Promise, The (La promesse) (1996)",Drama,105045.0,1351
1534,"Bonheur, Le (1965)",Drama,53023.0,1352
1535,Love! Valour! Compassion! (1997),Drama|Romance,64802.0,1353
1537,Shall We Dance? (Shall We Dansu?) (1996),Comedy|Drama|Romance,11239.0,1354
1538,"Second Jungle Book: Mowgli & Baloo, The (1997)",Adventure|Children,50850.0,1355
1539,Twin Town (1997),Comedy|Crime,15321.0,1356
1541,Addicted to Love (1997),Comedy|Romance,2058.0,1357
1542,Brassed Off (1996),Comedy|Drama|Romance,9450.0,1358
1543,"Designated Mourner, The (1997)",Drama,125021.0,1359
1544,"Lost World: Jurassic Park, The (1997)",Action|Adventure|Sci-Fi|Thriller,330.0,1360
1545,Ponette (1996),Drama,38523.0,1361
1546,Schizopolis (1996),Comedy,16375.0,1362
1547,Shiloh (1997),Children|Drama,33660.0,1363
1549,Rough Magic (1995),Drama|Romance,45671.0,1364
1550,Trial and Error (1997),Comedy|Romance,17770.0,1365
1551,Buddy (1997),Adventure|Children|Drama,15170.0,1366
1552,Con Air (1997),Action|Adventure|Thriller,1701.0,1367
1554,"Pillow Book, The (1996)",Drama|Romance,26422.0,1368
1555,"To Have, or Not (En avoir (ou pas)) (1995)",Drama,124642.0,1369
1556,Speed 2: Cruise Control (1997),Action|Romance|Thriller,1639.0,1370
1562,Batman & Robin (1997),Action|Adventure|Fantasy|Thriller,415.0,1371
1563,Dream With the Fishes (1997),Drama,47686.0,1372
1564,For Roseanna (Roseanna's Grave) (1997),Comedy|Drama|Romance,65889.0,1373
1565,Head Above Water (1996),Comedy|Thriller,11103.0,1374
1566,Hercules (1997),Adventure|Animation|Children|Comedy|Musical,11970.0,1375
1567,The Last Time I Committed Suicide (1997),Drama,34941.0,1376
1569,My Best Friend's Wedding (1997),Comedy|Romance,8874.0,1377
1570,Tetsuo II: Body Hammer (1992),Horror|Sci-Fi,17991.0,1378
1571,When the Cat's Away (Chacun cherche son chat) (1996),Comedy|Romance,11956.0,1379
1572,"Contempt (Mépris, Le) (1963)",Drama,266.0,1380
1573,Face/Off (1997),Action|Crime|Drama|Thriller,754.0,1381
1574,Fall (1997),Romance,37567.0,1382
1575,Gabbeh (1996),Drama,43771.0,1383
1580,Men in Black (a.k.a. MIB) (1997),Action|Comedy|Sci-Fi,607.0,1384
1581,Out to Sea (1997),Comedy,18080.0,1385
1582,Wild America (1997),Adventure|Children,38225.0,1386
1583,"Simple Wish, A (1997)",Children|Fantasy,17834.0,1387
1584,Contact (1997),Drama|Sci-Fi,686.0,1388
1585,Love Serenade (1996),Comedy,65046.0,1389
1586,G.I. Jane (1997),Action|Drama,4421.0,1390
1587,Conan the Barbarian (1982),Action|Adventure|Fantasy,9387.0,1391
1588,George of the Jungle (1997),Children|Comedy,10603.0,1392
1589,Cop Land (1997),Action|Crime|Drama|Thriller,2142.0,1393
1590,Event Horizon (1997),Horror|Sci-Fi|Thriller,8413.0,1394
1591,Spawn (1997),Action|Adventure|Sci-Fi|Thriller,10336.0,1395
1592,Air Bud (1997),Children|Comedy,20737.0,1396
1593,Picture Perfect (1997),Comedy|Romance,9413.0,1397
1594,In the Company of Men (1997),Comedy|Drama,14585.0,1398
1595,Free Willy 3: The Rescue (1997),Adventure|Children|Drama,18519.0,1399
1596,Career Girls (1997),Drama,49462.0,1400
1597,Conspiracy Theory (1997),Drama|Mystery|Romance|Thriller,8834.0,1401
1598,Desperate Measures (1998),Crime|Drama|Thriller,9458.0,1402
1599,Steel (1997),Action,8854.0,1403
1600,She's So Lovely (1997),Drama|Romance,38295.0,1404
1601,Hoodlum (1997),Crime|Drama|Film-Noir,22073.0,1405
1602,Leave It to Beaver (1997),Comedy,37244.0,1406
1603,Mimic (1997),Horror|Sci-Fi|Thriller,4961.0,1407
1604,Money Talks (1997),Action|Comedy,9416.0,1408
1605,Excess Baggage (1997),Adventure|Romance,26180.0,1409
1606,Kull the Conqueror (1997),Action|Adventure,17832.0,1410
1608,Air Force One (1997),Action|Thriller,9772.0,1411
1609,187 (One Eight Seven) (1997),Drama|Thriller,6072.0,1412
1610,"Hunt for Red October, The (1990)",Action|Adventure|Thriller,1669.0,1413
1611,My Own Private Idaho (1991),Drama|Romance,468.0,1414
1612,"Kiss Me, Guido (1997)",Comedy,32519.0,1415
1613,Star Maps (1997),Drama,108401.0,1416
1614,In & Out (1997),Comedy,10806.0,1417
1615,"Edge, The (1997)",Adventure|Drama,9433.0,1418
1616,"Peacemaker, The (1997)",Action|Thriller|War,6623.0,1419
1617,L.A. Confidential (1997),Crime|Film-Noir|Mystery|Thriller,2118.0,1420
1619,Seven Years in Tibet (1997),Adventure|Drama|War,978.0,1421
1620,Kiss the Girls (1997),Crime|Drama|Mystery|Thriller,9437.0,1422
1621,Soul Food (1997),Drama,29461.0,1423
1622,Kicked in the Head (1997),Comedy|Drama,56651.0,1424
1623,Wishmaster (1997),Horror,10351.0,1425
1624,"Thousand Acres, A (1997)",Drama,66588.0,1426
1625,"Game, The (1997)",Drama|Mystery|Thriller,2649.0,1427
1626,Fire Down Below (1997),Action|Drama|Thriller,14289.0,1428
1627,U Turn (1997),Crime|Drama|Mystery,10155.0,1429
1629,"MatchMaker, The (1997)",Comedy|Romance,20457.0,1430
1631,"Assignment, The (1997)",Action|Thriller,18355.0,1431
1632,"Smile Like Yours, A (1997)",Comedy|Romance,33657.0,1432
1633,Ulee's Gold (1997),Drama,55306.0,1433
1635,"Ice Storm, The (1997)",Drama,68924.0,1434
1636,Stag (1997),Action|Thriller,36434.0,1435
1639,Chasing Amy (1997),Comedy|Drama|Romance,2255.0,1436
1640,How to Be a Player (1997),Comedy,28353.0,1437
1641,"Full Monty, The (1997)",Comedy|Drama,9427.0,1438
1642,Indian Summer (a.k.a. Alive & Kicking) (1996),Comedy|Drama,172545.0,1439
1643,"Mrs. Brown (a.k.a. Her Majesty, Mrs. Brown) (1997)",Drama|Romance,17589.0,1440
1644,I Know What You Did Last Summer (1997),Horror|Mystery|Thriller,3597.0,1441
1645,The Devil's Advocate (1997),Drama|Mystery|Thriller,1813.0,1442
1646,RocketMan (a.k.a. Rocket Man) (1997),Children|Comedy|Romance|Sci-Fi,36797.0,1443
1647,Playing God (1997),Crime|Drama|Thriller,12628.0,1444
1648,"House of Yes, The (1997)",Comedy|Drama,33344.0,1445
1649,"Fast, Cheap & Out of Control (1997)",Documentary,25099.0,1446
1650,Washington Square (1997),Drama,45019.0,1447
1651,Telling Lies in America (1997),Drama,63437.0,1448
1652,Year of the Horse (1997),Documentary,62422.0,1449
1653,Gattaca (1997),Drama|Sci-Fi|Thriller,782.0,1450
1654,FairyTale: A True Story (1997),Children|Drama|Fantasy,29911.0,1451
1655,Phantoms (1998),Drama|Horror|Thriller,9827.0,1452
1656,Swept from the Sea (1997),Drama|Romance,1959.0,1453
1657,Wonderland (1997),Comedy|Documentary,251481.0,1454
1658,"Life Less Ordinary, A (1997)",Romance|Thriller,8067.0,1455
1659,Hurricane Streets (1997),Drama,125052.0,1456
1660,Eve's Bayou (1997),Drama,45153.0,1457
1661,Switchback (1997),Crime|Mystery|Thriller,10871.0,1458
1662,Gang Related (1997),Crime,14398.0,1459
1663,Stripes (1981),Comedy|War,10890.0,1460
1664,Nenette and Boni (Nénette et Boni) (1996),Drama,99002.0,1461
1665,Bean (1997),Comedy,1281.0,1462
1666,Hugo Pool (1997),Romance,32332.0,1463
1667,Mad City (1997),Action|Drama,9770.0,1464
1668,One Night Stand (1997),Drama,12616.0,1465
1669,"Tango Lesson, The (1997)",Romance,34838.0,1466
1670,Welcome to Sarajevo (1997),Drama|War,14905.0,1467
1671,Deceiver (1997),Crime|Drama|Thriller,14583.0,1468
1672,"Rainmaker, The (1997)",Drama,11975.0,1469
1673,Boogie Nights (1997),Drama,4995.0,1470
1674,Witness (1985),Drama|Romance|Thriller,9281.0,1471
1675,Incognito (1997),Crime|Thriller,45928.0,1472
1676,Starship Troopers (1997),Action|Sci-Fi,563.0,1473
1677,Critical Care (1997),Comedy|Drama,61337.0,1474
1678,"Joy Luck Club, The (1993)",Drama|Romance,19931.0,1475
1679,Chairman of the Board (1998),Comedy,31535.0,1476
1680,Sliding Doors (1998),Drama|Romance,10215.0,1477
1681,Mortal Kombat: Annihilation (1997),Action|Adventure|Fantasy,9823.0,1478
1682,"Truman Show, The (1998)",Comedy|Drama|Sci-Fi,37165.0,1479
1683,"Wings of the Dove, The (1997)",Drama|Romance,45609.0,1480
1684,Mrs. Dalloway (1997),Drama|Romance,38904.0,1481
1685,"I Love You, I Love You Not (1996)",Drama|Romance,45565.0,1482
1686,Red Corner (1997),Crime|Thriller,9407.0,1483
1687,"Jackal, The (1997)",Action|Thriller,4824.0,1484
1688,Anastasia (1997),Adventure|Animation|Children|Drama|Musical,9444.0,1485
1689,"Man Who Knew Too Little, The (1997)",Comedy|Crime|Thriller,9414.0,1486
1690,Alien: Resurrection (1997),Action|Horror|Sci-Fi,8078.0,1487
1692,Alien Escape (1995),Horror|Sci-Fi,29938.0,1488
1693,Amistad (1997),Drama|Mystery,11831.0,1489
1694,"Apostle, The (1997)",Drama,2895.0,1490
1695,Artemisia (1997),Drama,39177.0,1491
1696,Bent (1997),Drama|War,19601.0,1492
1699,"Butcher Boy, The (1997)",Comedy|Drama,22797.0,1493
1701,Deconstructing Harry (1997),Comedy|Drama,2639.0,1494
1702,Flubber (1997),Children|Comedy|Fantasy,9574.0,1495
1703,For Richer or Poorer (1997),Comedy,10371.0,1496
1704,Good Will Hunting (1997),Drama|Romance,489.0,1497
1707,Home Alone 3 (1997),Children|Comedy,9714.0,1498
1711,Midnight in the Garden of Good and Evil (1997),Crime|Drama|Mystery,8197.0,1499
1713,Mouse Hunt (1997),Children|Comedy,6283.0,1500
1715,Office Killer (1997),Thriller,49728.0,1501
1717,Scream 2 (1997),Comedy|Horror|Mystery|Thriller,4233.0,1502
1719,"Sweet Hereafter, The (1997)",Drama,10217.0,1503
1721,Titanic (1997),Drama|Romance,597.0,1504
1722,Tomorrow Never Dies (1997),Action|Adventure|Thriller,714.0,1505
1725,"Education of Little Tree, The (1997)",Drama,62394.0,1506
1726,"Postman, The (1997)",Action|Adventure|Drama|Sci-Fi,9922.0,1507
1727,"Horse Whisperer, The (1998)",Drama|Romance,547.0,1508
1728,"Winter Guest, The (1997)",Drama,25994.0,1509
1729,Jackie Brown (1997),Crime|Drama|Thriller,184.0,1510
1730,Kundun (1997),Drama,9746.0,1511
1731,Mr. Magoo (1997),Comedy,9438.0,1512
1732,"Big Lebowski, The (1998)",Comedy|Crime,115.0,1513
1733,Afterglow (1997),Drama|Romance,26941.0,1514
1734,My Life in Pink (Ma vie en rose) (1997),Comedy|Drama,27103.0,1515
1735,Great Expectations (1998),Drama|Romance,9410.0,1516
1739,3 Ninjas: High Noon On Mega Mountain (1998),Action|Children|Comedy,32302.0,1517
1744,Firestorm (1998),Action|Adventure|Thriller,41417.0,1518
1746,Senseless (1998),Comedy,12538.0,1519
1747,Wag the Dog (1997),Comedy,586.0,1520
1748,Dark City (1998),Adventure|Film-Noir|Sci-Fi|Thriller,2666.0,1521
1749,The Leading Man (1996),Drama|Romance|Thriller,46338.0,1522
1750,Star Kid (1997),Adventure|Children|Fantasy|Sci-Fi,54007.0,1523
1752,Hard Rain (1998),Action|Crime|Thriller,11258.0,1524
1753,Half Baked (1998),Comedy,9490.0,1525
1754,Fallen (1998),Crime|Drama|Fantasy|Thriller,9411.0,1526
1755,Shooting Fish (1997),Comedy|Romance,25719.0,1527
1756,"Prophecy II, The (1998)",Horror,9033.0,1528
1757,Fallen Angels (Duo luo tian shi) (1995),Drama|Romance,11220.0,1529
1759,"Four Days in September (O Que É Isso, Companheiro?) (1997)",Drama,21253.0,1530
1760,Spice World (1997),Comedy,6116.0,1531
1762,Deep Rising (1998),Action|Horror|Sci-Fi,9457.0,1532
1767,Music From Another Room (1998),Drama|Romance,39424.0,1533
1769,"Replacement Killers, The (1998)",Action|Crime|Thriller,11702.0,1534
1770,B. Monkey (1998),Crime|Romance|Thriller,2923.0,1535
1771,Night Flier (1997),Horror,12238.0,1536
1772,Blues Brothers 2000 (1998),Action|Comedy|Musical,11568.0,1537
1773,Tokyo Fist (Tokyo ken) (1995),Action|Drama,41577.0,1538
1777,"Wedding Singer, The (1998)",Comedy|Romance,11003.0,1539
1779,Sphere (1998),Sci-Fi|Thriller,10153.0,1540
1780,Ayn Rand: A Sense of Life (1997),Documentary,49645.0,1541
1783,Palmetto (1998),Crime|Drama|Mystery|Romance|Thriller,30949.0,1542
1784,As Good as It Gets (1997),Comedy|Drama|Romance,2898.0,1543
1785,King of New York (1990),Crime|Thriller,9558.0,1544
1788,Men with Guns (1997),Action|Drama,320011.0,1545
1791,Twilight (1998),Crime|Drama|Thriller,26269.0,1546
1792,U.S. Marshals (1998),Action|Crime|Thriller,11808.0,1547
1793,Welcome to Woop-Woop (1997),Comedy,6970.0,1548
1794,Love and Death on Long Island (1997),Comedy|Drama,47452.0,1549
1795,"Callejón de los milagros, El (1995)",Drama,18205.0,1550
1797,Everest (1998),Documentary|IMAX,21736.0,1551
1798,Hush (1998),Thriller,17941.0,1552
1799,Suicide Kings (1997),Comedy|Crime|Drama|Mystery|Thriller,10668.0,1553
1801,"Man in the Iron Mask, The (1998)",Action|Adventure|Drama,9313.0,1554
1804,"Newton Boys, The (1998)",Crime|Drama,42807.0,1555
1805,Wild Things (1998),Crime|Drama|Mystery|Thriller,617.0,1556
1806,Paulie (1998),Adventure|Children|Comedy,36568.0,1557
1807,"Cool, Dry Place, A (1998)",Drama,37272.0,1558
1809,Fireworks (Hana-bi) (1997),Crime|Drama,5910.0,1559
1810,Primary Colors (1998),Comedy|Drama,9440.0,1560
1811,"Niagara, Niagara (1997)",Drama,53092.0,1561
1812,Wide Awake (1998),Children|Comedy|Drama,32911.0,1562
1814,"Price Above Rubies, A (1998)",Drama,44308.0,1563
1816,Two Girls and a Guy (1997),Comedy|Drama,32456.0,1564
1817,No Looking Back (1998),Drama|Romance,93350.0,1565
1820,"Proposition, The (1998)",Drama|Romance,32144.0,1566
1821,"Object of My Affection, The (1998)",Comedy|Romance,17127.0,1567
1822,Meet the Deedles (1998),Children|Comedy,40688.0,1568
1824,Homegrown (1998),Comedy|Thriller,17133.0,1569
1825,The Players Club (1998),Comedy|Drama,19848.0,1570
1826,Barney's Great Adventure (1998),Adventure|Children,17644.0,1571
1827,"Big One, The (1997)",Comedy|Documentary,1774.0,1572
1829,Chinese Box (1997),Drama|Romance,30265.0,1573
1831,Lost in Space (1998),Action|Adventure|Sci-Fi,2157.0,1574
1833,Mercury Rising (1998),Action|Drama|Thriller,8838.0,1575
1834,"Spanish Prisoner, The (1997)",Crime|Drama|Mystery|Thriller,29193.0,1576
1835,City of Angels (1998),Drama|Fantasy|Romance,795.0,1577
1836,"Last Days of Disco, The (1998)",Comedy|Drama,16980.0,1578
1837,"Odd Couple II, The (1998)",Comedy,27472.0,1579
1839,My Giant (1998),Comedy,47881.0,1580
1840,He Got Game (1998),Drama,9469.0,1581
1841,"Gingerbread Man, The (1998)",Drama|Thriller,12488.0,1582
1844,Live Flesh (Carne trémula) (1997),Drama|Romance,267.0,1583
1845,Zero Effect (1998),Comedy|Mystery|Thriller,16148.0,1584
1846,Nil By Mouth (1997),Drama,21252.0,1585
1848,"Borrowers, The (1997)",Adventure|Children|Comedy|Fantasy,9449.0,1586
1850,"I Love You, Don't Touch Me! (1998)",Drama|Romance,90414.0,1587
1853,"Alan Smithee Film: Burn Hollywood Burn, An (1997)",Comedy,78149.0,1588
1854,Kissing a Fool (1998),Comedy|Romance,15513.0,1589
1855,Krippendorf's Tribe (1998),Comedy,31220.0,1590
1856,Kurt & Courtney (1998),Documentary,13907.0,1591
1857,"Real Blonde, The (1997)",Comedy,29825.0,1592
1858,Mr. Nice Guy (Yat goh ho yan) (1997),Action|Comedy,10622.0,1593
1859,Taste of Cherry (Ta'm e guilass) (1997),Drama,30020.0,1594
1860,Character (Karakter) (1997),Drama,17139.0,1595
1861,Junk Mail (Budbringeren) (1997),Comedy|Thriller,34582.0,1596
1862,Species II (1998),Horror|Sci-Fi,10216.0,1597
1863,Major League: Back to the Minors (1998),Comedy,9771.0,1598
1864,Sour Grapes (1998),Comedy,24560.0,1599
1865,Wild Man Blues (1997),Documentary,76330.0,1600
1866,"Big Hit, The (1998)",Action|Comedy|Crime,9448.0,1601
1867,Tarzan and the Lost City (1998),Action|Adventure,38618.0,1602
1869,Black Dog (1998),Action|Thriller,18316.0,1603
1870,"Dancer, Texas Pop. 81 (1998)",Comedy|Drama,78373.0,1604
1871,"Friend of the Deceased, A (Priyatel pokonika) (1997)",Comedy|Drama,77514.0,1605
1872,Go Now (1995),Drama,49474.0,1606
1873,"Misérables, Les (1998)",Crime|Drama|Romance|War,4415.0,1607
1874,Still Breathing (1997),Comedy|Romance,39467.0,1608
1875,Clockwatchers (1997),Comedy,55561.0,1609
1876,Deep Impact (1998),Drama|Sci-Fi|Thriller,8656.0,1610
1878,Woo (1998),Comedy|Romance,58680.0,1611
1879,"Hanging Garden, The (1997)",Drama|Romance,35161.0,1612
1880,Lawn Dogs (1997),Drama,35796.0,1613
1881,Quest for Camelot (1998),Adventure|Animation|Children|Fantasy|Musical,18937.0,1614
1882,Godzilla (1998),Action|Sci-Fi|Thriller,929.0,1615
1883,Bulworth (1998),Comedy|Drama|Romance,9452.0,1616
1884,Fear and Loathing in Las Vegas (1998),Adventure|Comedy|Drama,1878.0,1617
1885,"Opposite of Sex, The (1998)",Comedy|Drama|Romance,9844.0,1618
1886,I Got the Hook Up (1998),Comedy,40505.0,1619
1887,Almost Heroes (1998),Adventure|Comedy|Western,14342.0,1620
1888,Hope Floats (1998),Comedy|Drama|Romance,9715.0,1621
1889,Insomnia (1997),Drama|Mystery|Thriller,26610.0,1622
1890,Little Boy Blue (1997),Drama,20064.0,1623
1891,"Ugly, The (1997)",Horror|Thriller,40961.0,1624
1892,"Perfect Murder, A (1998)",Thriller,1965.0,1625
1893,Beyond Silence (Jenseits der Stille) (1996),Drama,312.0,1626
1894,Six Days Seven Nights (1998),Adventure|Comedy|Romance,6068.0,1627
1895,Can't Hardly Wait (1998),Comedy|Drama|Romance,15037.0,1628
1896,Cousin Bette (1998),Comedy,50043.0,1629
1897,High Art (1998),Drama|Romance,37636.0,1630
1898,"Land Girls, The (1998)",Drama|War,17044.0,1631
1899,Passion in the Desert (1998),Adventure|Drama,60951.0,1632
1900,"Children of Heaven, The (Bacheha-Ye Aseman) (1997)",Comedy|Drama,21334.0,1633
1901,Dear Jesse (1997),Documentary,416437.0,1634
1902,Dream for an Insomniac (1996),Drama|Romance,32284.0,1635
1904,Henry Fool (1997),Comedy|Drama,37410.0,1636
1906,Mr. Jealousy (1997),Comedy|Romance,53765.0,1637
1907,Mulan (1998),Adventure|Animation|Children|Comedy|Drama|Musical|Romance,10674.0,1638
1909,"X-Files: Fight the Future, The (1998)",Action|Crime|Mystery|Sci-Fi|Thriller,846.0,1639
1910,I Went Down (1997),Comedy|Crime|Drama,12655.0,1640
1911,Dr. Dolittle (1998),Comedy,3050.0,1641
1912,Out of Sight (1998),Comedy|Crime|Drama|Romance|Thriller,1389.0,1642
1913,Picnic at Hanging Rock (1975),Drama|Mystery,11020.0,1643
1914,Smoke Signals (1998),Comedy|Drama,20862.0,1644
1916,Buffalo '66 (a.k.a. Buffalo 66) (1998),Drama|Romance,9464.0,1645
1917,Armageddon (1998),Action|Romance|Sci-Fi|Thriller,95.0,1646
1918,Lethal Weapon 4 (1998),Action|Comedy|Crime|Thriller,944.0,1647
1919,Madeline (1998),Children|Comedy,35680.0,1648
1920,Small Soldiers (1998),Animation|Children|Fantasy|War,11551.0,1649
1921,Pi (1998),Drama|Sci-Fi|Thriller,473.0,1650
1922,Whatever (1998),Drama,102304.0,1651
1923,There's Something About Mary (1998),Comedy|Romance,544.0,1652
1924,Plan 9 from Outer Space (1959),Horror|Sci-Fi,10513.0,1653
1925,Wings (1927),Action|Drama|Romance|War,28966.0,1654
1926,"Broadway Melody, The (1929)",Musical,65203.0,1655
1927,All Quiet on the Western Front (1930),Action|Drama|War,143.0,1656
1928,Cimarron (1931),Drama|Western,42861.0,1657
1929,Grand Hotel (1932),Drama|Romance,33680.0,1658
1930,Cavalcade (1933),Drama|Romance|War,56164.0,1659
1931,Mutiny on the Bounty (1935),Adventure|Drama,12311.0,1660
1932,"Great Ziegfeld, The (1936)",Drama|Musical,43277.0,1661
1933,"Life of Emile Zola, The (1937)",Drama,43278.0,1662
1934,You Can't Take It with You (1938),Comedy|Romance,34106.0,1663
1935,How Green Was My Valley (1941),Drama|Musical|Romance,43266.0,1664
1936,Mrs. Miniver (1942),Drama|War,27367.0,1665
1937,Going My Way (1944),Comedy|Drama|Musical,17661.0,1666
1938,"Lost Weekend, The (1945)",Drama,28580.0,1667
1939,"Best Years of Our Lives, The (1946)",Drama|War,887.0,1668
1940,Gentleman's Agreement (1947),Drama,33667.0,1669
1941,Hamlet (1948),Drama,23383.0,1670
1942,All the King's Men (1949),Drama,25430.0,1671
1943,"Greatest Show on Earth, The (1952)",Drama,27191.0,1672
1944,From Here to Eternity (1953),Drama|Romance|War,11426.0,1673
1945,On the Waterfront (1954),Crime|Drama,654.0,1674
1946,Marty (1955),Drama|Romance,15919.0,1675
1947,West Side Story (1961),Drama|Musical|Romance,1725.0,1676
1948,Tom Jones (1963),Adventure|Comedy|Romance,5769.0,1677
1949,"Man for All Seasons, A (1966)",Drama,874.0,1678
1950,In the Heat of the Night (1967),Drama|Mystery,10633.0,1679
1951,Oliver! (1968),Drama|Musical,17917.0,1680
1952,Midnight Cowboy (1969),Drama,3116.0,1681
1953,"French Connection, The (1971)",Action|Crime|Thriller,1051.0,1682
1954,Rocky (1976),Drama,1366.0,1683
1955,Kramer vs. Kramer (1979),Drama,12102.0,1684
1956,Ordinary People (1980),Drama,16619.0,1685
1957,Chariots of Fire (1981),Drama,9443.0,1686
1958,Terms of Endearment (1983),Comedy|Drama,11050.0,1687
1959,Out of Africa (1985),Drama|Romance,606.0,1688
1960,"Last Emperor, The (1987)",Drama,746.0,1689
1961,Rain Man (1988),Drama,380.0,1690
1962,Driving Miss Daisy (1989),Drama,403.0,1691
1963,Take the Money and Run (1969),Comedy|Crime,11485.0,1692
1964,Klute (1971),Drama|Mystery,466.0,1693
1965,Repo Man (1984),Comedy|Sci-Fi,13820.0,1694
1966,Metropolitan (1990),Comedy,15389.0,1695
1967,Labyrinth (1986),Adventure|Fantasy|Musical,13597.0,1696
1968,"Breakfast Club, The (1985)",Comedy|Drama,2108.0,1697
1969,"Nightmare on Elm Street 2: Freddy's Revenge, A (1985)",Horror,10014.0,1698
1970,"Nightmare on Elm Street 3: Dream Warriors, A (1987)",Horror|Thriller,10072.0,1699
1971,"Nightmare on Elm Street 4: The Dream Master, A (1988)",Horror|Thriller,10131.0,1700
1972,"Nightmare on Elm Street 5: The Dream Child, A (1989)",Horror,10160.0,1701
1973,"Freddy's Dead: The Final Nightmare (Nightmare on Elm Street Part 6: Freddy's Dead, A) (1991)",Horror,11284.0,1702
1974,Friday the 13th (1980),Horror|Mystery|Thriller,4488.0,1703
1975,Friday the 13th Part 2 (1981),Horror,9725.0,1704
1976,Friday the 13th Part 3: 3D (1982),Horror,9728.0,1705
1977,Friday the 13th Part IV: The Final Chapter (1984),Horror,9730.0,1706
1978,Friday the 13th Part V: A New Beginning (1985),Horror,9731.0,1707
1979,Friday the 13th Part VI: Jason Lives (1986),Horror,10225.0,1708
1980,Friday the 13th Part VII: The New Blood (1988),Horror,10281.0,1709
1981,Friday the 13th Part VIII: Jason Takes Manhattan (1989),Horror,10283.0,1710
1982,Halloween (1978),Horror,948.0,1711
1983,Halloween II (1981),Horror,11281.0,1712
1984,Halloween III: Season of the Witch (1982),Horror,10676.0,1713
1985,Halloween 4: The Return of Michael Myers (1988),Horror,11357.0,1714
1986,Halloween 5: The Revenge of Michael Myers (1989),Horror,11361.0,1715
1987,Prom Night (1980),Horror,36599.0,1716
1988,Prom Night II (1987),Horror|Thriller,39929.0,1717
1989,Prom Night III: The Last Kiss (1989),Horror,41828.0,1718
1990,Prom Night IV: Deliver Us From Evil (1992),Horror,41769.0,1719
1991,Child's Play (1988),Horror|Thriller,10585.0,1720
1992,Child's Play 2 (1990),Horror|Thriller,11186.0,1721
1993,Child's Play 3 (1991),Comedy|Horror|Thriller,11187.0,1722
1994,Poltergeist (1982),Horror|Thriller,609.0,1723
1995,Poltergeist II: The Other Side (1986),Horror|Thriller,11133.0,1724
1996,Poltergeist III (1988),Horror|Thriller,10306.0,1725
1997,"Exorcist, The (1973)",Horror|Mystery,9552.0,1726
1998,Exorcist II: The Heretic (1977),Horror,11586.0,1727
1999,"Exorcist III, The (1990)",Horror,11587.0,1728
2000,Lethal Weapon (1987),Action|Comedy|Crime|Drama,941.0,1729
2001,Lethal Weapon 2 (1989),Action|Comedy|Crime|Drama,942.0,1730
2002,Lethal Weapon 3 (1992),Action|Comedy|Crime|Drama,943.0,1731
2003,Gremlins (1984),Comedy|Horror,927.0,1732
2004,Gremlins 2: The New Batch (1990),Comedy|Horror,928.0,1733
2005,"Goonies, The (1985)",Action|Adventure|Children|Comedy|Fantasy,9340.0,1734
2006,"Mask of Zorro, The (1998)",Action|Comedy|Romance,9342.0,1735
2007,Polish Wedding (1998),Comedy,38509.0,1736
2008,"This World, Then the Fireworks (1997)",Crime|Drama|Film-Noir,60033.0,1737
2009,Soylent Green (1973),Drama|Mystery|Sci-Fi|Thriller,12101.0,1738
2010,Metropolis (1927),Drama|Sci-Fi,19.0,1739
2011,Back to the Future Part II (1989),Adventure|Comedy|Sci-Fi,165.0,1740
2012,Back to the Future Part III (1990),Adventure|Comedy|Sci-Fi|Western,196.0,1741
2013,"Poseidon Adventure, The (1972)",Action|Adventure|Drama,551.0,1742
2014,Freaky Friday (1977),Children|Comedy|Fantasy,16084.0,1743
2015,"Absent-Minded Professor, The (1961)",Children|Comedy|Fantasy,17984.0,1744
2016,"Apple Dumpling Gang Rides Again, The (1979)",Children|Comedy|Western,22328.0,1745
2017,Babes in Toyland (1961),Children|Fantasy|Musical,32611.0,1746
2018,Bambi (1942),Animation|Children|Drama,3170.0,1747
2019,Seven Samurai (Shichinin no samurai) (1954),Action|Adventure|Drama,346.0,1748
2020,Dangerous Liaisons (1988),Drama|Romance,859.0,1749
2021,Dune (1984),Adventure|Sci-Fi,841.0,1750
2022,"Last Temptation of Christ, The (1988)",Drama,11051.0,1751
2023,"Godfather: Part III, The (1990)",Crime|Drama|Mystery|Thriller,242.0,1752
2024,"Rapture, The (1991)",Drama|Mystery,1411.0,1753
2025,Lolita (1997),Drama|Romance,9769.0,1754
2026,Disturbing Behavior (1998),Horror|Thriller,9424.0,1755
2027,Jane Austen's Mafia! (1998),Comedy|Crime,9835.0,1756
2028,Saving Private Ryan (1998),Action|Drama|War,857.0,1757
2029,Billy's Hollywood Screen Kiss (1997),Comedy|Romance,17539.0,1758
2031,"Million Dollar Duck, The (a.k.a. $1,000,000 Duck) (1971)",Children|Comedy,22777.0,1759
2032,"Barefoot Executive, The (1971)",Children|Comedy,20173.0,1760
2033,"Black Cauldron, The (1985)",Adventure|Animation|Children|Fantasy,10957.0,1761
2034,"Black Hole, The (1979)",Children|Sci-Fi,9570.0,1762
2035,Blackbeard's Ghost (1968),Children|Comedy,16249.0,1763
2036,Blank Check (1994),Children|Comedy,13962.0,1764
2037,Candleshoe (1977),Adventure|Children|Comedy,14612.0,1765
2038,"Cat from Outer Space, The (1978)",Children|Comedy|Sci-Fi,19378.0,1766
2039,Cheetah (1989),Adventure|Children,65157.0,1767
2040,"Computer Wore Tennis Shoes, The (1969)",Children|Comedy,29228.0,1768
2041,Condorman (1981),Action|Adventure|Children|Comedy,19379.0,1769
2042,D2: The Mighty Ducks (1994),Children|Comedy,11164.0,1770
2043,Darby O'Gill and the Little People (1959),Adventure|Children|Fantasy,18887.0,1771
2044,"Devil and Max Devlin, The (1981)",Comedy|Fantasy,40866.0,1772
2045,"Far Off Place, A (1993)",Adventure|Children|Drama|Romance,24736.0,1773
2046,Flight of the Navigator (1986),Adventure|Children|Sci-Fi,10122.0,1774
2047,"Gnome-Mobile, The (1967)",Adventure|Children|Fantasy|Musical,24816.0,1775
2048,"Great Mouse Detective, The (1986)",Action|Animation|Children|Crime,9994.0,1776
2049,"Happiest Millionaire, The (1967)",Comedy|Musical,25445.0,1777
2050,Herbie Goes Bananas (1980),Adventure|Children|Comedy,12129.0,1778
2051,Herbie Goes to Monte Carlo (1977),Adventure|Children|Comedy,14140.0,1779
2052,Hocus Pocus (1993),Children|Comedy|Fantasy|Horror,10439.0,1780
2053,"Honey, I Blew Up the Kid (1992)",Children|Comedy|Sci-Fi,11158.0,1781
2054,"Honey, I Shrunk the Kids (1989)",Adventure|Children|Comedy|Fantasy|Sci-Fi,9354.0,1782
2055,Hot Lead and Cold Feet (1978),Action|Comedy|Western,28736.0,1783
2056,In Search of the Castaways (1962),Adventure|Children,34774.0,1784
2057,"Incredible Journey, The (1963)",Adventure|Children,37969.0,1785
2058,"Negotiator, The (1998)",Action|Crime|Drama|Mystery|Thriller,9631.0,1786
2059,"Parent Trap, The (1998)",Children|Comedy|Romance,9820.0,1787
2060,BASEketball (1998),Comedy,14013.0,1788
2061,Full Tilt Boogie (1997),Documentary,36606.0,1789
2062,"Governess, The (1998)",Drama|Romance,96196.0,1790
2063,"Seventh Heaven (Septième ciel, Le) (1997)",Drama|Romance,98505.0,1791
2064,Roger & Me (1989),Documentary,1779.0,1792
2065,"Purple Rose of Cairo, The (1985)",Comedy|Drama|Fantasy|Romance,10849.0,1793
2066,Out of the Past (1947),Film-Noir,678.0,1794
2067,Doctor Zhivago (1965),Drama|Romance|War,907.0,1795
2068,Fanny and Alexander (Fanny och Alexander) (1982),Drama|Fantasy|Mystery,5961.0,1796
2069,"Trip to Bountiful, The (1985)",Drama,47908.0,1797
2070,Tender Mercies (1983),Drama|Romance|Western,42121.0,1798
2071,And the Band Played On (1993),Drama,2887.0,1799
2072,"'burbs, The (1989)",Comedy,11974.0,1800
2073,Fandango (1985),Comedy,20348.0,1801
2074,"Night Porter, The (Portiere di notte, Il) (1974)",Crime|Drama|Romance,26648.0,1802
2075,Mephisto (1981),Drama|War,11911.0,1803
2076,Blue Velvet (1986),Drama|Mystery|Thriller,793.0,1804
2077,"Journey of Natty Gann, The (1985)",Adventure|Children,35144.0,1805
2078,"Jungle Book, The (1967)",Animation|Children|Comedy|Musical,9325.0,1806
2079,Kidnapped (1960),Adventure|Children|Drama,43037.0,1807
2080,Lady and the Tramp (1955),Animation|Children|Comedy|Romance,10340.0,1808
2081,"Little Mermaid, The (1989)",Animation|Children|Comedy|Musical|Romance,10144.0,1809
2082,"Mighty Ducks, The (1992)",Children|Comedy,10414.0,1810
2083,"Muppet Christmas Carol, The (1992)",Children|Comedy|Musical,10437.0,1811
2084,Newsies (1992),Children|Musical,15300.0,1812
2085,101 Dalmatians (One Hundred and One Dalmatians) (1961),Adventure|Animation|Children,12230.0,1813
2086,One Magic Christmas (1985),Drama|Fantasy,13380.0,1814
2087,Peter Pan (1953),Animation|Children|Fantasy|Musical,10693.0,1815
2088,Popeye (1980),Adventure|Comedy|Musical,11335.0,1816
2089,"Rescuers Down Under, The (1990)",Adventure|Animation|Children,11135.0,1817
2090,"Rescuers, The (1977)",Adventure|Animation|Children|Crime|Drama,11319.0,1818
2091,Return from Witch Mountain (1978),Children|Sci-Fi,14822.0,1819
2093,Return to Oz (1985),Adventure|Children|Fantasy,13155.0,1820
2094,"Rocketeer, The (1991)",Action|Adventure|Sci-Fi,10249.0,1821
2095,"Shaggy D.A., The (1976)",Children|Comedy,15943.0,1822
2096,Sleeping Beauty (1959),Animation|Children|Musical,10882.0,1823
2097,Something Wicked This Way Comes (1983),Children|Drama|Fantasy|Mystery|Thriller,24808.0,1824
2098,Son of Flubber (1963),Children|Comedy,19762.0,1825
2099,Song of the South (1946),Adventure|Animation|Children|Musical,13850.0,1826
2100,Splash (1984),Comedy|Fantasy|Romance,2619.0,1827
2101,Squanto: A Warrior's Tale (1994),Adventure|Drama,65158.0,1828
2102,Steamboat Willie (1928),Animation|Children|Comedy|Musical,53565.0,1829
2103,Tall Tale (1995),Adventure|Children|Fantasy|Western,41841.0,1830
2104,Tex (1982),Drama,27332.0,1831
2105,Tron (1982),Action|Adventure|Sci-Fi,97.0,1832
2106,Swing Kids (1993),Drama|War,10419.0,1833
2107,Halloween H20: 20 Years Later (Halloween 7: The Revenge of Laurie Strode) (1998),Horror|Thriller,11675.0,1834
2108,L.A. Story (1991),Comedy|Romance,2107.0,1835
2109,"Jerk, The (1979)",Comedy,6471.0,1836
2110,Dead Men Don't Wear Plaid (1982),Comedy|Crime|Thriller,9442.0,1837
2111,"Man with Two Brains, The (1983)",Comedy,11591.0,1838
2112,Grand Canyon (1991),Crime|Drama,13697.0,1839
2113,Graveyard Shift (Stephen King's Graveyard Shift) (1990),Horror|Thriller,19158.0,1840
2114,"Outsiders, The (1983)",Drama,227.0,1841
2115,Indiana Jones and the Temple of Doom (1984),Action|Adventure|Fantasy,87.0,1842
2116,"Lord of the Rings, The (1978)",Adventure|Animation|Children|Fantasy,123.0,1843
2117,1984 (Nineteen Eighty-Four) (1984),Drama|Sci-Fi,9314.0,1844
2118,"Dead Zone, The (1983)",Thriller,11336.0,1845
2119,Maximum Overdrive (1986),Horror,9980.0,1846
2120,Needful Things (1993),Drama|Horror,10657.0,1847
2121,Cujo (1983),Horror|Thriller,10489.0,1848
2122,Children of the Corn (1984),Horror|Thriller,10823.0,1849
2123,All Dogs Go to Heaven (1989),Animation|Children|Comedy|Drama|Fantasy,11497.0,1850
2124,"Addams Family, The (1991)",Children|Comedy|Fantasy,2907.0,1851
2125,Ever After: A Cinderella Story (1998),Comedy|Drama|Romance,9454.0,1852
2126,Snake Eyes (1998),Action|Crime|Mystery|Thriller,8688.0,1853
2128,Safe Men (1998),Comedy,16155.0,1854
2129,"Saltmen of Tibet, The (Salzmänner von Tibet, Die) (1997)",Documentary,48894.0,1855
2130,Atlantic City (1980),Crime|Drama|Romance,23954.0,1856
2131,Autumn Sonata (Höstsonaten) (1978),Drama,12761.0,1857
2132,Who's Afraid of Virginia Woolf? (1966),Drama,396.0,1858
2133,Adventures in Babysitting (1987),Adventure|Comedy,14367.0,1859
2134,Weird Science (1985),Comedy|Fantasy|Sci-Fi,11814.0,1860
2135,Doctor Dolittle (1967),Adventure|Children|Musical,16081.0,1861
2136,"Nutty Professor, The (1963)",Comedy|Sci-Fi,18331.0,1862
2137,Charlotte's Web (1973),Animation|Children,15171.0,1863
2138,Watership Down (1978),Adventure|Animation|Children|Drama|Fantasy,11837.0,1864
2139,"Secret of NIMH, The (1982)",Adventure|Animation|Children|Drama,11704.0,1865
2140,"Dark Crystal, The (1982)",Adventure|Fantasy,11639.0,1866
2141,"American Tail, An (1986)",Adventure|Animation|Children|Comedy,4978.0,1867
2142,"American Tail: Fievel Goes West, An (1991)",Adventure|Animation|Children|Musical|Western,10380.0,1868
2143,Legend (1985),Adventure|Fantasy|Romance,11976.0,1869
2144,Sixteen Candles (1984),Comedy|Romance,15144.0,1870
2145,Pretty in Pink (1986),Comedy|Drama|Romance,11522.0,1871
2146,St. Elmo's Fire (1985),Drama|Romance,11557.0,1872
2147,"Clan of the Cave Bear, The (1986)",Adventure|Drama|Fantasy,13853.0,1873
2148,House (1986),Comedy|Fantasy|Horror,11415.0,1874
2149,House II: The Second Story (1987),Comedy|Fantasy|Horror,37530.0,1875
2150,"Gods Must Be Crazy, The (1980)",Adventure|Comedy,8393.0,1876
2151,"Gods Must Be Crazy II, The (1989)",Comedy,11937.0,1877
2152,Air Bud: Golden Receiver (1998),Children|Comedy,21661.0,1878
2153,"Avengers, The (1998)",Action|Adventure,9320.0,1879
2154,How Stella Got Her Groove Back (1998),Drama|Romance,33644.0,1880
2155,"Slums of Beverly Hills, The (1998)",Comedy|Drama,14662.0,1881
2156,"Best Man, The (Testimone dello sposo, Il) (1998)",Comedy|Drama|Romance,125124.0,1882
2157,"Chambermaid on the Titanic, The (Femme de chambre du Titanic, La) (1998)",Romance,115872.0,1883
2158,"Henry: Portrait of a Serial Killer, Part 2 (1998)",Crime|Horror,39930.0,1884
2159,Henry: Portrait of a Serial Killer (1986),Crime|Horror|Thriller,10692.0,1885
2160,Rosemary's Baby (1968),Drama|Horror|Thriller,805.0,1886
2161,"NeverEnding Story, The (1984)",Adventure|Children|Fantasy,34584.0,1887
2162,"NeverEnding Story II: The Next Chapter, The (1990)",Adventure|Children|Fantasy,34636.0,1888
2163,Attack of the Killer Tomatoes! (1978),Comedy|Horror,2182.0,1889
2164,Surf Nazis Must Die (1987),Action|Comedy|Drama|Horror,28070.0,1890
2165,Your Friends and Neighbors (1998),Comedy|Drama,77469.0,1891
2166,Return to Paradise (1998),Crime|Drama|Romance|Thriller,10278.0,1892
2167,Blade (1998),Action|Horror|Thriller,36647.0,1893
2168,Dance with Me (1998),Drama|Romance,17915.0,1894
2169,Dead Man on Campus (1998),Comedy,14557.0,1895
2170,Wrongfully Accused (1998),Action|Comedy,9417.0,1896
2171,Next Stop Wonderland (1998),Comedy|Drama|Romance,41469.0,1897
2172,"Strike! (a.k.a. All I Wanna Do, The Hairy Bird) (1998)",Comedy|Drama,19381.0,1898
2173,"Navigator: A Mediaeval Odyssey, The (1988)",Adventure|Fantasy|Sci-Fi,34637.0,1899
2174,Beetlejuice (1988),Comedy|Fantasy,4011.0,1900
2175,Déjà Vu (1997),Drama|Romance,161795.0,1901
2176,Rope (1948),Crime|Drama|Thriller,1580.0,1902
2177,Family Plot (1976),Comedy|Thriller,5854.0,1903
2178,Frenzy (1972),Thriller,573.0,1904
2179,Topaz (1969),Thriller,2370.0,1905
2180,Torn Curtain (1966),Thriller,5780.0,1906
2181,Marnie (1964),Drama|Mystery|Romance|Thriller,506.0,1907
2182,"Wrong Man, The (1956)",Drama|Film-Noir|Thriller,22527.0,1908
2183,"Man Who Knew Too Much, The (1956)",Adventure|Drama|Mystery|Thriller,574.0,1909
2184,"Trouble with Harry, The (1955)",Comedy|Mystery,11219.0,1910
2185,I Confess (1953),Thriller,30159.0,1911
2186,Strangers on a Train (1951),Crime|Drama|Film-Noir|Thriller,845.0,1912
2187,Stage Fright (1950),Mystery|Romance|Thriller,1978.0,1913
2188,54 (1998),Drama,3682.0,1914
2189,I Married A Strange Person! (1997),Animation|Comedy|Fantasy|Sci-Fi,51942.0,1915
2190,Why Do Fools Fall In Love? (1998),Drama,46702.0,1916
2191,"Merry War, A (1997)",Comedy,54795.0,1917
2192,See the Sea (1997),Thriller,46748.0,1918
2193,Willow (1988),Action|Adventure|Fantasy,847.0,1919
2194,"Untouchables, The (1987)",Action|Crime|Drama,117.0,1920
2195,Dirty Work (1998),Comedy,14577.0,1921
2196,Knock Off (1998),Action,37498.0,1922
2197,Firelight (1997),Drama,38621.0,1923
2198,Modulations (1998),Documentary,59138.0,1924
2199,Phoenix (1998),Crime|Drama,28047.0,1925
2200,Under Capricorn (1949),Drama,4175.0,1926
2201,"Paradine Case, The (1947)",Drama,31667.0,1927
2202,Lifeboat (1944),Drama|War,13321.0,1928
2203,Shadow of a Doubt (1943),Crime|Drama|Thriller,21734.0,1929
2204,Saboteur (1942),Mystery|Thriller,31997.0,1930
2205,Mr. & Mrs. Smith (1941),Comedy|Romance,24197.0,1931
2206,Suspicion (1941),Film-Noir|Mystery|Thriller,11462.0,1932
2207,Jamaica Inn (1939),Drama,31995.0,1933
2208,"Lady Vanishes, The (1938)",Drama|Mystery|Thriller,940.0,1934
2209,Young and Innocent (1937),Crime|Thriller,2762.0,1935
2210,Sabotage (1936),Thriller,12684.0,1936
2211,Secret Agent (1936),Thriller,2761.0,1937
2212,"Man Who Knew Too Much, The (1934)",Drama|Thriller,8208.0,1938
2214,Number Seventeen (a.k.a. Number 17) (1932),Thriller,15007.0,1939
2215,Rich and Strange (1931),Comedy|Romance,36049.0,1940
2219,Murder! (1930),Mystery|Thriller,31930.0,1941
2221,Blackmail (1929),Drama|Thriller,543.0,1942
2226,"Ring, The (1927)",Drama,36056.0,1943
2227,"Lodger: A Story of the London Fog, The (1927)",Crime|Drama|Thriller,2760.0,1944
2231,Rounders (1998),Drama,10220.0,1945
2232,Cube (1997),Horror|Mystery|Sci-Fi|Thriller,431.0,1946
2233,Digging to China (1998),Drama,31641.0,1947
2234,Let's Talk About Sex (1998),Drama,223318.0,1948
2236,Simon Birch (1998),Drama,22796.0,1949
2237,Without Limits (1998),Drama,22256.0,1950
2238,Seven Beauties (Pasqualino Settebellezze) (1976),Comedy|Drama,37550.0,1951
2239,Swept Away (Travolti da un insolito destino nell'azzurro mare d'Agosto) (1975),Comedy|Drama,37916.0,1952
2240,My Bodyguard (1980),Drama,21873.0,1953
2241,Class (1983),Comedy,21500.0,1954
2242,"Grandview, U.S.A. (1984)",Drama,84116.0,1955
2243,Broadcast News (1987),Comedy|Drama|Romance,12626.0,1956
2244,"Allnighter, The (1987)",Comedy|Romance,37818.0,1957
2245,Working Girl (1988),Comedy|Drama|Romance,3525.0,1958
2246,Stars and Bars (1988),Action|Comedy|Romance,129628.0,1959
2247,Married to the Mob (1988),Comedy,2321.0,1960
2248,Say Anything... (1989),Comedy|Drama|Romance,2028.0,1961
2249,My Blue Heaven (1990),Comedy,16384.0,1962
2250,Men Don't Leave (1990),Drama,91217.0,1963
2252,Hero (1992),Comedy|Drama,10699.0,1964
2253,Toys (1992),Comedy|Fantasy,11597.0,1965
2255,Young Doctors in Love (1982),Comedy,47947.0,1966
2256,Parasite (1982),Horror|Sci-Fi,48311.0,1967
2257,No Small Affair (1984),Comedy|Romance,44772.0,1968
2259,Blame It on Rio (1984),Comedy|Romance,14347.0,1969
2260,Wisdom (1986),Crime|Drama,41090.0,1970
2261,One Crazy Summer (1986),Comedy,18282.0,1971
2262,About Last Night... (1986),Comedy|Drama|Romance,18169.0,1972
2263,"Seventh Sign, The (1988)",Drama|Fantasy|Thriller,11082.0,1973
2264,We're No Angels (1989),Comedy|Crime,5971.0,1974
2265,Nothing But Trouble (1991),Adventure|Comedy,11933.0,1975
2266,"Butcher's Wife, The (1991)",Comedy|Romance,20096.0,1976
2267,Mortal Thoughts (1991),Mystery|Thriller,30815.0,1977
2268,"Few Good Men, A (1992)",Crime|Drama|Thriller,881.0,1978
2269,Indecent Proposal (1993),Drama|Romance,4478.0,1979
2271,Permanent Midnight (1998),Drama,22318.0,1980
2272,One True Thing (1998),Drama,53113.0,1981
2273,Rush Hour (1998),Action|Comedy|Crime|Thriller,2109.0,1982
2275,Six-String Samurai (1998),Action|Adventure|Sci-Fi,24746.0,1983
2276,"Soldier's Daughter Never Cries, A (1998)",Drama,72987.0,1984
2278,Ronin (1998),Action|Crime|Thriller,8195.0,1985
2279,Urban Legend (1998),Horror|Thriller,9877.0,1986
2280,Clay Pigeons (1998),Crime,26618.0,1987
2281,Monument Ave. (1998),Action|Crime|Drama,21132.0,1988
2282,Pecker (1998),Comedy|Drama,11855.0,1989
2283,"Sheltering Sky, The (1990)",Drama,24016.0,1990
2284,Bandit Queen (1994),Drama,14785.0,1991
2285,If.... (1968),Drama,14794.0,1992
2286,"Fiendish Plot of Dr. Fu Manchu, The (1980)",Comedy,3486.0,1993
2287,Them! (1954),Horror|Sci-Fi|Thriller,11071.0,1994
2288,"Thing, The (1982)",Action|Horror|Sci-Fi|Thriller,1091.0,1995
2289,"Player, The (1992)",Comedy|Crime|Drama,10403.0,1996
2290,Stardust Memories (1980),Comedy|Drama,11337.0,1997
2291,Edward Scissorhands (1990),Drama|Fantasy|Romance,162.0,1998
2292,Overnight Delivery (1998),Comedy|Romance,25723.0,1999
2293,Shadrach (1998),Drama,73351.0,2000
2294,Antz (1998),Adventure|Animation|Children|Comedy|Fantasy,8916.0,2001
2295,"Impostors, The (1998)",Comedy,28134.0,2002
2296,"Night at the Roxbury, A (1998)",Comedy,9429.0,2003
2297,What Dreams May Come (1998),Adventure|Drama|Fantasy|Romance,12159.0,2004
2298,Strangeland (1998),Thriller,27791.0,2005
2300,"Producers, The (1968)",Comedy,30197.0,2006
2301,History of the World: Part I (1981),Comedy|Musical,10156.0,2007
2302,My Cousin Vinny (1992),Comedy,10377.0,2008
2303,Nashville (1975),Drama|Musical,3121.0,2009
2304,Love Is the Devil (1998),Drama,4975.0,2010
2305,Slam (1998),Drama,37532.0,2011
2306,Holy Man (1998),Comedy,9713.0,2012
2307,One Tough Cop (1998),Action|Crime,134368.0,2013
2310,"Mighty, The (1998)",Drama,9821.0,2014
2311,2010: The Year We Make Contact (1984),Sci-Fi,4437.0,2015
2312,Children of a Lesser God (1986),Drama,1890.0,2016
2313,"Elephant Man, The (1980)",Drama,1955.0,2017
2314,Beloved (1998),Drama,39437.0,2018
2315,Bride of Chucky (Child's Play 4) (1998),Comedy|Horror|Thriller,11932.0,2019
2316,Practical Magic (1998),Drama|Fantasy|Mystery|Romance,6435.0,2020
2317,"Alarmist, The (a.k.a. Life During Wartime) (1997)",Comedy,108316.0,2021
2318,Happiness (1998),Comedy|Drama,10683.0,2022
2320,Apt Pupil (1998),Drama|Thriller,9445.0,2023
2321,Pleasantville (1998),Comedy|Drama|Fantasy,2657.0,2024
2322,Soldier (1998),Action|Sci-Fi|War,9425.0,2025
2323,"Cruise, The (1998)",Documentary,32326.0,2026
2324,Life Is Beautiful (La Vita è bella) (1997),Comedy|Drama|Romance|War,637.0,2027
2325,Orgazmo (1997),Comedy,8675.0,2028
2327,Tales from the Darkside: The Movie (1990),Fantasy|Horror|Thriller,20701.0,2029
2328,Vampires (1998),Horror|Western,9945.0,2030
2329,American History X (1998),Crime|Drama,73.0,2031
2330,Hands on a Hard Body (1996),Comedy|Documentary,18603.0,2032
2331,Living Out Loud (1998),Comedy|Drama|Romance,46889.0,2033
2332,Belly (1998),Crime|Drama,12888.0,2034
2333,Gods and Monsters (1998),Drama,3033.0,2035
2334,"Siege, The (1998)",Action|Thriller,9882.0,2036
2335,"Waterboy, The (1998)",Comedy,10663.0,2037
2336,Elizabeth (1998),Drama,4518.0,2038
2337,Velvet Goldmine (1998),Drama,1808.0,2039
2338,I Still Know What You Did Last Summer (1998),Horror|Mystery|Thriller,3600.0,2040
2339,I'll Be Home For Christmas (1998),Comedy|Romance,17037.0,2041
2340,Meet Joe Black (1998),Romance,297.0,2042
2341,Dancing at Lughnasa (1998),Drama,5332.0,2043
2342,Hard Core Logo (1996),Comedy|Drama,21589.0,2044
2344,Runaway Train (1985),Action|Adventure|Drama|Thriller,11893.0,2045
2345,Desert Bloom (1986),Drama,123056.0,2046
2346,"Stepford Wives, The (1975)",Mystery|Sci-Fi|Thriller,12223.0,2047
2347,"Pope of Greenwich Village, The (1984)",Drama,32081.0,2048
2348,Sid and Nancy (1986),Drama,14924.0,2049
2349,Mona Lisa (1986),Comedy|Thriller,10002.0,2050
2350,Heart Condition (1990),Comedy,41817.0,2051
2351,"Nights of Cabiria (Notti di Cabiria, Le) (1957)",Drama,19426.0,2052
2352,"Big Chill, The (1983)",Comedy|Drama,12560.0,2053
2353,Enemy of the State (1998),Action|Thriller,9798.0,2054
2354,"Rugrats Movie, The (1998)",Animation|Children|Comedy,14444.0,2055
2355,"Bug's Life, A (1998)",Adventure|Animation|Children|Comedy,9487.0,2056
2356,Celebrity (1998),Comedy,9466.0,2057
2357,Central Station (Central do Brasil) (1998),Drama,666.0,2058
2358,Savior (1998),Drama|War,2042.0,2059
2359,Waking Ned Devine (a.k.a. Waking Ned) (1998),Comedy,10162.0,2060
2360,"Celebration, The (Festen) (1998)",Drama,309.0,2061
2361,Pink Flamingos (1972),Comedy,692.0,2062
2362,Glen or Glenda (1953),Drama,24018.0,2063
2363,Godzilla (Gojira) (1954),Drama|Horror|Sci-Fi,1678.0,2064
2364,"Godzilla 1985: The Legend Is Reborn (Gojira) (Godzilla) (Return of Godzilla, The) (1984)",Action|Horror|Sci-Fi|Thriller,39256.0,2065
2365,King Kong vs. Godzilla (Kingukongu tai Gojira) (1962),Action|Sci-Fi,1680.0,2066
2366,King Kong (1933),Action|Adventure|Fantasy|Horror,244.0,2067
2367,King Kong (1976),Adventure|Fantasy|Romance|Sci-Fi|Thriller,10730.0,2068
2368,King Kong Lives (1986),Adventure|Sci-Fi,31947.0,2069
2369,Desperately Seeking Susan (1985),Comedy|Drama|Romance,8130.0,2070
2370,"Emerald Forest, The (1985)",Action|Adventure|Drama,11532.0,2071
2371,Fletch (1985),Comedy|Crime|Mystery,9749.0,2072
2372,Fletch Lives (1989),Comedy,14628.0,2073
2373,Red Sonja (1985),Action|Adventure|Fantasy,9626.0,2074
2374,Gung Ho (1986),Comedy|Drama,13698.0,2075
2375,"Money Pit, The (1986)",Comedy,10466.0,2076
2376,"View to a Kill, A (1985)",Action|Adventure|Thriller,707.0,2077
2377,Lifeforce (1985),Horror|Sci-Fi,11954.0,2078
2378,Police Academy (1984),Comedy|Crime,9336.0,2079
2379,Police Academy 2: Their First Assignment (1985),Comedy|Crime,10157.0,2080
2380,Police Academy 3: Back in Training (1986),Comedy|Crime,12118.0,2081
2381,Police Academy 4: Citizens on Patrol (1987),Comedy|Crime,10587.0,2082
2382,Police Academy 5: Assignment: Miami Beach (1988),Comedy|Crime,11825.0,2083
2383,Police Academy 6: City Under Siege (1989),Comedy|Crime,11895.0,2084
2384,Babe: Pig in the City (1998),Adventure|Children|Drama,9447.0,2085
2385,Home Fries (1998),Comedy|Romance,12257.0,2086
2386,Jerry Springer: Ringmaster (1998),Comedy|Drama,37536.0,2087
2387,Very Bad Things (1998),Comedy|Crime,10029.0,2088
2388,Steam: The Turkish Bath (Hamam) (1997),Drama|Romance,27104.0,2089
2389,Psycho (1998),Crime|Horror|Thriller,11252.0,2090
2390,Little Voice (1998),Comedy,8545.0,2091
2391,"Simple Plan, A (1998)",Crime|Drama|Thriller,10223.0,2092
2392,Jack Frost (1998),Children|Comedy|Drama,9745.0,2093
2393,Star Trek: Insurrection (1998),Action|Drama|Romance|Sci-Fi,200.0,2094
2394,"Prince of Egypt, The (1998)",Animation|Musical,9837.0,2095
2395,Rushmore (1998),Comedy|Drama,11545.0,2096
2396,Shakespeare in Love (1998),Comedy|Drama|Romance,1934.0,2097
2397,Mass Appeal (1984),Drama,110643.0,2098
2398,Miracle on 34th Street (1947),Comedy|Drama,11881.0,2099
2399,Santa Claus: The Movie (1985),Adventure|Children|Fantasy,13764.0,2100
2400,Prancer (1989),Children|Drama|Fantasy,24951.0,2101
2401,Pale Rider (1985),Western,8879.0,2102
2402,Rambo: First Blood Part II (1985),Action|Adventure|Thriller,1369.0,2103
2403,First Blood (Rambo: First Blood) (1982),Action|Adventure|Drama|Thriller,1368.0,2104
2404,Rambo III (1988),Action|Adventure|Thriller|War,1370.0,2105
2405,"Jewel of the Nile, The (1985)",Action|Adventure|Comedy|Romance,10303.0,2106
2406,Romancing the Stone (1984),Action|Adventure|Comedy|Romance,9326.0,2107
2407,Cocoon (1985),Comedy|Sci-Fi,10328.0,2108
2408,Cocoon: The Return (1988),Comedy|Sci-Fi,11285.0,2109
2409,Rocky II (1979),Action|Drama,1367.0,2110
2410,Rocky III (1982),Action|Drama,1371.0,2111
2411,Rocky IV (1985),Action|Drama,1374.0,2112
2412,Rocky V (1990),Action|Drama,1375.0,2113
2413,Clue (1985),Comedy|Crime|Mystery|Thriller,15196.0,2114
2414,Young Sherlock Holmes (1985),Action|Adventure|Children|Fantasy|Mystery|Thriller,11904.0,2115
2415,Violets Are Blue... (1986),Drama|Romance,215875.0,2116
2416,Back to School (1986),Comedy,15596.0,2117
2417,Heartburn (1986),Comedy|Drama,13818.0,2118
2418,Nothing in Common (1986),Comedy,29968.0,2119
2419,Extremities (1986),Drama|Thriller,44326.0,2120
2420,"Karate Kid, The (1984)",Drama,1885.0,2121
2421,"Karate Kid, Part II, The (1986)",Action|Adventure|Drama,8856.0,2122
2422,"Karate Kid, Part III, The (1989)",Action|Adventure|Children|Drama,10495.0,2123
2423,Christmas Vacation (National Lampoon's Christmas Vacation) (1989),Comedy,5825.0,2124
2424,You've Got Mail (1998),Comedy|Romance,9489.0,2125
2425,"General, The (1998)",Crime,16885.0,2126
2426,"Theory of Flight, The (1998)",Comedy|Drama|Romance,76857.0,2127
2427,"Thin Red Line, The (1998)",Action|Drama|War,8741.0,2128
2428,"Faculty, The (1998)",Horror|Sci-Fi,9276.0,2129
2429,Mighty Joe Young (1998),Action|Adventure|Drama|Fantasy|Thriller,9822.0,2130
2430,Mighty Joe Young (1949),Adventure|Children|Drama,39314.0,2131
2431,Patch Adams (1998),Comedy|Drama,10312.0,2132
2432,Stepmom (1998),Drama,9441.0,2133
2433,"Civil Action, A (1998)",Drama,9422.0,2134
2434,Down in the Delta (1998),Drama,125582.0,2135
2435,Hurlyburly (1998),Drama,24525.0,2136
2436,Tea with Mussolini (1999),Comedy|Drama|War,10368.0,2137
2437,Wilde (1997),Drama,11365.0,2138
2439,Affliction (1997),Drama,31662.0,2139
2440,Another Day in Paradise (1998),Drama,36136.0,2140
2441,"Hi-Lo Country, The (1998)",Drama|Romance|Western,1363.0,2141
2442,Hilary and Jackie (1998),Drama,46992.0,2142
2443,Playing by Heart (1998),Drama|Romance,825.0,2143
2444,24 7: Twenty Four Seven (1997),Comedy|Drama,22913.0,2144
2445,At First Sight (1999),Drama,15556.0,2145
2446,In Dreams (1999),Horror|Thriller,28902.0,2146
2447,Varsity Blues (1999),Comedy|Drama,14709.0,2147
2448,Virus (1999),Horror|Sci-Fi,9423.0,2148
2449,"Garbage Pail Kids Movie, The (1987)",Adventure|Children|Comedy,14443.0,2149
2450,Howard the Duck (1986),Adventure|Comedy|Sci-Fi,10658.0,2150
2451,"Gate, The (1987)",Horror,6917.0,2151
2452,"Gate II: Trespassers, The (1990)",Horror,40729.0,2152
2453,"Boy Who Could Fly, The (1986)",Drama|Fantasy,24086.0,2153
2454,"Fly, The (1958)",Horror|Mystery|Sci-Fi,11815.0,2154
2455,"Fly, The (1986)",Drama|Horror|Sci-Fi|Thriller,9426.0,2155
2456,"Fly II, The (1989)",Horror|Sci-Fi,10344.0,2156
2457,Running Scared (1986),Action|Comedy,15698.0,2157
2458,Armed and Dangerous (1986),Comedy|Crime,2620.0,2158
2459,"Texas Chainsaw Massacre, The (1974)",Horror,30497.0,2159
2460,"Texas Chainsaw Massacre 2, The (1986)",Horror,16337.0,2160
2461,Leatherface: Texas Chainsaw Massacre III (1990),Comedy|Horror|Thriller,25018.0,2161
2462,Texas Chainsaw Massacre: The Next Generation (a.k.a. The Return of the Texas Chainsaw Massacre) (1994),Horror,16780.0,2162
2463,Ruthless People (1986),Comedy,12151.0,2163
2464,Trick or Treat (1986),Horror,25438.0,2164
2465,Deadly Friend (1986),Horror,33278.0,2165
2466,Belizaire the Cajun (1986),Drama,274253.0,2166
2467,"Name of the Rose, The (Name der Rose, Der) (1986)",Crime|Drama|Mystery|Thriller,192.0,2167
2468,Jumpin' Jack Flash (1986),Action|Comedy|Romance|Thriller,10945.0,2168
2469,Peggy Sue Got Married (1986),Comedy|Drama,10013.0,2169
2470,Crocodile Dundee (1986),Adventure|Comedy,9671.0,2170
2471,Crocodile Dundee II (1988),Action|Adventure|Comedy,9396.0,2171
2472,Tough Guys (1986),Comedy,11038.0,2172
2473,Soul Man (1986),Comedy,12278.0,2173
2474,"Color of Money, The (1986)",Drama,11873.0,2174
2475,52 Pick-Up (1986),Action|Mystery|Thriller,18588.0,2175
2476,Heartbreak Ridge (1986),Action|War,10015.0,2176
2477,Firewalker (1986),Adventure,12715.0,2177
2478,¡Three Amigos! (1986),Comedy|Western,8388.0,2178
2479,Gloria (1999),Drama|Thriller,45712.0,2179
2481,My Name Is Joe (1998),Drama|Romance,8129.0,2180
2482,Still Crazy (1998),Comedy|Romance,1618.0,2181
2483,"Day of the Beast, The (Día de la Bestia, El) (1995)",Adventure|Comedy|Thriller,10722.0,2182
2485,She's All That (1999),Comedy|Romance,10314.0,2183
2486,"24 Hour Woman, The (1998)",Comedy|Drama,125548.0,2184
2487,"Blood, Guts, Bullets and Octane (1998)",Action|Comedy,47139.0,2185
2488,Peeping Tom (1960),Drama|Horror|Thriller,11167.0,2186
2490,Payback (1999),Action|Thriller,2112.0,2187
2491,Simply Irresistible (1999),Comedy|Romance,16172.0,2188
2492,20 Dates (1998),Comedy|Romance,111794.0,2189
2493,"Harmonists, The (1997)",Drama,9524.0,2190
2494,"Last Days, The (1998)",Documentary,20595.0,2191
2495,"Fantastic Planet, The (Planète sauvage, La) (1973)",Animation|Sci-Fi,16306.0,2192
2496,Blast from the Past (1999),Comedy|Romance,11622.0,2193
2497,Message in a Bottle (1999),Romance,10207.0,2194
2498,My Favorite Martian (1999),Comedy|Sci-Fi,9849.0,2195
2499,God Said 'Ha!' (1998),Comedy,82865.0,2196
2500,Jawbreaker (1999),Comedy,18892.0,2197
2501,October Sky (1999),Drama,13466.0,2198
2502,Office Space (1999),Comedy|Crime,1542.0,2199
2503,"Apple, The (Sib) (1998)",Drama,43978.0,2200
2504,200 Cigarettes (1999),Comedy|Drama,15256.0,2201
2505,8MM (1999),Drama|Mystery|Thriller,8224.0,2202
2506,"Other Sister, The (1999)",Comedy|Drama|Romance,18417.0,2203
2507,Breakfast of Champions (1999),Comedy|Sci-Fi,12479.0,2204
2509,Eight Days a Week (1997),Comedy,15209.0,2205
2510,Just the Ticket (1999),Comedy|Romance,26425.0,2206
2511,"Long Goodbye, The (1973)",Crime|Film-Noir,1847.0,2207
2512,"Ballad of Narayama, The (Narayama bushiko) (1983)",Drama,42113.0,2208
2513,Pet Sematary (1989),Horror,8913.0,2209
2514,Pet Sematary II (1992),Comedy|Horror,10906.0,2210
2515,Children of the Corn II: The Final Sacrifice (1993),Horror,25748.0,2211
2516,Children of the Corn III (1994),Horror,25749.0,2212
2517,Christine (1983),Horror,8769.0,2213
2518,Night Shift (1982),Comedy,14742.0,2214
2519,House on Haunted Hill (1959),Drama|Horror|Thriller,15856.0,2215
2520,Airport (1970),Drama,10671.0,2216
2521,Airport 1975 (1974),Action|Drama|Thriller,27932.0,2217
2522,Airport '77 (1977),Drama,7227.0,2218
2523,Rollercoaster (1977),Drama|Thriller,10670.0,2219
2524,"Towering Inferno, The (1974)",Action|Adventure|Drama|Thriller,5919.0,2220
2525,Alligator (1980),Action|Horror|Sci-Fi,33518.0,2221
2526,Meteor (1979),Sci-Fi,40160.0,2222
2527,Westworld (1973),Action|Sci-Fi|Thriller|Western,2362.0,2223
2528,Logan's Run (1976),Action|Adventure|Sci-Fi,10803.0,2224
2529,Planet of the Apes (1968),Action|Drama|Sci-Fi,871.0,2225
2530,Beneath the Planet of the Apes (1970),Action|Sci-Fi,1685.0,2226
2531,Battle for the Planet of the Apes (1973),Action|Sci-Fi,1705.0,2227
2532,Conquest of the Planet of the Apes (1972),Action|Sci-Fi,1688.0,2228
2533,Escape from the Planet of the Apes (1971),Action|Sci-Fi,1687.0,2229
2534,Avalanche (1978),Action,166680.0,2230
2535,Earthquake (1974),Action|Drama|Thriller,11123.0,2231
2536,"Concorde: Airport '79, The (1979)",Drama,29723.0,2232
2537,Beyond the Poseidon Adventure (1979),Adventure,31638.0,2233
2539,Analyze This (1999),Comedy,9535.0,2234
2540,"Corruptor, The (1999)",Action|Crime|Drama|Thriller,9455.0,2235
2541,Cruel Intentions (1999),Drama,796.0,2236
2542,"Lock, Stock & Two Smoking Barrels (1998)",Comedy|Crime|Thriller,100.0,2237
2544,"School of Flesh, The (École de la chair, L') (1998)",Drama|Romance,77936.0,2238
2545,Relax... It's Just Sex (1998),Comedy,84586.0,2239
2546,"Deep End of the Ocean, The (1999)",Drama,30943.0,2240
2548,"Rage: Carrie 2, The (1999)",Horror,7341.0,2241
2549,Wing Commander (1999),Action|Sci-Fi,10350.0,2242
2550,"Haunting, The (1963)",Horror|Thriller,11772.0,2243
2551,Dead Ringers (1988),Drama|Horror|Thriller,9540.0,2244
2552,My Boyfriend's Back (1993),Comedy,31503.0,2245
2553,Village of the Damned (1960),Horror|Sci-Fi|Thriller,11773.0,2246
2554,Children of the Damned (1963),Horror|Sci-Fi|Thriller,30202.0,2247
2555,Baby Geniuses (1999),Comedy,22345.0,2248
2557,I Stand Alone (Seul contre tous) (1998),Drama|Thriller,1567.0,2249
2558,Forces of Nature (1999),Comedy|Romance,1641.0,2250
2559,"King and I, The (1999)",Animation|Children,47288.0,2251
2560,Ravenous (1999),Horror|Thriller,10212.0,2252
2561,True Crime (1999),Crime|Thriller,10354.0,2253
2562,Bandits (1997),Drama,11526.0,2254
2563,Dangerous Beauty (1998),Drama,8583.0,2255
2565,"King and I, The (1956)",Drama|Musical|Romance,16520.0,2256
2566,Doug's 1st Movie (1999),Animation|Children,16508.0,2257
2567,EDtv (1999),Comedy,11374.0,2258
2568,"Mod Squad, The (1999)",Action|Crime,16379.0,2259
2570,"Walk on the Moon, A (1999)",Drama|Romance,28029.0,2260
2571,"Matrix, The (1999)",Action|Sci-Fi|Thriller,603.0,2261
2572,10 Things I Hate About You (1999),Comedy|Romance,4951.0,2262
2573,Tango (1998),Drama|Musical,65749.0,2263
2574,"Out-of-Towners, The (1999)",Comedy,8970.0,2264
2575,"Dreamlife of Angels, The (Vie rêvée des anges, La) (1998)",Drama,9840.0,2265
2577,Metroland (1997),Comedy|Drama,30950.0,2266
2578,"Sticky Fingers of Time, The (1997)",Sci-Fi,70687.0,2267
2579,Following (1998),Crime|Mystery|Thriller,11660.0,2268
2580,Go (1999),Comedy|Crime,9430.0,2269
2581,Never Been Kissed (1999),Comedy|Romance,11355.0,2270
2582,Twin Dragons (Shuang long hui) (1992),Action|Comedy,18764.0,2271
2583,Cookie's Fortune (1999),Comedy|Drama,9465.0,2272
2585,"Lovers of the Arctic Circle, The (Los Amantes del Círculo Polar) (1998)",Drama|Romance,1414.0,2273
2586,Goodbye Lover (1999),Comedy|Crime|Thriller,49981.0,2274
2587,Life (1999),Comedy|Crime|Drama,6522.0,2275
2589,Friends & Lovers (1999),Comedy|Drama|Romance,114719.0,2276
2590,Hideous Kinky (1998),Drama,10209.0,2277
2593,"Monster, The (Mostro, Il) (1994)",Comedy,22826.0,2278
2594,Open Your Eyes (Abre los ojos) (1997),Drama|Romance|Sci-Fi|Thriller,1902.0,2279
2596,SLC Punk! (1998),Comedy|Drama,6396.0,2280
2597,Lost & Found (1999),Comedy|Romance,39964.0,2281
2598,Pushing Tin (1999),Comedy,12596.0,2282
2599,Election (1999),Comedy,9451.0,2283
2600,eXistenZ (1999),Action|Sci-Fi|Thriller,1946.0,2284
2602,Mighty Peking Man (a.k.a. Goliathon) (Xing xing wang) (1977),Action|Adventure|Horror|Sci-Fi,42230.0,2285
2605,Entrapment (1999),Crime|Thriller,1844.0,2286
2606,Idle Hands (1999),Comedy|Horror,6552.0,2287
2607,Get Real (1998),Drama|Romance,24584.0,2288
2609,"King of Masks, The (Bian Lian) (1996)",Drama,25471.0,2289
2610,Three Seasons (1999),Drama,4154.0,2290
2611,"Winslow Boy, The (1999)",Drama,28519.0,2291
2612,Mildred Pierce (1945),Drama|Film-Noir,3309.0,2292
2613,Night of the Comet (1984),Comedy|Horror|Sci-Fi,18462.0,2293
2614,Chopping Mall (a.k.a. Killbots) (1986),Action|Horror|Sci-Fi,28941.0,2294
2615,My Science Project (1985),Adventure|Sci-Fi,18252.0,2295
2616,Dick Tracy (1990),Action|Crime,8592.0,2296
2617,"Mummy, The (1999)",Action|Adventure|Comedy|Fantasy|Horror|Thriller,564.0,2297
2618,"Castle, The (1997)",Comedy,13852.0,2298
2620,This Is My Father (1998),Drama|Romance,25232.0,2299
2621,Xiu Xiu: The Sent-Down Girl (Tian yu) (1998),Drama,33194.0,2300
2622,William Shakespeare's A Midsummer Night's Dream (1999),Comedy|Fantasy,10210.0,2301
2624,After Life (Wandafuru raifu) (1998),Drama|Fantasy,17962.0,2302
2625,Black Mask (Hak hap) (1996),Action|Adventure|Crime|Sci-Fi|Thriller,9460.0,2303
2626,Edge of Seventeen (1998),Comedy|Drama|Romance,4927.0,2304
2627,Endurance (1999),Documentary|Drama,122190.0,2305
2628,Star Wars: Episode I - The Phantom Menace (1999),Action|Adventure|Sci-Fi,1893.0,2306
2629,"Love Letter, The (1999)",Comedy|Romance,31342.0,2307
2630,Besieged (a.k.a. L' Assedio) (1998),Drama,44297.0,2308
2632,"Saragossa Manuscript, The (Rekopis znaleziony w Saragossie) (1965)",Adventure|Drama|Mystery,8785.0,2309
2633,"Mummy, The (1932)",Horror|Romance,15849.0,2310
2634,"Mummy, The (1959)",Horror,18990.0,2311
2635,"Mummy's Curse, The (1944)",Horror,29242.0,2312
2636,"Mummy's Ghost, The (1944)",Horror,29243.0,2313
2637,"Mummy's Hand, The (1940)",Horror,31498.0,2314
2638,"Mummy's Tomb, The (1942)",Horror,29239.0,2315
2639,Mommie Dearest (1981),Drama,15660.0,2316
2640,Superman (1978),Action|Adventure|Sci-Fi,1924.0,2317
2641,Superman II (1980),Action|Sci-Fi,8536.0,2318
2642,Superman III (1983),Action|Adventure|Sci-Fi,9531.0,2319
2643,Superman IV: The Quest for Peace (1987),Action|Adventure|Sci-Fi,11411.0,2320
2644,Dracula (1931),Horror,138.0,2321
2646,House of Dracula (1945),Horror,30793.0,2322
2647,House of Frankenstein (1944),Horror,3103.0,2323
2648,Frankenstein (1931),Drama|Horror|Sci-Fi,3035.0,2324
2649,Son of Frankenstein (1939),Horror,3077.0,2325
2650,"Ghost of Frankenstein, The (1942)",Horror,3074.0,2326
2651,Frankenstein Meets the Wolf Man (1943),Horror,3076.0,2327
2652,"Curse of Frankenstein, The (1957)",Horror,3079.0,2328
2653,Son of Dracula (1943),Horror,32023.0,2329
2654,"Wolf Man, The (1941)",Drama|Fantasy|Horror,13666.0,2330
2655,Howling II: Your Sister Is a Werewolf (1985),Horror,29794.0,2331
2656,Tarantula (1955),Horror|Sci-Fi,9077.0,2332
2657,"Rocky Horror Picture Show, The (1975)",Comedy|Horror|Musical|Sci-Fi,36685.0,2333
2659,It Came from Hollywood (1982),Comedy|Documentary,30168.0,2334
2660,"Thing from Another World, The (1951)",Horror|Sci-Fi,10785.0,2335
2661,It Came from Outer Space (1953),Sci-Fi,19483.0,2336
2662,"War of the Worlds, The (1953)",Action|Drama|Sci-Fi,8974.0,2337
2663,It Came from Beneath the Sea (1955),Sci-Fi,29959.0,2338
2664,Invasion of the Body Snatchers (1956),Horror|Sci-Fi|Thriller,11549.0,2339
2665,Earth vs. the Flying Saucers (1956),Sci-Fi,18158.0,2340
2666,It Conquered the World (1956),Sci-Fi,27625.0,2341
2667,"Mole People, The (1956)",Horror|Sci-Fi,41516.0,2342
2668,Swamp Thing (1982),Horror|Sci-Fi,17918.0,2343
2669,Pork Chop Hill (1959),War,37305.0,2344
2670,Run Silent Run Deep (1958),War,18784.0,2345
2671,Notting Hill (1999),Comedy|Romance,509.0,2346
2672,"Thirteenth Floor, The (1999)",Drama|Sci-Fi|Thriller,1090.0,2347
2673,Eternity and a Day (Mia aoniotita kai mia mera) (1998),Drama,24858.0,2348
2674,"Loss of Sexual Innocence, The (1999)",Drama|Fantasy,15059.0,2349
2675,"Twice Upon a Yesterday (a.k.a. Man with Rain in His Shoes, The) (1998)",Comedy|Drama|Romance,55912.0,2350
2676,Instinct (1999),Drama|Thriller,12117.0,2351
2677,Buena Vista Social Club (1999),Documentary|Musical,11779.0,2352
2678,Desert Blue (1998),Drama,41730.0,2353
2679,Finding North (1998),Comedy|Drama|Romance,84198.0,2354
2681,Free Enterprise (1998),Comedy|Romance|Sci-Fi,13533.0,2355
2682,Limbo (1999),Drama,62676.0,2356
2683,Austin Powers: The Spy Who Shagged Me (1999),Action|Adventure|Comedy,817.0,2357
2685,"Red Dwarf, The (Nain rouge, Le) (1998)",Comedy|Drama,91598.0,2358
2686,"Red Violin, The (Violon rouge, Le) (1998)",Drama|Mystery,14283.0,2359
2687,Tarzan (1999),Adventure|Animation|Children|Drama,37135.0,2360
2688,"General's Daughter, The (1999)",Crime|Drama|Mystery|Thriller,2275.0,2361
2689,Get Bruce (1999),Documentary,68426.0,2362
2690,"Ideal Husband, An (1999)",Comedy|Romance,24137.0,2363
2691,"Legend of 1900, The (a.k.a. The Legend of the Pianist on the Ocean) (Leggenda del pianista sull'oceano) (1998)",Drama,10376.0,2364
2692,Run Lola Run (Lola rennt) (1998),Action|Crime,104.0,2365
2693,Trekkies (1997),Documentary,15800.0,2366
2694,Big Daddy (1999),Comedy,9032.0,2367
2695,"Boys, The (1998)",Drama,13821.0,2368
2696,"Dinner Game, The (Dîner de cons, Le) (1998)",Comedy,9421.0,2369
2697,My Son the Fanatic (1997),Comedy|Drama|Romance,55955.0,2370
2699,Arachnophobia (1990),Comedy|Horror,6488.0,2371
2700,"South Park: Bigger, Longer and Uncut (1999)",Animation|Comedy|Musical,9473.0,2372
2701,Wild Wild West (1999),Action|Comedy|Sci-Fi|Western,8487.0,2373
2702,Summer of Sam (1999),Drama,10279.0,2374
2704,"Lovers on the Bridge, The (Amants du Pont-Neuf, Les) (1991)",Drama|Romance,2767.0,2375
2705,"Late August, Early September (Fin août, début septembre) (1998)",Drama,78568.0,2376
2706,American Pie (1999),Comedy|Romance,2105.0,2377
2707,Arlington Road (1999),Thriller,1073.0,2378
2708,"Autumn Tale, An (Conte d'automne) (1998)",Romance,10239.0,2379
2709,Muppets From Space (1999),Children|Comedy,10208.0,2380
2710,"Blair Witch Project, The (1999)",Drama|Horror|Thriller,2667.0,2381
2711,My Life So Far (1999),Drama,48958.0,2382
2712,Eyes Wide Shut (1999),Drama|Mystery|Thriller,345.0,2383
2713,Lake Placid (1999),Horror|Thriller,9825.0,2384
2714,"Wood, The (1999)",Drama,16158.0,2385
2715,"Velocity of Gary, The (1998)",Comedy|Romance,133575.0,2386
2716,Ghostbusters (a.k.a. Ghost Busters) (1984),Action|Comedy|Sci-Fi,620.0,2387
2717,Ghostbusters II (1989),Comedy|Fantasy|Sci-Fi,2978.0,2388
2718,Drop Dead Gorgeous (1999),Comedy,10490.0,2389
2719,"Haunting, The (1999)",Horror|Thriller,11618.0,2390
2720,Inspector Gadget (1999),Action|Adventure|Children|Comedy,332.0,2391
2721,Trick (1999),Comedy|Romance,1812.0,2392
2722,Deep Blue Sea (1999),Action|Horror|Sci-Fi|Thriller,8914.0,2393
2723,Mystery Men (1999),Action|Comedy|Fantasy,9824.0,2394
2724,Runaway Bride (1999),Comedy|Romance,4806.0,2395
2725,Twin Falls Idaho (1999),Drama,33430.0,2396
2726,"Killing, The (1956)",Crime|Film-Noir,247.0,2397
2727,Killer's Kiss (1955),Crime|Film-Noir,10056.0,2398
2728,Spartacus (1960),Action|Drama|Romance|War,967.0,2399
2729,Lolita (1962),Drama|Romance,802.0,2400
2730,Barry Lyndon (1975),Drama|Romance|War,3175.0,2401
2731,"400 Blows, The (Les quatre cents coups) (1959)",Crime|Drama,147.0,2402
2732,Jules and Jim (Jules et Jim) (1961),Drama|Romance,1628.0,2403
2733,Vibes (1988),Adventure|Comedy|Romance,21185.0,2404
2734,"Mosquito Coast, The (1986)",Adventure|Drama|Thriller,11120.0,2405
2735,"Golden Child, The (1986)",Action|Adventure|Comedy|Fantasy|Mystery,10136.0,2406
2736,Brighton Beach Memoirs (1986),Comedy,32060.0,2407
2737,Assassination (1987),Action|Drama|Thriller,48686.0,2408
2738,Crimes of the Heart (1986),Comedy|Drama,48259.0,2409
2739,"Color Purple, The (1985)",Drama,873.0,2410
2740,"Kindred, The (1986)",Horror|Sci-Fi,48660.0,2411
2741,No Mercy (1986),Action|Crime|Thriller,26789.0,2412
2743,Native Son (1986),Drama,108312.0,2413
2744,Otello (1986),Drama,198469.0,2414
2745,"Mission, The (1986)",Drama,11416.0,2415
2746,Little Shop of Horrors (1986),Comedy|Horror|Musical,10776.0,2416
2747,"Little Shop of Horrors, The (1960)",Comedy|Horror,24452.0,2417
2748,Allan Quatermain and the Lost City of Gold (1987),Action|Adventure|Comedy,9710.0,2418
2749,"Morning After, The (1986)",Drama|Mystery,31924.0,2419
2750,Radio Days (1987),Comedy|Drama,30890.0,2420
2751,From the Hip (1987),Comedy|Drama,24081.0,2421
2752,Outrageous Fortune (1987),Comedy|Mystery,20242.0,2422
2753,"Bedroom Window, The (1987)",Thriller,39074.0,2423
2754,Deadtime Stories (1987),Horror,66194.0,2424
2755,Light of Day (1987),Drama,2115.0,2425
2756,Wanted: Dead or Alive (1987),Action,23599.0,2426
2757,Frances (1982),Drama,3526.0,2427
2758,Plenty (1985),Drama,41166.0,2428
2759,Dick (1999),Comedy,16406.0,2429
2761,"Iron Giant, The (1999)",Adventure|Animation|Children|Drama|Sci-Fi,10386.0,2430
2762,"Sixth Sense, The (1999)",Drama|Horror|Mystery,745.0,2431
2763,"Thomas Crown Affair, The (1999)",Action|Mystery,913.0,2432
2764,"Thomas Crown Affair, The (1968)",Crime|Drama|Romance|Thriller,912.0,2433
2765,"Acid House, The (1998)",Comedy|Drama,12229.0,2434
2766,"Adventures of Sebastian Cole, The (1998)",Comedy|Drama,67323.0,2435
2767,Illuminata (1998),Comedy,91076.0,2436
2768,Stiff Upper Lips (1998),Comedy,89861.0,2437
2769,"Yards, The (2000)",Crime|Drama,19457.0,2438
2770,Bowfinger (1999),Comedy,11353.0,2439
2771,Brokedown Palace (1999),Drama,17707.0,2440
2772,Detroit Rock City (1999),Comedy,9781.0,2441
2773,Alice and Martin (Alice et Martin) (1998),Drama,102489.0,2442
2774,Better Than Chocolate (1999),Comedy|Romance,18212.0,2443
2775,Head On (1998),Drama,13817.0,2444
2776,"Marcello Mastroianni: I Remember Yes, I Remember (Marcello Mastroianni: mi ricordo, sì, io mi ricordo) (1997)",Documentary,126996.0,2445
2777,Cobra (1925),Drama,38715.0,2446
2778,Never Talk to Strangers (1995),Crime|Drama|Romance|Thriller,48781.0,2447
2779,Heaven Can Wait (1978),Comedy,12185.0,2448
2780,"Raven, The (1963)",Comedy|Horror,29056.0,2449
2781,"Tingler, The (1959)",Horror,26857.0,2450
2782,Pit and the Pendulum (1961),Horror,28501.0,2451
2783,"Tomb of Ligeia, The (1965)",Horror,29030.0,2452
2784,"Masque of the Red Death, The (1964)",Horror,25319.0,2453
2785,Tales of Terror (1962),Horror,29074.0,2454
2786,Haunted Honeymoon (1986),Comedy,24103.0,2455
2787,Cat's Eye (1985),Horror,10552.0,2456
2788,Monty Python's And Now for Something Completely Different (1971),Comedy,9267.0,2457
2789,Damien: Omen II (1978),Horror,10766.0,2458
2790,"Final Conflict, The (a.k.a. Omen III: The Final Conflict) (1981)",Horror|Thriller,10768.0,2459
2791,Airplane! (1980),Comedy,813.0,2460
2792,Airplane II: The Sequel (1982),Comedy,2665.0,2461
2793,"American Werewolf in Paris, An (1997)",Comedy|Horror|Romance|Thriller,9406.0,2462
2794,European Vacation (aka National Lampoon's European Vacation) (1985),Adventure|Comedy|Romance,11418.0,2463
2795,National Lampoon's Vacation (1983),Comedy,11153.0,2464
2796,Funny Farm (1988),Comedy,14170.0,2465
2797,Big (1988),Comedy|Drama|Fantasy|Romance,2280.0,2466
2798,Problem Child (1990),Children|Comedy,11077.0,2467
2799,Problem Child 2 (1991),Comedy,28597.0,2468
2800,Little Nemo: Adventures in Slumberland (1992),Adventure|Animation|Children|Drama|Fantasy,22611.0,2469
2801,Oscar and Lucinda (a.k.a. Oscar & Lucinda) (1997),Drama|Romance,39780.0,2470
2802,Tequila Sunrise (1988),Action|Drama|Romance|Thriller,10396.0,2471
2803,"Pelican Brief, The (1993)",Crime|Drama|Mystery|Romance|Thriller,9944.0,2472
2804,"Christmas Story, A (1983)",Children|Comedy,850.0,2473
2805,Mickey Blue Eyes (1999),Comedy|Romance,10154.0,2474
2806,Teaching Mrs. Tingle (1999),Comedy|Thriller,10342.0,2475
2807,Universal Soldier: The Return (1999),Action|Sci-Fi,10366.0,2476
2808,Universal Soldier (1992),Action|Sci-Fi,9349.0,2477
2809,Love Stinks (1999),Comedy,15122.0,2478
2810,Perfect Blue (1997),Animation|Horror|Mystery|Thriller,10494.0,2479
2812,In Too Deep (1999),Action|Thriller,22314.0,2480
2813,"Source, The (1999)",Documentary,51679.0,2481
2814,"Bat, The (1959)",Horror,35813.0,2482
2815,Iron Eagle (1986),Action|War,11037.0,2483
2816,Iron Eagle II (1988),Action|War,11955.0,2484
2817,Aces: Iron Eagle III (1992),Action,2038.0,2485
2818,Iron Eagle IV (1995),Action|War,28737.0,2486
2819,Three Days of the Condor (3 Days of the Condor) (1975),Drama|Mystery|Romance|Thriller,11963.0,2487
2820,Hamlet (1964),Drama,141489.0,2488
2822,Medicine Man (1992),Adventure|Romance,9096.0,2489
2824,On the Ropes (1999),Documentary|Drama,113273.0,2490
2825,Rosie (1998),Drama,103793.0,2491
2826,"13th Warrior, The (1999)",Action|Adventure|Fantasy,1911.0,2492
2827,"Astronaut's Wife, The (1999)",Horror|Sci-Fi|Thriller,2900.0,2493
2828,Dudley Do-Right (1999),Children|Comedy,17709.0,2494
2829,"Muse, The (1999)",Comedy,37718.0,2495
2830,Cabaret Balkan (Bure Baruta) (1998),Drama,47144.0,2496
2831,A Dog of Flanders (1999),Children|Drama,104896.0,2497
2833,Lucie Aubrac (1997),Romance|War,52366.0,2498
2834,"Very Thought of You, The (1998)",Comedy|Romance,6373.0,2499
2835,Chill Factor (1999),Action|Adventure|Comedy|Thriller,2162.0,2500
2836,Outside Providence (1999),Comedy,14578.0,2501
2837,Bedrooms & Hallways (1998),Comedy|Romance,40694.0,2502
2839,West Beirut (West Beyrouth) (1998),Drama,49184.0,2503
2840,Stigmata (1999),Drama|Thriller,10307.0,2504
2841,Stir of Echoes (1999),Horror|Mystery|Thriller,11601.0,2505
2842,Best Laid Plans (1999),Crime|Drama,18621.0,2506
2843,"Black Cat, White Cat (Crna macka, beli macor) (1998)",Comedy|Romance,1075.0,2507
2844,"Minus Man, The (1999)",Drama|Mystery,21719.0,2508
2846,"Adventures of Milo and Otis, The (Koneko monogatari) (1986)",Adventure|Children|Comedy|Drama,47951.0,2509
2847,Only Angels Have Wings (1939),Adventure|Drama|Romance,43832.0,2510
2848,"Othello (Tragedy of Othello: The Moor of Venice, The) (1952)",Drama,47697.0,2511
2849,Queens Logic (1991),Comedy|Drama,49792.0,2512
2850,Public Access (1993),Drama|Thriller,77064.0,2513
2851,Saturn 3 (1980),Adventure|Sci-Fi|Thriller,,2514
2852,"Soldier's Story, A (1984)",Drama,26522.0,2515
2853,"Alice, Sweet Alice (a.k.a. Communion) (a.k.a. Holy Terror) (1976)",Horror|Mystery,23761.0,2516
2854,Don't Look in the Basement! (1973),Horror,24097.0,2517
2855,Nightmares (1983),Horror,42114.0,2518
2856,I Saw What You Did (1965),Thriller,28295.0,2519
2857,Yellow Submarine (1968),Adventure|Animation|Comedy|Fantasy|Musical,12105.0,2520
2858,American Beauty (1999),Drama|Romance,14.0,2521
2859,Stop Making Sense (1984),Documentary|Musical,24128.0,2522
2860,Blue Streak (1999),Comedy,11001.0,2523
2861,For Love of the Game (1999),Comedy|Drama,10390.0,2524
2862,Caligula (1979),Drama,9453.0,2525
2863,"Hard Day's Night, A (1964)",Adventure|Comedy|Musical,704.0,2526
2864,Splendor (1999),Comedy,35122.0,2527
2865,Sugar Town (1999),Comedy,142132.0,2528
2866,"Buddy Holly Story, The (1978)",Drama,24153.0,2529
2867,Fright Night (1985),Comedy|Horror|Thriller,11797.0,2530
2868,Fright Night Part II (1988),Horror,18086.0,2531
2870,Barefoot in the Park (1967),Comedy,17887.0,2532
2871,Deliverance (1972),Adventure|Drama|Thriller,10669.0,2533
2872,Excalibur (1981),Adventure|Fantasy,11527.0,2534
2873,Lulu on the Bridge (1998),Drama|Mystery|Romance,42848.0,2535
2874,"Pajama Game, The (1957)",Comedy|Musical|Romance,40867.0,2536
2875,Sommersby (1993),Drama|Mystery|Romance,1049.0,2537
2876,Thumbelina (1994),Animation|Children|Fantasy,28032.0,2538
2877,Tommy (1975),Musical,11326.0,2539
2878,Hell Night (1981),Horror,28377.0,2540
2879,Armour of God II: Operation Condor (Operation Condor) (Fei ying gai wak) (1991),Action|Adventure|Comedy,10975.0,2541
2880,Armour of God (Long xiong hu di) (1987),Action|Adventure|Comedy,10974.0,2542
2881,Double Jeopardy (1999),Action|Crime|Drama|Thriller,10398.0,2543
2882,Jakob the Liar (1999),Drama,2290.0,2544
2883,Mumford (1999),Comedy|Drama,24071.0,2545
2884,Dog Park (1998),Comedy|Romance,62994.0,2546
2885,Guinevere (1999),Drama|Romance,60994.0,2547
2886,"Adventures of Elmo in Grouchland, The (1999)",Children|Comedy,16112.0,2548
2887,Simon Sez (1999),Action|Comedy,32305.0,2549
2888,Drive Me Crazy (1999),Comedy|Romance,14429.0,2550
2889,"Mystery, Alaska (1999)",Comedy|Drama,15198.0,2551
2890,Three Kings (1999),Action|Adventure|Comedy|Drama|War,6415.0,2552
2891,"Happy, Texas (1999)",Comedy,24066.0,2553
2892,New Rose Hotel (1998),Action|Drama,21430.0,2554
2893,Plunkett & MaCleane (1999),Action|Adventure|Drama,10381.0,2555
2894,Romance (1999),Drama|Romance,171982.0,2556
2896,Alvarez Kelly (1966),Western,60285.0,2557
2897,And the Ship Sails On (E la nave va) (1983),Comedy|War,5622.0,2558
2898,"Dark Half, The (1993)",Horror|Mystery,10349.0,2559
2899,Gulliver's Travels (1939),Adventure|Animation|Children,42518.0,2560
2900,Monkey Shines (1988),Horror|Sci-Fi,29787.0,2561
2901,Phantasm (1979),Horror|Sci-Fi,9638.0,2562
2902,Psycho II (1983),Horror|Mystery|Thriller,10576.0,2563
2903,Psycho III (1986),Horror|Thriller,12662.0,2564
2904,Rain (1932),Drama,61369.0,2565
2905,Sanjuro (Tsubaki Sanjûrô) (1962),Action|Adventure|Drama,11712.0,2566
2906,Random Hearts (1999),Drama|Romance,12618.0,2567
2907,Superstar (1999),Comedy,13824.0,2568
2908,Boys Don't Cry (1999),Drama,226.0,2569
2910,"Ennui, L' (1998)",Drama|Romance,55107.0,2570
2911,"Grandfather, The (Abuelo, El) (1998)",Drama,69851.0,2571
2912,"Limey, The (1999)",Crime|Drama|Thriller,10388.0,2572
2913,The Mating Habits of the Earthbound Human (1999),Comedy|Sci-Fi,17198.0,2573
2914,Molly (1999),Comedy|Drama,44857.0,2574
2915,Risky Business (1983),Comedy,9346.0,2575
2916,Total Recall (1990),Action|Adventure|Sci-Fi|Thriller,861.0,2576
2917,Body Heat (1981),Crime|Thriller,14412.0,2577
2918,Ferris Bueller's Day Off (1986),Comedy,9377.0,2578
2919,"Year of Living Dangerously, The (1982)",Drama|Romance|War,11541.0,2579
2920,Children of Paradise (Les enfants du paradis) (1945),Drama|Romance,2457.0,2580
2921,High Plains Drifter (1973),Western,11901.0,2581
2922,Hang 'Em High (1968),Crime|Drama|Western,4929.0,2582
2923,Handle with Care (a.k.a. Citizen's Band) (1977),Comedy,85325.0,2583
2924,Drunken Master (Jui kuen) (1978),Action|Comedy,11230.0,2584
2925,"Conformist, The (Conformista, Il) (1970)",Drama,8416.0,2585
2926,Hairspray (1988),Comedy|Drama,11054.0,2586
2927,Brief Encounter (1946),Drama|Romance,851.0,2587
2928,"Razor's Edge, The (1984)",Drama,24453.0,2588
2929,Reds (1981),Drama|Romance,18254.0,2589
2930,Return with Honor (1998),Documentary,56235.0,2590
2931,Time of the Gypsies (Dom za vesanje) (1989),Comedy|Crime|Drama|Fantasy,20123.0,2591
2932,Days of Heaven (1978),Drama,16642.0,2592
2933,"Fire Within, The (Feu follet, Le) (1963)",Drama,2593.0,2593
2935,"Lady Eve, The (1941)",Comedy|Romance,3086.0,2594
2936,Sullivan's Travels (1941),Adventure|Comedy|Romance,16305.0,2595
2937,"Palm Beach Story, The (1942)",Comedy,32255.0,2596
2938,Man Facing Southeast (1986),Drama|Sci-Fi,48797.0,2597
2939,Niagara (1953),Drama|Thriller,19997.0,2598
2940,Gilda (1946),Drama|Film-Noir|Mystery|Romance,3767.0,2599
2941,South Pacific (1958),Musical|Romance|War,17352.0,2600
2942,Flashdance (1983),Drama|Romance,535.0,2601
2943,Indochine (1992),Drama|Romance,2731.0,2602
2944,"Dirty Dozen, The (1967)",Action|Drama|War,1654.0,2603
2945,Mike's Murder (1984),Mystery,31043.0,2604
2946,Help! (1965),Comedy|Musical,14831.0,2605
2947,Goldfinger (1964),Action|Adventure|Thriller,658.0,2606
2948,From Russia with Love (1963),Action|Adventure|Thriller,657.0,2607
2949,Dr. No (1962),Action|Adventure|Thriller,646.0,2608
2950,"Blue Lagoon, The (1980)",Adventure|Drama|Romance,5689.0,2609
2951,"Fistful of Dollars, A (Per un pugno di dollari) (1964)",Action|Western,391.0,2610
2952,Sydney (Hard Eight) (1996),Crime|Drama|Thriller,8052.0,2611
2953,Home Alone 2: Lost in New York (1992),Children|Comedy,772.0,2612
2956,Someone to Watch Over Me (1987),Action|Crime|Thriller,31650.0,2613
2959,Fight Club (1999),Action|Crime|Drama|Thriller,550.0,2614
2960,Beefcake (1999),Drama,97537.0,2615
2961,"Story of Us, The (1999)",Comedy|Drama,12220.0,2616
2962,Fever Pitch (1997),Comedy|Romance,1610.0,2617
2963,Joe the King (1999),Crime|Drama,53151.0,2618
2964,Julien Donkey-Boy (1999),Drama,42881.0,2619
2965,"Omega Code, The (1999)",Action,29064.0,2620
2966,"Straight Story, The (1999)",Adventure|Drama,404.0,2621
2967,"Bad Seed, The (1956)",Drama|Thriller,42196.0,2622
2968,Time Bandits (1981),Adventure|Comedy|Fantasy|Sci-Fi,36819.0,2623
2969,"Man and a Woman, A (Un homme et une femme) (1966)",Drama|Romance,42726.0,2624
2970,Fitzcarraldo (1982),Adventure|Drama,9343.0,2625
2971,All That Jazz (1979),Drama|Fantasy|Musical,16858.0,2626
2972,Red Sorghum (Hong gao liang) (1987),Drama|War,42006.0,2627
2973,Crimes and Misdemeanors (1989),Comedy|Crime|Drama,11562.0,2628
2974,Bats (1999),Horror|Thriller,10496.0,2629
2975,"Best Man, The (1999)",Comedy|Drama,16162.0,2630
2976,Bringing Out the Dead (1999),Drama,8649.0,2631
2977,Crazy in Alabama (1999),Comedy|Drama,31306.0,2632
2978,Three to Tango (1999),Comedy|Romance,10563.0,2633
2979,Body Shots (1999),Drama,14484.0,2634
2981,"Brother, Can You Spare a Dime? (1975)",Documentary,94857.0,2635
2982,"Guardian, The (1990)",Horror|Thriller,32043.0,2636
2983,"Ipcress File, The (1965)",Thriller,15247.0,2637
2984,On Any Sunday (1971),Documentary,29251.0,2638
2985,RoboCop (1987),Action|Crime|Drama|Sci-Fi|Thriller,5548.0,2639
2986,RoboCop 2 (1990),Action|Crime|Sci-Fi|Thriller,5549.0,2640
2987,Who Framed Roger Rabbit? (1988),Adventure|Animation|Children|Comedy|Crime|Fantasy|Mystery,856.0,2641
2988,Melvin and Howard (1980),Drama,38772.0,2642
2989,For Your Eyes Only (1981),Action|Adventure|Thriller,699.0,2643
2990,Licence to Kill (1989),Action|Adventure|Thriller,709.0,2644
2991,Live and Let Die (1973),Action|Adventure|Thriller,253.0,2645
2992,Rawhead Rex (1986),Horror|Thriller,13511.0,2646
2993,Thunderball (1965),Action|Adventure|Thriller,660.0,2647
2994,"City, The (Ciudad, La) (1998)",Drama,46798.0,2648
2995,House on Haunted Hill (1999),Horror|Thriller,11377.0,2649
2996,Music of the Heart (1999),Drama,26149.0,2650
2997,Being John Malkovich (1999),Comedy|Drama|Fantasy,492.0,2651
2998,Dreaming of Joseph Lees (1999),Drama|Romance,108346.0,2652
2999,Man of the Century (1999),Comedy,98480.0,2653
3000,Princess Mononoke (Mononoke-hime) (1997),Action|Adventure|Animation|Drama|Fantasy,128.0,2654
3001,"Suburbans, The (1999)",Drama,46286.0,2655
3002,My Best Fiend (Mein liebster Feind) (1999),Documentary,8672.0,2656
3003,Train of Life (Train de vie) (1998),Comedy|Drama|Romance|War,8056.0,2657
3004,"Bachelor, The (1999)",Comedy|Romance,2020.0,2658
3005,"Bone Collector, The (1999)",Thriller,9481.0,2659
3006,"Insider, The (1999)",Drama|Thriller,9008.0,2660
3007,American Movie (1999),Documentary,14242.0,2661
3008,Last Night (1998),Drama|Sci-Fi,16129.0,2662
3010,Rosetta (1999),Drama,11489.0,2663
3011,"They Shoot Horses, Don't They? (1969)",Drama,28145.0,2664
3012,Battling Butler (1926),Comedy,51371.0,2665
3013,Bride of Re-Animator (1990),Comedy|Horror,18111.0,2666
3014,Bustin' Loose (1981),Comedy,31361.0,2667
3015,Coma (1978),Thriller,11223.0,2668
3016,Creepshow (1982),Horror,16281.0,2669
3017,Creepshow 2 (1987),Horror,16288.0,2670
3018,Re-Animator (1985),Comedy|Horror|Sci-Fi,1694.0,2671
3019,Drugstore Cowboy (1989),Crime|Drama,476.0,2672
3020,Falling Down (1993),Action|Drama,37094.0,2673
3021,"Funhouse, The (1981)",Horror,13555.0,2674
3022,"General, The (1926)",Comedy|War,961.0,2675
3024,Piranha (1978),Horror|Sci-Fi,24831.0,2676
3025,Rough Night in Jericho (1967),Western,64963.0,2677
3026,Slaughterhouse (1987),Comedy|Horror,85160.0,2678
3028,"Taming of the Shrew, The (1967)",Comedy,25560.0,2679
3029,Nighthawks (1981),Action|Drama,21610.0,2680
3030,Yojimbo (1961),Action|Adventure,11878.0,2681
3031,Repossessed (1990),Comedy,11510.0,2682
3032,"Omega Man, The (1971)",Action|Drama|Sci-Fi|Thriller,11234.0,2683
3033,Spaceballs (1987),Comedy|Sci-Fi,957.0,2684
3034,Robin Hood (1973),Adventure|Animation|Children|Comedy|Musical,11886.0,2685
3035,Mister Roberts (1955),Comedy|Drama|War,37853.0,2686
3036,"Quest for Fire (Guerre du feu, La) (1981)",Adventure|Drama,62204.0,2687
3037,Little Big Man (1970),Western,11040.0,2688
3038,"Face in the Crowd, A (1957)",Drama,21849.0,2689
3039,Trading Places (1983),Comedy,1621.0,2690
3040,Meatballs (1979),Comedy,14035.0,2691
3041,Meatballs Part II (1984),Comedy,40771.0,2692
3042,Meatballs III (1987),Comedy,40772.0,2693
3043,Meatballs 4 (1992),Comedy,40773.0,2694
3044,Dead Again (1991),Mystery|Romance|Thriller,11498.0,2695
3045,Peter's Friends (1992),Comedy|Drama,11790.0,2696
3046,"Incredibly True Adventure of Two Girls in Love, The (1995)",Comedy|Romance,29371.0,2697
3047,Experience Preferred... But Not Essential (1982),Drama,276635.0,2698
3048,Under the Rainbow (1981),Comedy,47941.0,2699
3049,How I Won the War (1967),Comedy|War,29048.0,2700
3050,Light It Up (1999),Drama,19052.0,2701
3051,Anywhere But Here (1999),Comedy|Drama,21349.0,2702
3052,Dogma (1999),Adventure|Comedy|Fantasy,1832.0,2703
3053,"Messenger: The Story of Joan of Arc, The (1999)",Drama|War,10047.0,2704
3054,Pokémon: The First Movie (1998),Adventure|Animation|Children|Fantasy|Sci-Fi,10228.0,2705
3055,Felicia's Journey (1999),Thriller,47692.0,2706
3056,Oxygen (1999),Crime|Drama|Thriller,18561.0,2707
3057,Where's Marlowe? (1998),Comedy,144953.0,2708
3058,"Ape, The (1940)",Horror|Sci-Fi,37426.0,2709
3060,"Commitments, The (1991)",Comedy|Drama|Musical,11663.0,2710
3061,Holiday Inn (1942),Comedy|Musical,13485.0,2711
3062,"Longest Day, The (1962)",Action|Drama|War,9289.0,2712
3063,Poison Ivy (1992),Drama|Thriller,9264.0,2713
3064,Poison Ivy: New Seduction (1997),Drama|Thriller,18222.0,2714
3066,Tora! Tora! Tora! (1970),Action|Drama|War,11165.0,2715
3067,Women on the Verge of a Nervous Breakdown (Mujeres al borde de un ataque de nervios) (1988),Comedy|Drama,4203.0,2716
3068,"Verdict, The (1982)",Drama|Mystery,24226.0,2717
3069,"Effect of Gamma Rays on Man-in-the-Moon Marigolds, The (1972)",Drama,88875.0,2718
3070,"Adventures of Buckaroo Banzai Across the 8th Dimension, The (1984)",Adventure|Comedy|Sci-Fi,11379.0,2719
3071,Stand and Deliver (1988),Comedy|Drama,29154.0,2720
3072,Moonstruck (1987),Comedy|Romance,2039.0,2721
3073,"Sandpiper, The (1965)",Drama|Romance,77915.0,2722
3074,Jeremiah Johnson (1972),Western,11943.0,2723
3075,Repulsion (1965),Drama|Horror,11481.0,2724
3076,Irma la Douce (1963),Comedy,2690.0,2725
3077,42 Up (1998),Documentary,20565.0,2726
3078,Liberty Heights (1999),Drama,27141.0,2727
3079,Mansfield Park (1999),Comedy|Drama|Romance,10399.0,2728
3081,Sleepy Hollow (1999),Fantasy|Horror|Mystery|Romance,2668.0,2729
3082,"World Is Not Enough, The (1999)",Action|Adventure|Thriller,36643.0,2730
3083,All About My Mother (Todo sobre mi madre) (1999),Drama,99.0,2731
3086,Babes in Toyland (1934),Children|Comedy|Fantasy|Musical,25898.0,2732
3087,Scrooged (1988),Comedy|Fantasy|Romance,9647.0,2733
3088,Harvey (1950),Comedy|Fantasy,11787.0,2734
3089,Bicycle Thieves (a.k.a. The Bicycle Thief) (a.k.a. The Bicycle Thieves) (Ladri di biciclette) (1948),Drama,5156.0,2735
3090,Matewan (1987),Drama,24276.0,2736
3091,Kagemusha (1980),Drama|War,11953.0,2737
3092,"47 Samurai (Chûshingura) (Loyal 47 Ronin, The) (1962)",Drama,44662.0,2738
3093,McCabe & Mrs. Miller (1971),Drama|Western,29005.0,2739
3094,Maurice (1987),Drama|Romance,26371.0,2740
3095,"Grapes of Wrath, The (1940)",Drama,596.0,2741
3096,My Man Godfrey (1957),Comedy,52470.0,2742
3097,"Shop Around the Corner, The (1940)",Comedy|Drama|Romance,20334.0,2743
3098,"Natural, The (1984)",Drama,11393.0,2744
3099,Shampoo (1975),Comedy|Drama|Romance,31121.0,2745
3100,"River Runs Through It, A (1992)",Drama,293.0,2746
3101,Fatal Attraction (1987),Drama|Thriller,10998.0,2747
3102,Jagged Edge (1985),Crime|Romance|Thriller,12235.0,2748
3103,Stanley & Iris (1990),Drama|Romance,36094.0,2749
3104,Midnight Run (1988),Action|Comedy|Crime|Thriller,9013.0,2750
3105,Awakenings (1990),Drama|Mystery,11005.0,2751
3106,Come See the Paradise (1990),Drama|Romance,59820.0,2752
3107,Backdraft (1991),Action|Drama,2924.0,2753
3108,"Fisher King, The (1991)",Comedy|Drama|Fantasy|Romance,177.0,2754
3109,"River, The (1984)",Drama,38557.0,2755
3110,Country (1984),Drama,42087.0,2756
3111,Places in the Heart (1984),Drama,13681.0,2757
3112,'night Mother (1986),Drama,34760.0,2758
3113,End of Days (1999),Action|Fantasy|Horror|Mystery|Thriller,9946.0,2759
3114,Toy Story 2 (1999),Adventure|Animation|Children|Comedy|Fantasy,863.0,2760
3115,Flawless (1999),Drama,31582.0,2761
3117,Ride with the Devil (1999),Drama|Romance|War,22267.0,2762
3118,Tumbleweeds (1999),Drama,55123.0,2763
3119,Bay of Blood (a.k.a. Twitch of the Death Nerve) (Reazione a catena) (1971),Horror,5486.0,2764
3120,"Distinguished Gentleman, The (1992)",Comedy,10411.0,2765
3121,"Hitch-Hiker, The (1953)",Drama|Film-Noir,41462.0,2766
3122,Santa Fe Trail (1940),Drama|Romance|Western,1718.0,2767
3124,Agnes Browne (1999),Comedy|Drama,15506.0,2768
3125,"End of the Affair, The (1999)",Drama,20024.0,2769
3126,"End of the Affair, The (1955)",Drama,78256.0,2770
3127,Holy Smoke (1999),Comedy|Drama,13787.0,2771
3128,"Map of the World, A (1999)",Drama,54933.0,2772
3129,Sweet and Lowdown (1999),Comedy|Drama,9684.0,2773
3130,Bonfire of the Vanities (1990),Comedy|Crime|Drama,9586.0,2774
3132,Daddy Long Legs (1919),Comedy|Drama,70801.0,2775
3133,Go West (1925),Comedy|Western,33015.0,2776
3134,Grand Illusion (La grande illusion) (1937),Drama|War,777.0,2777
3135,"Great Santini, The (1979)",Drama,21887.0,2778
3137,"Sea Wolves, The (1980)",Action|War,19664.0,2779
3138,Stealing Home (1988),Drama,32331.0,2780
3139,Tarzan the Fearless (1933),Action|Adventure,76083.0,2781
3140,Three Ages (1923),Comedy,32628.0,2782
3141,"Two Jakes, The (1990)",Drama,32669.0,2783
3142,U2: Rattle and Hum (1988),Documentary|Musical,18161.0,2784
3143,Hell in the Pacific (1968),Drama|War,31681.0,2785
3144,"Glass Bottom Boat, The (1966)",Comedy|Romance,33666.0,2786
3145,Cradle Will Rock (1999),Drama,32274.0,2787
3146,Deuce Bigalow: Male Gigolo (1999),Comedy,10402.0,2788
3147,"Green Mile, The (1999)",Crime|Drama,497.0,2789
3148,"Cider House Rules, The (1999)",Drama,1715.0,2790
3149,Diamonds (1999),Mystery,35118.0,2791
3150,"War Zone, The (1999)",Drama|Thriller,42739.0,2792
3152,"Last Picture Show, The (1971)",Drama,25188.0,2793
3153,"7th Voyage of Sinbad, The (1958)",Action|Adventure|Fantasy,15515.0,2794
3155,Anna and the King (1999),Drama|Romance,1439.0,2795
3156,Bicentennial Man (1999),Drama|Romance|Sci-Fi,2277.0,2796
3157,Stuart Little (1999),Children|Comedy|Fantasy,10137.0,2797
3158,"Emperor and the Assassin, The (Jing ke ci qin wang) (1999)",Drama,10387.0,2798
3159,Fantasia 2000 (1999),Animation|Children|Musical|IMAX,49948.0,2799
3160,Magnolia (1999),Drama,334.0,2800
3161,Onegin (1999),Drama|Romance,30237.0,2801
3162,Simpatico (1999),Comedy|Drama,50116.0,2802
3163,Topsy-Turvy (1999),Comedy|Drama|Musical,46435.0,2803
3165,Boiling Point (1993),Action|Drama,22213.0,2804
3166,Brenda Starr (1989),Adventure,47070.0,2805
3167,Carnal Knowledge (1971),Comedy|Drama,36492.0,2806
3168,Easy Rider (1969),Adventure|Drama,624.0,2807
3169,The Falcon and the Snowman (1985),Crime|Drama|Thriller,26578.0,2808
3171,Room at the Top (1959),Drama,43103.0,2809
3172,Ulysses (Ulisse) (1954),Adventure,43194.0,2810
3173,Any Given Sunday (1999),Drama,9563.0,2811
3174,Man on the Moon (1999),Comedy|Drama,1850.0,2812
3175,Galaxy Quest (1999),Adventure|Comedy|Sci-Fi,926.0,2813
3176,"Talented Mr. Ripley, The (1999)",Drama|Mystery|Thriller,1213.0,2814
3177,Next Friday (2000),Comedy,10471.0,2815
3178,"Hurricane, The (1999)",Drama,10400.0,2816
3179,Angela's Ashes (1999),Drama,10397.0,2817
3180,Play it to the Bone (1999),Comedy|Drama,20761.0,2818
3181,Titus (1999),Drama,12524.0,2819
3182,"Mr. Death: The Rise and Fall of Fred A. Leuchter, Jr. (1999)",Documentary,28216.0,2820
3183,"Third Miracle, The (1999)",Drama,36773.0,2821
3185,Snow Falling on Cedars (1999),Drama,10219.0,2822
3186,"Girl, Interrupted (1999)",Drama,3558.0,2823
3188,"Life and Times of Hank Greenberg, The (1998)",Documentary,41276.0,2824
3189,My Dog Skip (1999),Children|Drama,17908.0,2825
3190,Supernova (2000),Adventure|Sci-Fi|Thriller,10384.0,2826
3192,"Terrorist, The (a.k.a. Malli) (Theeviravaathi) (1998)",Drama,48233.0,2827
3194,"Way We Were, The (1973)",Drama|Romance,10236.0,2828
3196,Stalag 17 (1953),Drama|War,632.0,2829
3197,"Presidio, The (1988)",Action|Crime|Romance|Thriller,11851.0,2830
3198,Papillon (1973),Crime|Drama,5924.0,2831
3199,Pal Joey (1957),Comedy|Drama|Musical|Romance,33734.0,2832
3200,"Last Detail, The (1973)",Comedy|Drama,14886.0,2833
3201,Five Easy Pieces (1970),Drama,26617.0,2834
3202,Even Dwarfs Started Small (Auch Zwerge haben klein angefangen) (1971),Drama|Horror,11900.0,2835
3203,Dead Calm (1989),Thriller,10493.0,2836
3204,"Boys from Brazil, The (1978)",Action|Mystery|Thriller,16241.0,2837
3205,Black Sunday (La maschera del demonio) (1960),Horror,27632.0,2838
3206,Against All Odds (1984),Romance,22160.0,2839
3207,"Snows of Kilimanjaro, The (1952)",Adventure,4460.0,2840
3208,Loaded Weapon 1 (National Lampoon's Loaded Weapon 1) (1993),Action|Comedy,9644.0,2841
3210,Fast Times at Ridgemont High (1982),Comedy|Drama|Romance,13342.0,2842
3211,"Cry in the Dark, A (1988)",Drama,35119.0,2843
3213,Batman: Mask of the Phantasm (1993),Animation|Children,14919.0,2844
3214,American Flyers (1985),Drama,14040.0,2845
3215,Voyage of the Damned (1976),Drama,75641.0,2846
3216,"Vampyros Lesbos (Vampiras, Las) (1971)",Fantasy|Horror|Thriller,17343.0,2847
3217,"Star Is Born, A (1937)",Drama,22692.0,2848
3218,Poison (1991),Drama,47620.0,2849
3219,Pacific Heights (1990),Mystery|Thriller,2990.0,2850
3221,"Draughtsman's Contract, The (1982)",Drama,10831.0,2851
3222,Carmen (1984),Drama,21193.0,2852
3223,"Zed & Two Noughts, A (1985)",Drama,33078.0,2853
3224,Woman in the Dunes (Suna no onna) (1964),Drama,16672.0,2854
3225,Down to You (2000),Comedy|Romance,10472.0,2855
3230,"Odessa File, The (1974)",Thriller,21489.0,2856
3232,Seven Chances (1925),Comedy,32600.0,2857
3235,Where the Buffalo Roam (1980),Comedy,13005.0,2858
3238,Eye of the Beholder (1999),Thriller,18681.0,2859
3239,Isn't She Great? (2000),Comedy,75531.0,2860
3240,"Big Tease, The (1999)",Comedy,20468.0,2861
3241,"Cup, The (Phörpa) (1999)",Comedy,14521.0,2862
3243,Encino Man (1992),Comedy,10406.0,2863
3244,"Goodbye Girl, The (1977)",Comedy|Romance,14741.0,2864
3245,I Am Cuba (Soy Cuba/Ya Kuba) (1964),Drama,32015.0,2865
3246,Malcolm X (1992),Drama,1883.0,2866
3247,Sister Act (1992),Comedy|Crime,2005.0,2867
3248,Sister Act 2: Back in the Habit (1993),Comedy,6279.0,2868
3249,"Hand That Rocks the Cradle, The (1992)",Drama|Thriller,11087.0,2869
3250,Alive (1993),Drama,7305.0,2870
3251,Agnes of God (1985),Drama|Mystery,24735.0,2871
3252,Scent of a Woman (1992),Drama,9475.0,2872
3253,Wayne's World (1992),Comedy,8872.0,2873
3254,Wayne's World 2 (1993),Comedy,8873.0,2874
3255,"League of Their Own, A (1992)",Comedy|Drama,11287.0,2875
3256,Patriot Games (1992),Action|Crime|Drama|Thriller,9869.0,2876
3257,"Bodyguard, The (1992)",Drama|Romance|Thriller,619.0,2877
3258,Death Becomes Her (1992),Comedy|Fantasy,9374.0,2878
3259,Far and Away (1992),Adventure|Drama|Romance,11259.0,2879
3260,Howards End (1992),Drama,8293.0,2880
3261,Singles (1992),Comedy|Drama|Romance,11068.0,2881
3262,Twin Peaks: Fire Walk with Me (1992),Crime|Drama|Mystery|Thriller,1923.0,2882
3263,White Men Can't Jump (1992),Comedy|Drama,10158.0,2883
3264,Buffy the Vampire Slayer (1992),Action|Comedy|Horror,10206.0,2884
3265,Hard-Boiled (Lat sau san taam) (1992),Action|Crime|Drama|Thriller,11782.0,2885
3266,Man Bites Dog (C'est arrivé près de chez vous) (1992),Comedy|Crime|Drama|Thriller,10086.0,2886
3267,"Mariachi, El (1992)",Action|Crime|Thriller|Western,9367.0,2887
3268,Stop! Or My Mom Will Shoot (1992),Action|Comedy,9876.0,2888
3269,Forever Young (1992),Drama|Romance|Sci-Fi,10326.0,2889
3270,"Cutting Edge, The (1992)",Comedy|Drama|Romance,16562.0,2890
3271,Of Mice and Men (1992),Drama,9609.0,2891
3272,Bad Lieutenant (1992),Crime|Drama,12143.0,2892
3273,Scream 3 (2000),Comedy|Horror|Mystery|Thriller,4234.0,2893
3274,Single White Female (1992),Drama|Thriller,9605.0,2894
3275,"Boondock Saints, The (2000)",Action|Crime|Drama|Thriller,8374.0,2895
3276,Gun Shy (2000),Comedy,29076.0,2896
3281,"Brandon Teena Story, The (1998)",Documentary,113096.0,2897
3282,Different for Girls (1996),Comedy,106837.0,2898
3283,Minnie and Moskowitz (1971),Action,24349.0,2899
3284,They Might Be Giants (1971),Comedy|Mystery|Romance,27841.0,2900
3285,"Beach, The (2000)",Adventure|Drama,1907.0,2901
3286,Snow Day (2000),Comedy,15489.0,2902
3287,"Tigger Movie, The (2000)",Animation|Children,15655.0,2903
3289,Not One Less (Yi ge dou bu neng shao) (1999),Drama,36210.0,2904
3292,"Big Combo, The (1955)",Film-Noir,22342.0,2905
3294,Eaten Alive (1977),Horror,30062.0,2906
3295,Raining Stones (1993),Drama,62463.0,2907
3296,To Sir with Love (1967),Drama,25934.0,2908
3298,Boiler Room (2000),Crime|Drama|Thriller,14181.0,2909
3299,Hanging Up (2000),Comedy|Drama,10385.0,2910
3300,Pitch Black (2000),Horror|Sci-Fi|Thriller,2787.0,2911
3301,"Whole Nine Yards, The (2000)",Comedy|Crime,2069.0,2912
3302,Beautiful People (1999),Comedy,61416.0,2913
3303,Black Tar Heroin: The Dark End of the Street (2000),Documentary,79515.0,2914
3304,Blue Collar (1978),Crime|Drama,14839.0,2915
3306,"Circus, The (1928)",Comedy,28978.0,2916
3307,City Lights (1931),Comedy|Drama|Romance,901.0,2917
3308,"Flamingo Kid, The (1984)",Comedy|Drama,25010.0,2918
3309,"Dog's Life, A (1918)",Comedy,36208.0,2919
3310,"Kid, The (1921)",Comedy|Drama,10098.0,2920
3311,"Man from Laramie, The (1955)",Western,18264.0,2921
3313,Class Reunion (1982),Comedy,33374.0,2922
3316,Reindeer Games (2000),Action|Thriller,2155.0,2923
3317,Wonder Boys (2000),Comedy|Drama,11004.0,2924
3318,Deterrence (1999),Drama|Thriller,25212.0,2925
3319,Judy Berlin (1999),Drama,36048.0,2926
3320,Mifune's Last Song (Mifunes sidste sang) (1999),Comedy|Drama|Romance,139.0,2927
3322,3 Strikes (2000),Comedy,47816.0,2928
3323,Chain of Fools (2000),Comedy|Crime,20682.0,2929
3324,Drowning Mona (2000),Comedy,25166.0,2930
3325,"Next Best Thing, The (2000)",Comedy|Drama,1831.0,2931
3326,What Planet Are You From? (2000),Comedy|Sci-Fi,10416.0,2932
3327,Beyond the Mat (1999),Documentary,14271.0,2933
3328,Ghost Dog: The Way of the Samurai (1999),Crime|Drama,4816.0,2934
3329,The Year My Voice Broke (1987),Drama|Romance,19958.0,2935
3330,Splendor in the Grass (1961),Drama|Romance,28569.0,2936
3331,My Tutor (1983),Drama,2193.0,2937
3333,"Killing of Sister George, The (1968)",Drama,54575.0,2938
3334,Key Largo (1948),Crime|Drama|Film-Noir|Thriller,11016.0,2939
3335,Jail Bait (1954),Crime|Drama,23020.0,2940
3338,For All Mankind (1989),Documentary,20423.0,2941
3339,Cross of Iron (1977),War,10839.0,2942
3340,Bride of the Monster (1955),Horror|Sci-Fi,36489.0,2943
3341,Born Yesterday (1950),Comedy,24481.0,2944
3342,Birdy (1984),Drama|War,11296.0,2945
3343,And God Created Woman (1988),Comedy|Drama|Romance,61651.0,2946
3344,Blood Feast (1963),Horror,28172.0,2947
3345,"Charlie, the Lonesome Cougar (1967)",Adventure|Children,57855.0,2948
3347,Never Cry Wolf (1983),Adventure|Drama,14280.0,2949
3349,"Perils of Pauline, The (1947)",Comedy,149687.0,2950
3350,"Raisin in the Sun, A (1961)",Drama,29478.0,2951
3351,Two Thousand Maniacs! (1964),Horror,28177.0,2952
3354,Mission to Mars (2000),Sci-Fi,2067.0,2953
3355,"Ninth Gate, The (1999)",Fantasy|Horror|Mystery|Thriller,622.0,2954
3357,East-West (Est-ouest) (1999),Drama|Romance,28463.0,2955
3358,Defending Your Life (1991),Comedy|Drama|Fantasy|Romance,12186.0,2956
3359,Breaking Away (1979),Comedy|Drama,20283.0,2957
3360,Hoosiers (a.k.a. Best Shot) (1986),Drama|Romance,5693.0,2958
3361,Bull Durham (1988),Comedy|Drama|Romance,287.0,2959
3362,Dog Day Afternoon (1975),Crime|Drama,968.0,2960
3363,American Graffiti (1973),Comedy|Drama,838.0,2961
3364,"Asphalt Jungle, The (1950)",Crime|Film-Noir,16958.0,2962
3365,"Searchers, The (1956)",Drama|Western,3114.0,2963
3367,"Devil's Brigade, The (1968)",War,31938.0,2964
3368,"Big Country, The (1958)",Romance|Western,12501.0,2965
3370,Betrayed (1988),Drama|Thriller,31618.0,2966
3371,Bound for Glory (1976),Drama,42232.0,2967
3372,"Bridge at Remagen, The (1969)",Action|War,15873.0,2968
3374,Daughters of the Dust (1991),Drama,68427.0,2969
3375,Destination Moon (1950),Sci-Fi,25392.0,2970
3377,Hangmen Also Die! (1943),Drama|War,22178.0,2971
3378,"Ogre, The (Unhold, Der) (1996)",Drama,48213.0,2972
3379,On the Beach (1959),Drama,35412.0,2973
3384,"Taking of Pelham One Two Three, The (1974)",Action|Crime,8333.0,2974
3385,Volunteers (1985),Comedy,19259.0,2975
3386,JFK (1991),Drama|Mystery|Thriller,820.0,2976
3387,Who's Harry Crumb? (1989),Comedy|Mystery,11718.0,2977
3388,Harry and the Hendersons (1987),Children|Comedy,8989.0,2978
3389,Let's Get Harry (1986),Action|Adventure,32031.0,2979
3390,Shanghai Surprise (1986),Adventure|Crime|Drama|Romance,58048.0,2980
3391,Who's That Girl? (1987),Comedy,26827.0,2981
3392,She-Devil (1989),Comedy,11157.0,2982
3393,Date with an Angel (1987),Comedy|Fantasy|Romance,28370.0,2983
3394,Blind Date (1987),Comedy|Romance,918.0,2984
3395,Nadine (1987),Comedy,61178.0,2985
3396,"Muppet Movie, The (1979)",Adventure|Children|Comedy|Musical,11176.0,2986
3397,"Great Muppet Caper, The (1981)",Children|Comedy,14900.0,2987
3398,"Muppets Take Manhattan, The (1984)",Children|Comedy|Musical,11899.0,2988
3399,Sesame Street Presents Follow That Bird (1985),Children|Comedy,36536.0,2989
3400,We're Back! A Dinosaur's Story (1993),Adventure|Animation|Children|Fantasy,18890.0,2990
3401,Baby... Secret of the Lost Legend (1985),Adventure|Sci-Fi,19736.0,2991
3402,Turtle Diary (1985),Comedy|Drama|Romance,123047.0,2992
3403,Raise the Titanic (1980),Drama|Thriller,24575.0,2993
3404,Titanic (1953),Action|Drama,16535.0,2994
3405,"Night to Remember, A (1958)",Action|Drama,10971.0,2995
3406,Captain Horatio Hornblower R.N. (1951),Action|Adventure|Drama|War,23928.0,2996
3408,Erin Brockovich (2000),Drama,462.0,2997
3409,Final Destination (2000),Drama|Thriller,9532.0,2998
3412,"Bear, The (Ours, L') (1988)",Adventure|Children|Drama,2383.0,2999
3414,Love Is a Many-Splendored Thing (1955),Drama|Romance|War,53879.0,3000
3415,"Mirror, The (Zerkalo) (1975)",Drama,1396.0,3001
3417,"Crimson Pirate, The (1952)",Adventure|Comedy,11570.0,3002
3418,Thelma & Louise (1991),Adventure|Crime|Drama,1541.0,3003
3420,...And Justice for All (1979),Drama|Thriller,17443.0,3004
3421,Animal House (1978),Comedy,8469.0,3005
3422,She's Gotta Have It (1986),Comedy|Romance,27995.0,3006
3423,School Daze (1988),Drama,36739.0,3007
3424,Do the Right Thing (1989),Drama,925.0,3008
3425,Mo' Better Blues (1990),Drama|Musical,41823.0,3009
3426,Jungle Fever (1991),Drama|Romance,1713.0,3010
3427,Coogan's Bluff (1968),Crime,26170.0,3011
3428,"Champ, The (1979)",Drama,30547.0,3012
3429,Creature Comforts (1989),Animation|Comedy,54825.0,3013
3430,Death Wish (1974),Action|Crime|Drama,13939.0,3014
3431,Death Wish 2 (1982),Action|Drama,14373.0,3015
3432,Death Wish 3 (1985),Action|Drama,24873.0,3016
3433,Death Wish 4: The Crackdown (1987),Action|Drama,26263.0,3017
3434,Death Wish 5: The Face of Death (1994),Action|Drama,34746.0,3018
3435,Double Indemnity (1944),Crime|Drama|Film-Noir,996.0,3019
3436,Dying Young (1991),Drama|Romance,9079.0,3020
3437,Cool as Ice (1991),Drama,1496.0,3021
3438,Teenage Mutant Ninja Turtles (1990),Action|Children|Comedy|Fantasy|Sci-Fi,1498.0,3022
3439,Teenage Mutant Ninja Turtles II: The Secret of the Ooze (1991),Action|Children|Fantasy,1497.0,3023
3440,Teenage Mutant Ninja Turtles III (1993),Action|Adventure|Children|Comedy|Fantasy,1499.0,3024
3441,Red Dawn (1984),Action|Drama|War,1880.0,3025
3442,Band of the Hand (1986),Action|Crime|Drama,33762.0,3026
3443,Born American (1986),Action|Drama|Thriller,103960.0,3027
3444,Bloodsport (1988),Action,11690.0,3028
3445,Eyes of Laura Mars (1978),Mystery|Thriller,29143.0,3029
3446,Funny Bones (1995),Comedy|Drama,35292.0,3030
3447,"Good Earth, The (1937)",Drama,36652.0,3031
3448,"Good Morning, Vietnam (1987)",Comedy|Drama|War,801.0,3032
3449,"Good Mother, The (1988)",Drama,104301.0,3033
3450,Grumpy Old Men (1993),Comedy,11520.0,3034
3451,Guess Who's Coming to Dinner (1967),Drama,1879.0,3035
3452,Romeo Must Die (2000),Action|Crime|Romance|Thriller,2085.0,3036
3453,Here on Earth (2000),Drama|Romance,13539.0,3037
3454,Whatever It Takes (2000),Comedy|Romance,16222.0,3038
3456,"Color of Paradise, The (Rang-e khoda) (1999)",Drama,17078.0,3039
3457,Waking the Dead (2000),Drama|Thriller,37722.0,3040
3459,Gothic (1986),Drama|Horror,33516.0,3041
3461,Lord of the Flies (1963),Adventure|Drama|Thriller,9960.0,3042
3462,Modern Times (1936),Comedy|Drama|Romance,3082.0,3043
3463,Last Resort (National Lampoon's Last Resort) (1994),Comedy,49338.0,3044
3465,That's Life! (1986),Drama,52961.0,3045
3466,Heart and Souls (1993),Comedy|Fantasy,12187.0,3046
3467,Hud (1963),Drama|Western,24748.0,3047
3468,"Hustler, The (1961)",Drama,990.0,3048
3469,Inherit the Wind (1960),Drama,1908.0,3049
3470,Dersu Uzala (1975),Adventure|Drama,9764.0,3050
3471,Close Encounters of the Third Kind (1977),Adventure|Drama|Sci-Fi,840.0,3051
3472,"Horror Hotel (a.k.a. City of the Dead, The) (1960)",Horror|Thriller,39890.0,3052
3473,Jonah Who Will Be 25 in the Year 2000 (Jonas qui aura 25 ans en l'an 2000) (1976),Comedy,42237.0,3053
3474,Retroactive (1997),Sci-Fi|Thriller,26689.0,3054
3475,"Place in the Sun, A (1951)",Drama|Romance,25673.0,3055
3476,Jacob's Ladder (1990),Horror|Mystery,2291.0,3056
3477,Empire Records (1995),Comedy|Drama,13531.0,3057
3478,"Bamba, La (1987)",Drama,16620.0,3058
3479,Ladyhawke (1985),Adventure|Fantasy|Romance,526.0,3059
3480,Lucas (1986),Drama|Romance,13346.0,3060
3481,High Fidelity (2000),Comedy|Drama|Romance,243.0,3061
3483,"Road to El Dorado, The (2000)",Animation|Children,10501.0,3062
3484,"Skulls, The (2000)",Thriller,11478.0,3063
3486,Devil Girl From Mars (1954),Sci-Fi,24212.0,3064
3487,El Dorado (1966),Western,6644.0,3065
3488,"Hideous Sun Demon, The (1959)",Horror|Sci-Fi,41038.0,3066
3489,Hook (1991),Adventure|Comedy|Fantasy,879.0,3067
3490,Horror Express (1972),Horror,32613.0,3068
3491,My Chauffeur (1986),Comedy,39406.0,3069
3492,"Son of the Sheik, The (1926)",Adventure|Comedy|Romance,85689.0,3070
3493,Torso (1973),Horror|Mystery|Thriller,31624.0,3071
3494,True Grit (1969),Adventure|Drama|Western,17529.0,3072
3495,Roadside Prophets (1992),Comedy|Drama,40841.0,3073
3496,Madame Sousatzka (1988),Drama,118098.0,3074
3497,Max Dugan Returns (1983),Comedy,1793.0,3075
3498,Midnight Express (1978),Drama,11327.0,3076
3499,Misery (1990),Drama|Horror|Thriller,1700.0,3077
3500,Mr. Saturday Night (1992),Comedy|Drama,54087.0,3078
3501,Murphy's Romance (1985),Comedy|Romance,34322.0,3079
3502,My Life (1993),Drama,41659.0,3080
3503,Solaris (Solyaris) (1972),Drama|Mystery|Sci-Fi,593.0,3081
3504,Network (1976),Comedy|Drama,10774.0,3082
3505,No Way Out (1987),Drama|Mystery|Thriller,10083.0,3083
3506,North Dallas Forty (1979),Comedy|Drama,29786.0,3084
3507,"Odd Couple, The (1968)",Comedy,11356.0,3085
3508,"Outlaw Josey Wales, The (1976)",Action|Adventure|Drama|Thriller|Western,10747.0,3086
3509,Black and White (1999),Drama,38809.0,3087
3510,Frequency (2000),Drama|Thriller,10559.0,3088
3511,Ready to Rumble (2000),Comedy,20697.0,3089
3512,Return to Me (2000),Drama|Romance,2621.0,3090
3513,Rules of Engagement (2000),Drama|Thriller,10479.0,3091
3514,Joe Gould's Secret (2000),Drama,125709.0,3092
3515,Me Myself I (2000),Comedy|Romance,49721.0,3093
3516,"Bell, Book and Candle (1958)",Comedy|Fantasy|Romance,2006.0,3094
3518,"End of Violence, The (1997)",Drama|Thriller,46625.0,3095
3519,Force 10 from Navarone (1978),Action|Drama|War,17339.0,3096
3520,How to Stuff a Wild Bikini (1965),Comedy,26879.0,3097
3521,Mystery Train (1989),Comedy|Drama,11305.0,3098
3524,Arthur (1981),Comedy|Romance,13665.0,3099
3525,Bachelor Party (1984),Comedy,12309.0,3100
3526,Parenthood (1989),Comedy|Drama,1552.0,3101
3527,Predator (1987),Action|Sci-Fi|Thriller,106.0,3102
3528,"Prince of Tides, The (1991)",Drama|Romance,10333.0,3103
3529,"Postman Always Rings Twice, The (1981)",Crime|Thriller,11027.0,3104
3531,All the Vermeers in New York (1990),Comedy|Drama|Romance,123757.0,3105
3533,"Actor's Revenge, An (Yukinojô henge) (1963)",Drama,27197.0,3106
3534,28 Days (2000),Drama,10468.0,3107
3535,American Psycho (2000),Crime|Horror|Mystery|Thriller,1359.0,3108
3536,Keeping the Faith (2000),Comedy|Drama|Romance,4967.0,3109
3537,Where the Money Is (2000),Comedy|Drama,31776.0,3110
3538,East is East (1999),Comedy,10557.0,3111
3539,"Filth and the Fury, The (2000)",Documentary,27745.0,3112
3540,Passion of Mind (2000),Drama|Mystery|Romance,19214.0,3113
3543,Diner (1982),Comedy|Drama,13776.0,3114
3544,Shakes the Clown (1992),Comedy,26291.0,3115
3545,Cabaret (1972),Drama|Musical,10784.0,3116
3546,What Ever Happened to Baby Jane? (1962),Drama|Horror|Thriller,10242.0,3117
3547,Prick Up Your Ears (1987),Comedy|Drama,27857.0,3118
3548,Auntie Mame (1958),Comedy|Drama,16347.0,3119
3549,Guys and Dolls (1955),Comedy|Musical|Romance,4825.0,3120
3550,The Hunger (1983),Horror,11654.0,3121
3551,Marathon Man (1976),Crime|Drama|Thriller,10518.0,3122
3552,Caddyshack (1980),Comedy,11977.0,3123
3553,Gossip (2000),Drama|Thriller,18041.0,3124
3554,Love and Basketball (2000),Drama|Romance,14736.0,3125
3555,U-571 (2000),Action|Thriller|War,3536.0,3126
3556,"Virgin Suicides, The (1999)",Drama|Romance,1443.0,3127
3557,Jennifer 8 (1992),Mystery|Thriller,10424.0,3128
3559,Limelight (1952),Comedy|Drama|Romance,28971.0,3129
3562,Committed (2000),Comedy|Drama,40562.0,3130
3563,"Crow: Salvation, The (2000)",Action|Horror,9456.0,3131
3564,"Flintstones in Viva Rock Vegas, The (2000)",Children|Comedy,889.0,3132
3565,Where the Heart Is (2000),Comedy|Drama,10564.0,3133
3566,"Big Kahuna, The (2000)",Comedy|Drama,15723.0,3134
3567,Bossa Nova (2000),Comedy|Drama|Romance,19600.0,3135
3568,Smiling Fish and Goat on Fire (1999),Comedy|Romance,125537.0,3136
3569,"Idiots, The (Idioterne) (1998)",Comedy|Drama,452.0,3137
3571,Time Code (2000),Comedy|Drama,36234.0,3138
3572,Carnosaur (1993),Horror|Sci-Fi,39283.0,3139
3573,Carnosaur 2 (1995),Horror|Sci-Fi,65460.0,3140
3574,Carnosaur 3: Primal Species (1996),Horror|Sci-Fi,55667.0,3141
3575,Defying Gravity (1997),Drama,31978.0,3142
3576,"Hidden, The (1987)",Action|Horror|Sci-Fi,12476.0,3143
3577,Two Moon Junction (1988),Drama|Romance,5241.0,3144
3578,Gladiator (2000),Action|Adventure|Drama,98.0,3145
3579,I Dreamed of Africa (2000),Drama,21311.0,3146
3580,Up at the Villa (2000),Drama,47724.0,3147
3581,Human Traffic (1999),Comedy,11129.0,3148
3584,Breathless (1983),Action|Drama|Romance|Thriller,1058.0,3149
3585,"Great Locomotive Chase, The (1956)",Adventure|War,37112.0,3150
3586,The Idolmaker (1980),Drama|Romance,42159.0,3151
3587,Inferno (1980),Horror,16395.0,3152
3588,"King of Marvin Gardens, The (1972)",Crime|Drama,50627.0,3153
3590,"Lords of Flatbush, The (1974)",Comedy|Drama,38925.0,3154
3591,Mr. Mom (1983),Comedy|Drama,13105.0,3155
3592,"Time Masters (Maîtres du temps, Les) (1982)",Animation|Sci-Fi,22501.0,3156
3593,Battlefield Earth (2000),Action|Sci-Fi,5491.0,3157
3594,Center Stage (2000),Drama|Musical,10560.0,3158
3595,Held Up (1999),Comedy,19489.0,3159
3596,Screwed (2000),Comedy,19419.0,3160
3597,Whipped (2000),Comedy,23531.0,3161
3598,Hamlet (2000),Crime|Drama|Romance|Thriller,10688.0,3162
3599,Anchors Aweigh (1945),Comedy|Musical,17889.0,3163
3600,Blue Hawaii (1961),Comedy|Musical,18228.0,3164
3602,G.I. Blues (1960),Comedy|Musical|Romance,18642.0,3165
3604,Gypsy (1962),Musical,39391.0,3166
3605,King Creole (1958),Crime|Drama|Musical,18644.0,3167
3606,On the Town (1949),Comedy|Musical|Romance,31516.0,3168
3608,Pee-wee's Big Adventure (1985),Adventure|Comedy,5683.0,3169
3609,Regret to Inform (1998),Documentary,113279.0,3170
3610,Roustabout (1964),Drama|Musical|Romance,2094.0,3171
3611,Saludos Amigos (1943),Animation|Children|Comedy,14906.0,3172
3612,The Slipper and the Rose: The Story of Cinderella (1976),Adventure|Children|Fantasy|Musical|Romance,16176.0,3173
3613,Things Change (1988),Comedy,52770.0,3174
3614,Honeymoon in Vegas (1992),Comedy|Romance,12518.0,3175
3615,Dinosaur (2000),Adventure|Animation|Children,10567.0,3176
3616,Loser (2000),Comedy|Romance,10642.0,3177
3617,Road Trip (2000),Comedy,9285.0,3178
3618,Small Time Crooks (2000),Comedy|Crime,10569.0,3179
3619,"Hollywood Knights, The (1980)",Comedy,21879.0,3180
3620,"Myth of Fingerprints, The (1997)",Comedy|Drama,98502.0,3181
3621,Possession (1981),Drama|Horror,21484.0,3182
3622,"Twelve Chairs, The (1970)",Comedy,24918.0,3183
3623,Mission: Impossible II (2000),Action|Adventure|Thriller,955.0,3184
3624,Shanghai Noon (2000),Action|Adventure|Comedy|Western,8584.0,3185
3625,Better Living Through Circuitry (1999),Documentary,47295.0,3186
3626,8 ½ Women (a.k.a. 8 1/2 Women) (a.k.a. Eight and a Half Women) (1999),Comedy,11332.0,3187
3627,Carnival of Souls (1962),Horror|Thriller,16093.0,3188
3628,Flying Tigers (1942),Action|Drama|Romance|War,29372.0,3189
3629,"Gold Rush, The (1925)",Adventure|Comedy|Romance,962.0,3190
3630,"House of Exorcism, The (a.k.a. Lisa and the Devil) (Casa dell'esorcismo, La) (1973)",Horror,5483.0,3191
3632,Monsieur Verdoux (1947),Comedy|Crime,30588.0,3192
3633,On Her Majesty's Secret Service (1969),Action|Adventure|Romance|Thriller,668.0,3193
3634,Seven Days in May (1964),Thriller,23518.0,3194
3635,"Spy Who Loved Me, The (1977)",Action|Adventure|Thriller,691.0,3195
3637,Vagabond (Sans toit ni loi) (1985),Drama,44018.0,3196
3638,Moonraker (1979),Action|Adventure|Sci-Fi|Thriller,698.0,3197
3639,"Man with the Golden Gun, The (1974)",Action|Adventure|Thriller,682.0,3198
3640,"King in New York, A (1957)",Comedy|Drama,28973.0,3199
3641,"Woman of Paris, A (1923)",Drama,28974.0,3200
3643,"Fighting Seabees, The (1944)",Action|Drama|War,22994.0,3201
3644,Dark Command (1940),Western,40639.0,3202
3645,Cleo from 5 to 7 (Cléo de 5 à 7) (1962),Drama,499.0,3203
3646,Big Momma's House (2000),Comedy,9600.0,3204
3648,"Abominable Snowman, The (Abominable Snowman of the Himalayas, The) (1957)",Horror|Sci-Fi,38006.0,3205
3649,American Gigolo (1980),Drama,2768.0,3206
3652,"City of the Living Dead (a.k.a. Gates of Hell, The) (Paura nella città dei morti viventi) (1980)",Horror,24920.0,3207
3653,"Endless Summer, The (1966)",Documentary,21.0,3208
3654,"Guns of Navarone, The (1961)",Action|Adventure|Drama|War,10911.0,3209
3655,Blow-Out (La grande bouffe) (1973),Drama,10102.0,3210
3658,Quatermass and the Pit (1967),Horror|Sci-Fi,26912.0,3211
3659,Quatermass 2 (Enemy from Space) (1957),Sci-Fi|Thriller,26278.0,3212
3662,Puppet Master III: Toulon's Revenge (1991),Horror|Sci-Fi|Thriller,26956.0,3213
3663,Puppet Master 4 (1993),Horror|Sci-Fi|Thriller,26957.0,3214
3664,Puppet Master 5: The Final Chapter (1994),Horror|Sci-Fi|Thriller,26958.0,3215
3665,Curse of the Puppet Master (Puppet Master 6: The Curse) (1998),Horror|Sci-Fi|Thriller,26959.0,3216
3666,Retro Puppet Master (Puppet Master 7) (1999),Horror|Sci-Fi|Thriller,26960.0,3217
3667,Rent-A-Cop (1988),Action|Comedy|Crime,80287.0,3218
3668,Romeo and Juliet (1968),Drama|Romance,6003.0,3219
3669,Stay Tuned (1992),Comedy,23939.0,3220
3670,Story of G.I. Joe (1945),War,46614.0,3221
3671,Blazing Saddles (1974),Comedy|Western,11072.0,3222
3672,Benji (1974),Adventure|Children,23069.0,3223
3673,Benji the Hunted (1987),Adventure|Children,21299.0,3224
3674,For the Love of Benji (1977),Adventure|Children|Comedy|Drama,38802.0,3225
3675,White Christmas (1954),Comedy|Musical|Romance,13368.0,3226
3676,Eraserhead (1977),Drama|Horror,985.0,3227
3677,Baraka (1992),Documentary,14002.0,3228
3678,"Man with the Golden Arm, The (1955)",Drama,541.0,3229
3679,"Decline of Western Civilization, The (1981)",Documentary|Musical,21137.0,3230
3680,"Decline of Western Civilization Part II: The Metal Years, The (1988)",Documentary,36724.0,3231
3681,For a Few Dollars More (Per qualche dollaro in più) (1965),Action|Drama|Thriller|Western,938.0,3232
3682,Magnum Force (1973),Action|Crime|Drama|Thriller,10648.0,3233
3683,Blood Simple (1984),Crime|Drama|Film-Noir,11368.0,3234
3684,"Fabulous Baker Boys, The (1989)",Drama|Romance,10875.0,3235
3685,Prizzi's Honor (1985),Comedy|Drama|Romance,2075.0,3236
3686,Flatliners (1990),Horror|Sci-Fi|Thriller,1551.0,3237
3687,Light Years (Gandahar) (1988),Adventure|Animation|Fantasy|Sci-Fi,22500.0,3238
3688,Porky's (1982),Comedy,10246.0,3239
3689,Porky's II: The Next Day (1983),Comedy,19698.0,3240
3690,Porky's Revenge (1985),Comedy,23919.0,3241
3691,Private School (1983),Comedy,18835.0,3242
3692,Class of Nuke 'Em High (1986),Comedy|Horror,26554.0,3243
3693,"Toxic Avenger, The (1985)",Comedy|Horror,15239.0,3244
3694,"Toxic Avenger, Part II, The (1989)",Comedy|Horror,28165.0,3245
3695,"Toxic Avenger Part III: The Last Temptation of Toxie, The (1989)",Comedy|Horror,28169.0,3246
3696,Night of the Creeps (1986),Comedy|Horror|Sci-Fi|Thriller,15762.0,3247
3697,Predator 2 (1990),Action|Sci-Fi|Thriller,169.0,3248
3698,"Running Man, The (1987)",Action|Sci-Fi,865.0,3249
3699,Starman (1984),Adventure|Drama|Romance|Sci-Fi,9663.0,3250
3700,"Brother from Another Planet, The (1984)",Drama|Sci-Fi,26889.0,3251
3701,Alien Nation (1988),Crime|Drama|Sci-Fi|Thriller,10128.0,3252
3702,Mad Max (1979),Action|Adventure|Sci-Fi,9659.0,3253
3703,"Road Warrior, The (Mad Max 2) (1981)",Action|Adventure|Sci-Fi|Thriller,8810.0,3254
3704,Mad Max Beyond Thunderdome (1985),Action|Adventure|Sci-Fi,9355.0,3255
3705,Bird on a Wire (1990),Action|Comedy|Romance,1727.0,3256
3706,Angel Heart (1987),Film-Noir|Horror|Mystery|Thriller,635.0,3257
3707,9 1/2 Weeks (Nine 1/2 Weeks) (1986),Drama|Romance,10068.0,3258
3708,Firestarter (1984),Horror|Thriller,11495.0,3259
3709,Sleepwalkers (1992),Horror,11428.0,3260
3710,Action Jackson (1988),Action|Comedy|Crime|Thriller,10117.0,3261
3711,Sarafina! (1992),Drama,35936.0,3262
3712,Soapdish (1991),Comedy,25562.0,3263
3713,"Long Walk Home, The (1990)",Drama,51763.0,3264
3714,Clara's Heart (1988),Drama,73079.0,3265
3715,Burglar (1987),Comedy|Crime,38921.0,3266
3716,Fatal Beauty (1987),Action|Comedy|Crime|Drama,35463.0,3267
3717,Gone in 60 Seconds (2000),Action|Crime,9679.0,3268
3718,American Pimp (1999),Documentary,24587.0,3269
3719,Love's Labour's Lost (2000),Comedy|Romance,51333.0,3270
3720,Sunshine (1999),Drama,17771.0,3271
3721,Trixie (2000),Comedy|Crime|Mystery,31610.0,3272
3722,American Virgin (2000),Comedy,60005.0,3273
3723,Hamlet (1990),Drama,10264.0,3274
3724,Coming Home (1978),Drama|War,31657.0,3275
3725,American Pop (1981),Animation|Musical,29204.0,3276
3726,Assault on Precinct 13 (1976),Action|Thriller,17814.0,3277
3727,Near Dark (1987),Horror|Western,11879.0,3278
3728,One False Move (1992),Crime|Drama|Film-Noir|Thriller,21128.0,3279
3729,Shaft (1971),Action|Crime|Drama|Thriller,482.0,3280
3730,"Conversation, The (1974)",Drama|Mystery,592.0,3281
3731,Cutter's Way (1981),Drama|Thriller,31593.0,3282
3732,"Fury, The (1978)",Horror,12611.0,3283
3733,"Paper Chase, The (1973)",Drama,14328.0,3284
3734,Prince of the City (1981),Drama,32047.0,3285
3735,Serpico (1973),Crime|Drama,9040.0,3286
3736,"Ace in the Hole (Big Carnival, The) (1951)",Drama,25364.0,3287
3737,Lonely Are the Brave (1962),Drama|Western,43002.0,3288
3738,"Sugarland Express, The (1974)",Drama,5121.0,3289
3739,Trouble in Paradise (1932),Comedy|Romance,195.0,3290
3740,Big Trouble in Little China (1986),Action|Adventure|Comedy|Fantasy,6978.0,3291
3741,Badlands (1973),Crime|Drama|Thriller,3133.0,3292
3742,Battleship Potemkin (1925),Drama|War,643.0,3293
3743,Boys and Girls (2000),Comedy|Romance,10571.0,3294
3744,Shaft (2000),Action|Crime|Thriller,479.0,3295
3745,Titan A.E. (2000),Action|Adventure|Animation|Children|Sci-Fi,7450.0,3296
3746,Butterfly (La lengua de las mariposas) (1999),Drama,31023.0,3297
3747,Jesus' Son (1999),Drama,25636.0,3298
3749,"Time Regained (Temps retrouvé, Le) (1999)",Drama,47439.0,3299
3751,Chicken Run (2000),Animation|Children|Comedy,7443.0,3300
3752,"Me, Myself & Irene (2000)",Adventure|Comedy,2123.0,3301
3753,"Patriot, The (2000)",Action|Drama|War,2024.0,3302
3754,"Adventures of Rocky and Bullwinkle, The (2000)",Adventure|Animation|Children|Comedy|Fantasy,17711.0,3303
3755,"Perfect Storm, The (2000)",Drama|Thriller,2133.0,3304
3756,"Golden Bowl, The (2000)",Drama,29946.0,3305
3757,Asylum (1972),Horror,25993.0,3306
3758,Communion (1989),Drama|Sci-Fi|Thriller,28774.0,3307
3759,Fun and Fancy Free (1947),Animation|Children|Musical,46929.0,3308
3760,"Kentucky Fried Movie, The (1977)",Comedy,11598.0,3309
3761,"Blood In, Blood Out (1993)",Action|Crime|Drama|Thriller,9702.0,3310
3763,F/X (1986),Action|Crime|Thriller,9873.0,3311
3764,F/X2 (a.k.a. F/X 2 - The Deadly Art of Illusion) (1991),Action|Crime|Thriller,16820.0,3312
3765,"Hot Spot, The (1990)",Crime|Drama|Romance,14864.0,3313
3766,Missing in Action (1984),Action|War,15379.0,3314
3767,Missing in Action 2: The Beginning (1985),Action|War,12764.0,3315
3768,Braddock: Missing in Action III (1988),Action|War,27352.0,3316
3769,Thunderbolt and Lightfoot (1974),Action,8348.0,3317
3770,Dreamscape (1984),Horror|Sci-Fi|Thriller,24099.0,3318
3771,The Golden Voyage of Sinbad (1973),Action|Adventure|Fantasy,17897.0,3319
3773,House Party (1990),Comedy,16094.0,3320
3774,House Party 2 (1991),Comedy|Drama|Romance,16096.0,3321
3775,Make Mine Music (1946),Animation|Children|Musical,20343.0,3322
3776,Melody Time (1948),Animation|Children|Musical,13757.0,3323
3777,Nekromantik (1987),Comedy|Horror,11822.0,3324
3780,Rocketship X-M (1950),Sci-Fi,37744.0,3325
3781,Shaft in Africa (1973),Action|Crime,494.0,3326
3782,Shaft's Big Score! (1972),Action|Crime,493.0,3327
3783,Croupier (1998),Crime|Drama,12706.0,3328
3784,"Kid, The (2000)",Comedy|Fantasy,4244.0,3329
3785,Scary Movie (2000),Comedy|Horror,4247.0,3330
3786,But I'm a Cheerleader (1999),Comedy,20770.0,3331
3787,Shower (Xizao) (1999),Comedy,1050.0,3332
3788,Blow-Up (Blowup) (1966),Drama|Mystery,1052.0,3333
3789,"Pawnbroker, The (1964)",Drama,20540.0,3334
3790,Groove (2000),Drama,23655.0,3335
3791,Footloose (1984),Drama,1788.0,3336
3792,Duel in the Sun (1946),Drama|Romance|Western,32275.0,3337
3793,X-Men (2000),Action|Adventure|Sci-Fi,36657.0,3338
3794,Chuck & Buck (2000),Comedy|Drama,44490.0,3339
3795,"Five Senses, The (1999)",Drama,47585.0,3340
3796,"Wisdom of Crocodiles, The (a.k.a. Immortality) (2000)",Romance|Thriller,1448.0,3341
3797,"In Crowd, The (2000)",Thriller,36047.0,3342
3798,What Lies Beneath (2000),Drama|Horror|Mystery,2655.0,3343
3799,Pokémon the Movie 2000 (2000),Animation|Children,12599.0,3344
3800,Criminal Lovers (1999),Crime|Drama|Romance|Thriller,33828.0,3345
3801,Anatomy of a Murder (1959),Drama|Mystery,93.0,3346
3802,Freejack (1992),Action|Sci-Fi,9278.0,3347
3804,H.O.T.S. (1979),Comedy,59181.0,3348
3805,Knightriders (1981),Action|Adventure|Drama,22167.0,3349
3806,Mackenna's Gold (1969),Western,18118.0,3350
3807,Sinbad and the Eye of the Tiger (1977),Adventure|Fantasy,11940.0,3351
3808,"Two Women (Ciociara, La) (1960)",Drama|War,24167.0,3352
3809,What About Bob? (1991),Comedy,10276.0,3353
3810,White Sands (1992),Drama|Thriller,19380.0,3354
3811,Breaker Morant (1980),Drama|War,13783.0,3355
3812,Everything You Always Wanted to Know About Sex * But Were Afraid to Ask (1972),Comedy,11624.0,3356
3813,Interiors (1978),Drama,15867.0,3357
3814,Love and Death (1975),Comedy,11686.0,3358
3816,"Official Story, The (La historia oficial) (1985)",Drama,29263.0,3359
3817,"Other Side of Sunday, The (Søndagsengler) (1996)",Comedy|Drama,46754.0,3360
3819,Tampopo (1985),Comedy,11830.0,3361
3820,Thomas and the Magic Railroad (2000),Children,16110.0,3362
3821,Nutty Professor II: The Klumps (2000),Comedy,12107.0,3363
3822,"Girl on the Bridge, The (Fille sur le pont, La) (1999)",Drama|Romance,10401.0,3364
3823,Wonderland (1999),Drama,32640.0,3365
3824,Autumn in New York (2000),Drama|Romance,10641.0,3366
3825,Coyote Ugly (2000),Comedy|Drama|Romance,6282.0,3367
3826,Hollow Man (2000),Horror|Sci-Fi|Thriller,9383.0,3368
3827,Space Cowboys (2000),Action|Adventure|Comedy|Sci-Fi,5551.0,3369
3830,Psycho Beach Party (2000),Comedy|Horror|Thriller,27723.0,3370
3831,Saving Grace (2000),Comedy,2360.0,3371
3832,"Black Sabbath (Tre volti della paura, I) (1963)",Horror,28043.0,3372
3833,"Brain That Wouldn't Die, The (1962)",Horror|Sci-Fi,33468.0,3373
3834,Bronco Billy (1980),Adventure|Drama|Romance,21866.0,3374
3835,"Crush, The (1993)",Thriller,33408.0,3375
3836,Kelly's Heroes (1970),Action|Comedy|War,11589.0,3376
3837,Phantasm II (1988),Action|Fantasy|Horror|Sci-Fi|Thriller,15158.0,3377
3838,Phantasm III: Lord of the Dead (1994),Horror,16139.0,3378
3839,Phantasm IV: Oblivion (1998),Horror,16146.0,3379
3840,Pumpkinhead (1988),Horror,26515.0,3380
3841,Air America (1990),Action|Comedy,11856.0,3381
3843,Sleepaway Camp (1983),Horror,13567.0,3382
3844,Steel Magnolias (1989),Drama,10860.0,3383
3845,And God Created Woman (Et Dieu... créa la femme) (1956),Drama,8420.0,3384
3846,Easy Money (1983),Comedy,18391.0,3385
3847,"Ilsa, She Wolf of the SS (1974)",Horror,20850.0,3386
3848,Silent Fall (1994),Drama|Thriller,39473.0,3387
3849,The Spiral Staircase (1945),Horror|Mystery|Thriller,27452.0,3388
3851,I'm the One That I Want (2000),Comedy,38548.0,3389
3852,"Tao of Steve, The (2000)",Comedy,20438.0,3390
3854,Aimée & Jaguar (1999),Drama|Romance|War,2211.0,3391
3855,"Affair of Love, An (Liaison pornographique, Une) (1999)",Drama|Romance,46991.0,3392
3857,Bless the Child (2000),Thriller,10391.0,3393
3858,Cecil B. DeMented (2000),Comedy,14195.0,3394
3859,"Eyes of Tammy Faye, The (2000)",Documentary,15665.0,3395
3860,"Opportunists, The (2000)",Comedy|Crime|Drama,45905.0,3396
3861,"Replacements, The (2000)",Comedy,10393.0,3397
3862,About Adam (2000),Comedy,18168.0,3398
3863,"Cell, The (2000)",Drama|Horror|Thriller,8843.0,3399
3864,Godzilla 2000 (Gojira ni-sen mireniamu) (1999),Action|Adventure|Sci-Fi,10643.0,3400
3865,"Original Kings of Comedy, The (2000)",Comedy|Documentary,23618.0,3401
3867,All the Rage (It's the Rage) (1999),Drama,30946.0,3402
3868,"Naked Gun: From the Files of Police Squad!, The (1988)",Action|Comedy|Crime|Romance,37136.0,3403
3869,"Naked Gun 2 1/2: The Smell of Fear, The (1991)",Comedy,37137.0,3404
3870,Our Town (1940),Drama,23283.0,3405
3871,Shane (1953),Drama|Western,3110.0,3406
3872,"Suddenly, Last Summer (1959)",Drama,14698.0,3407
3873,Cat Ballou (1965),Comedy|Western,11694.0,3408
3874,"Couch in New York, A (1996)",Comedy|Drama|Romance,47434.0,3409
3875,"Devil Rides Out, The (1968)",Horror,39891.0,3410
3876,Jerry and Tom (1998),Comedy|Crime|Drama,76891.0,3411
3877,Supergirl (1984),Action|Adventure|Fantasy,9651.0,3412
3878,X: The Unknown (1956),Horror|Sci-Fi,26865.0,3413
3879,"Art of War, The (2000)",Action|Thriller,11398.0,3414
3880,"Ballad of Ramblin' Jack, The (2000)",Documentary,161687.0,3415
3881,Phish: Bittersweet Motel (2000),Documentary,26244.0,3416
3882,Bring It On (2000),Comedy,1588.0,3417
3883,Catfish in Black Bean Sauce (2000),Comedy|Drama,287821.0,3418
3884,"Crew, The (2000)",Comedy,19150.0,3419
3885,Love & Sex (2000),Comedy|Drama|Romance,25128.0,3420
3886,Steal This Movie! (2000),Drama,18153.0,3421
3888,Skipped Parts (2000),Drama|Romance,41282.0,3422
3889,Highlander: Endgame (Highlander IV) (2000),Action|Adventure|Fantasy,12211.0,3423
3892,Anatomy (Anatomie) (2000),Horror,1698.0,3424
3893,Nurse Betty (2000),Comedy|Crime|Drama|Romance|Thriller,10480.0,3425
3894,Solas (1999),Drama,80713.0,3426
3895,"Watcher, The (2000)",Crime|Thriller,10685.0,3427
3896,"Way of the Gun, The (2000)",Crime|Thriller,1619.0,3428
3897,Almost Famous (2000),Drama,786.0,3429
3898,Bait (2000),Action|Comedy,14805.0,3430
3899,Circus (2000),Crime|Drama|Thriller,51179.0,3431
3900,Crime and Punishment in Suburbia (2000),Comedy|Drama,46119.0,3432
3901,Duets (2000),Comedy|Drama,18074.0,3433
3902,Goya in Bordeaux (Goya en Burdeos) (1999),Drama,170767.0,3434
3903,Urbania (2000),Drama,77332.0,3435
3905,"Specials, The (2000)",Comedy,29015.0,3436
3906,Under Suspicion (2000),Crime|Thriller,10562.0,3437
3908,Urban Legends: Final Cut (2000),Horror,12212.0,3438
3909,Woman on Top (2000),Comedy|Romance,14629.0,3439
3910,Dancer in the Dark (2000),Drama|Musical,16.0,3440
3911,Best in Show (2000),Comedy,13785.0,3441
3912,Beautiful (2000),Comedy|Drama,34299.0,3442
3913,Barenaked in America (1999),Documentary,15752.0,3443
3914,"Broken Hearts Club, The (2000)",Drama,22597.0,3444
3915,Girlfight (2000),Drama,19348.0,3445
3916,Remember the Titans (2000),Drama,10637.0,3446
3917,Hellraiser (1987),Horror,9003.0,3447
3918,Hellbound: Hellraiser II (1988),Horror,9064.0,3448
3919,Hellraiser III: Hell on Earth (1992),Horror,11569.0,3449
3920,"Faraway, So Close (In weiter Ferne, so nah!) (1993)",Drama|Fantasy|Mystery|Romance,10434.0,3450
3921,Beach Party (1963),Comedy,26484.0,3451
3922,Bikini Beach (1964),Comedy,39113.0,3452
3923,Return of the Fly (1959),Horror|Sci-Fi,38126.0,3453
3924,Pajama Party (1964),Comedy,53617.0,3454
3925,Stranger Than Paradise (1984),Comedy|Drama,469.0,3455
3926,Voyage to the Bottom of the Sea (1961),Adventure|Sci-Fi,2160.0,3456
3927,Fantastic Voyage (1966),Adventure|Sci-Fi,2161.0,3457
3928,Abbott and Costello Meet Frankenstein (1948),Comedy|Horror,3073.0,3458
3929,"Bank Dick, The (1940)",Comedy,911.0,3459
3930,"Creature from the Black Lagoon, The (1954)",Adventure|Horror|Sci-Fi,10973.0,3460
3931,"Giant Gila Monster, The (1959)",Horror|Sci-Fi,34077.0,3461
3932,"Invisible Man, The (1933)",Horror|Sci-Fi,10787.0,3462
3933,"Killer Shrews, The (1959)",Horror|Sci-Fi,43109.0,3463
3934,Kronos (1957),Sci-Fi,43230.0,3464
3936,Phantom of the Opera (1943),Horror|Musical|Thriller,15855.0,3465
3937,Runaway (1984),Sci-Fi|Thriller,9507.0,3466
3938,"Slumber Party Massacre, The (1982)",Horror,27475.0,3467
3939,Slumber Party Massacre II (1987),Horror,27764.0,3468
3940,Slumber Party Massacre III (1990),Horror,27767.0,3469
3941,Sorority House Massacre (1986),Horror,40760.0,3470
3942,Sorority House Massacre II (1990),Horror,40446.0,3471
3943,Bamboozled (2000),Comedy,24664.0,3472
3944,Bootmen (2000),Comedy|Drama,21370.0,3473
3945,Digimon: The Movie (2000),Adventure|Animation|Children,20455.0,3474
3946,Get Carter (2000),Action|Drama|Thriller,10461.0,3475
3947,Get Carter (1971),Action|Crime|Drama|Thriller,1485.0,3476
3948,Meet the Parents (2000),Comedy,1597.0,3477
3949,Requiem for a Dream (2000),Drama,641.0,3478
3950,Tigerland (2000),Drama,10687.0,3479
3951,Two Family House (2000),Drama,63956.0,3480
3952,"Contender, The (2000)",Drama|Thriller,6521.0,3481
3953,Dr. T and the Women (2000),Comedy|Romance,10763.0,3482
3955,"Ladies Man, The (2000)",Comedy,16888.0,3483
3956,Lost Souls (2000),Drama|Horror|Thriller,10383.0,3484
3957,Billy Jack (1971),Action|Drama,21142.0,3485
3958,Billy Jack Goes to Washington (1977),Drama,78140.0,3486
3959,"Time Machine, The (1960)",Action|Adventure|Sci-Fi,2134.0,3487
3960,Haunted (1995),Drama|Thriller,18801.0,3488
3961,Ghoulies (1985),Horror,18498.0,3489
3962,Ghoulies II (1987),Comedy|Horror,28605.0,3490
3963,"Unsinkable Molly Brown, The (1964)",Musical,42797.0,3491
3964,"Adventures of Ichabod and Mr. Toad, The (1949)",Animation|Children,13465.0,3492
3965,"Strange Love of Martha Ivers, The (1946)",Drama|Film-Noir,27033.0,3493
3966,Detour (1945),Crime|Film-Noir,20367.0,3494
3967,Billy Elliot (2000),Drama,71.0,3495
3968,Bedazzled (2000),Comedy,1636.0,3496
3969,Pay It Forward (2000),Drama,10647.0,3497
3970,"Beyond, The (E tu vivrai nel terrore - L'aldilà) (1981)",Horror,19204.0,3498
3971,"Private Eyes, The (1981)",Comedy|Mystery,13762.0,3499
3972,"Legend of Drunken Master, The (Jui kuen II) (1994)",Action|Comedy,12207.0,3500
3973,Book of Shadows: Blair Witch 2 (2000),Crime|Horror|Mystery|Thriller,11531.0,3501
3974,"Little Vampire, The (2000)",Adventure|Children,24100.0,3502
3975,Lucky Numbers (2000),Comedy|Drama,10783.0,3503
3976,Stardom (2000),Comedy|Drama,47302.0,3504
3977,Charlie's Angels (2000),Action|Comedy,4327.0,3505
3978,"Legend of Bagger Vance, The (2000)",Drama|Romance,4958.0,3506
3979,Little Nicky (2000),Comedy,9678.0,3507
3980,Men of Honor (2000),Drama,11978.0,3508
3981,Red Planet (2000),Action|Sci-Fi|Thriller,8870.0,3509
3982,What's Cooking? (2000),Drama,77434.0,3510
3983,You Can Count on Me (2000),Drama|Romance,14295.0,3511
3984,Diamonds Are Forever (1971),Action|Adventure|Thriller,681.0,3512
3985,"Eagle Has Landed, The (1976)",Drama|War,11372.0,3513
3986,"6th Day, The (2000)",Action|Sci-Fi|Thriller,8452.0,3514
3987,Bounce (2000),Drama|Romance,10862.0,3515
3988,How the Grinch Stole Christmas (a.k.a. The Grinch) (2000),Children|Comedy|Fantasy,8871.0,3516
3989,One Day in September (1999),Documentary,34045.0,3517
3990,Rugrats in Paris: The Movie (2000),Animation|Children|Comedy,16340.0,3518
3991,102 Dalmatians (2000),Children|Comedy,10481.0,3519
3992,Malèna (2000),Drama|Romance|War,10867.0,3520
3993,Quills (2000),Drama|Romance,10876.0,3521
3994,Unbreakable (2000),Drama|Sci-Fi,9741.0,3522
3996,"Crouching Tiger, Hidden Dragon (Wo hu cang long) (2000)",Action|Drama|Romance,146.0,3523
3997,Dungeons & Dragons (2000),Action|Adventure|Comedy|Fantasy,11849.0,3524
3998,Proof of Life (2000),Drama,11983.0,3525
3999,Vertical Limit (2000),Action|Adventure,11678.0,3526
4000,"Bounty, The (1984)",Adventure|Drama,2669.0,3527
4001,Code of Silence (1985),Action,20721.0,3528
4002,"Planes, Trains & Automobiles (1987)",Comedy,2609.0,3529
4003,She's Having a Baby (1988),Comedy,12714.0,3530
4005,"Living Daylights, The (1987)",Action|Adventure|Thriller,708.0,3531
4006,Transformers: The Movie (1986),Adventure|Animation|Children|Sci-Fi,1857.0,3532
4007,Wall Street (1987),Drama,10673.0,3533
4008,Born on the Fourth of July (1989),Drama|War,2604.0,3534
4009,Talk Radio (1988),Drama,10132.0,3535
4010,Brewster's Millions (1985),Comedy,11064.0,3536
4011,Snatch (2000),Comedy|Crime|Thriller,107.0,3537
4012,Punchline (1988),Comedy|Drama,40820.0,3538
4014,Chocolat (2000),Drama|Romance,392.0,3539
4015,"Dude, Where's My Car? (2000)",Comedy|Sci-Fi,8859.0,3540
4016,"Emperor's New Groove, The (2000)",Adventure|Animation|Children|Comedy|Fantasy,11688.0,3541
4017,Pollock (2000),Drama,12509.0,3542
4018,What Women Want (2000),Comedy|Romance,3981.0,3543
4019,Finding Forrester (2000),Drama,711.0,3544
4020,"Gift, The (2000)",Thriller,2046.0,3545
4021,Before Night Falls (2000),Drama,5001.0,3546
4022,Cast Away (2000),Drama,8358.0,3547
4023,"Family Man, The (2000)",Comedy|Drama|Romance,5994.0,3548
4024,"House of Mirth, The (2000)",Romance,25520.0,3549
4025,Miss Congeniality (2000),Comedy|Crime,1493.0,3550
4026,Nowhere to Hide (Injeong sajeong bol geot eobtda) (1999),Action|Comedy|Crime|Thriller,25660.0,3551
4027,"O Brother, Where Art Thou? (2000)",Adventure|Comedy|Crime,134.0,3552
4028,Songcatcher (2000),Drama,62677.0,3553
4029,State and Main (2000),Comedy|Drama,21991.0,3554
4030,Dracula 2000 (2000),Horror,10577.0,3555
4031,All the Pretty Horses (2000),Drama|Romance|Western,21355.0,3556
4032,"Everlasting Piece, An (2000)",Comedy,29122.0,3557
4033,Thirteen Days (2000),Drama|Thriller|War,11973.0,3558
4034,Traffic (2000),Crime|Drama|Thriller,1900.0,3559
4035,"Claim, The (2000)",Romance|Western,44853.0,3560
4036,Shadow of the Vampire (2000),Drama|Horror,10873.0,3561
4037,House of Games (1987),Crime|Film-Noir|Mystery|Thriller,26719.0,3562
4038,Kill Me Again (1989),Crime|Drama|Thriller,31583.0,3563
4039,Annie (1982),Children|Musical,15739.0,3564
4040,Don't Tell Mom the Babysitter's Dead (1991),Comedy,15413.0,3565
4041,"Officer and a Gentleman, An (1982)",Drama|Romance,2623.0,3566
4042,"Alamo, The (1960)",Action|Drama|War|Western,11209.0,3567
4043,At Close Range (1986),Crime|Drama,13715.0,3568
4044,Breaker! Breaker! (1977),Action|Adventure|Crime,19108.0,3569
4045,Breakheart Pass (1975),Western,8043.0,3570
4046,Friendly Persuasion (1956),Drama,43258.0,3571
4047,Gettysburg (1993),Drama|War,10655.0,3572
4048,Imaginary Crimes (1994),Drama,75490.0,3573
4049,Rancho Deluxe (1975),Comedy|Western,42261.0,3574
4051,Horrors of Spider Island (Ein Toter Hing im Netz) (1960),Horror|Sci-Fi,,3575
4052,Antitrust (2001),Crime|Drama|Thriller,9989.0,3576
4053,Double Take (2001),Action|Comedy,18828.0,3577
4054,Save the Last Dance (2001),Drama|Romance,9816.0,3578
4055,Panic (2000),Drama,20637.0,3579
4056,"Pledge, The (2001)",Crime|Drama|Mystery|Thriller,5955.0,3580
4060,Love Field (1992),Drama,66599.0,3581
4061,The Man in the Moon (1991),Drama|Romance,17474.0,3582
4062,Mystic Pizza (1988),Comedy|Drama|Romance,11191.0,3583
4063,Prelude to a Kiss (1992),Comedy|Drama|Romance,2613.0,3584
4064,Coffy (1973),Action|Crime|Thriller,22021.0,3585
4065,Foxy Brown (1974),Action|Crime|Drama,22048.0,3586
4066,I'm Gonna Git You Sucka (1988),Action|Comedy,17006.0,3587
4067,Untamed Heart (1993),Drama|Romance,26333.0,3588
4068,Sugar & Spice (2001),Comedy,16723.0,3589
4069,"Wedding Planner, The (2001)",Comedy|Romance,2018.0,3590
4072,Faithless (Trolösa) (2000),Drama|Romance,47595.0,3591
4073,"Invisible Circus, The (2001)",Drama|Romance,18856.0,3592
4074,"Legend of Rita, The (Stille nach dem Schuß, Die) (1999)",Drama,10499.0,3593
4077,"With a Friend Like Harry... (Harry, un ami qui vous veut du bien) (2000)",Drama|Thriller,47943.0,3594
4078,Amazing Grace and Chuck (1987),Drama,74340.0,3595
4079,Amazon Women on the Moon (1987),Comedy|Sci-Fi,5709.0,3596
4080,Baby Boom (1987),Comedy,11215.0,3597
4081,Back to the Beach (1987),Comedy,26477.0,3598
4082,Barfly (1987),Comedy|Drama|Romance,10937.0,3599
4083,Best Seller (1987),Thriller,4639.0,3600
4084,Beverly Hills Cop II (1987),Action|Comedy|Crime|Thriller,96.0,3601
4085,Beverly Hills Cop (1984),Action|Comedy|Crime|Drama,90.0,3602
4086,"Big Easy, The (1987)",Action|Crime|Mystery|Romance|Thriller,11028.0,3603
4087,Big Shots (1987),Adventure|Children|Comedy,57240.0,3604
4089,Born in East L.A. (1987),Comedy,19324.0,3605
4090,"Brave Little Toaster, The (1987)",Animation|Children,19933.0,3606
4091,Can't Buy Me Love (1987),Comedy|Romance,12919.0,3607
4092,Cherry 2000 (1987),Romance|Sci-Fi,15785.0,3608
4093,Cop (1988),Thriller,31701.0,3609
4094,Critical Condition (1987),Comedy,31563.0,3610
4095,Cry Freedom (1987),Drama,12506.0,3611
4097,Dead of Winter (1987),Horror|Thriller,70199.0,3612
4098,"Dead, The (1987)",Drama,39507.0,3613
4099,Death Before Dishonor (1987),Action|Drama,62185.0,3614
4100,Disorderlies (1987),Comedy,24826.0,3615
4102,Eddie Murphy Raw (1987),Comedy|Documentary,17159.0,3616
4103,Empire of the Sun (1987),Action|Adventure|Drama|War,10110.0,3617
4104,Ernest Goes to Camp (1987),Comedy,18935.0,3618
4105,"Evil Dead, The (1981)",Fantasy|Horror|Thriller,764.0,3619
4106,Extreme Prejudice (1987),Action|Crime|Drama|Thriller|Western,20287.0,3620
4108,Five Corners (1987),Drama,71881.0,3621
4109,Flowers in the Attic (1987),Drama|Thriller,15658.0,3622
4110,"Fourth Protocol, The (1987)",Thriller,4918.0,3623
4111,Gardens of Stone (1987),Drama|War,28368.0,3624
4113,"Glass Menagerie, The (1987)",Drama,52780.0,3625
4115,Hiding Out (1987),Comedy,26156.0,3626
4116,Hollywood Shuffle (1987),Comedy,34101.0,3627
4117,Hope and Glory (1987),Drama,32054.0,3628
4118,Hot Pursuit (1987),Comedy,14464.0,3629
4119,Housekeeping (1987),Comedy|Drama,65501.0,3630
4121,Innerspace (1987),Action|Adventure|Comedy|Sci-Fi,2614.0,3631
4122,Ironweed (1987),Drama,40962.0,3632
4123,Ishtar (1987),Comedy,12704.0,3633
4124,Jaws: The Revenge (1987),Horror|Thriller,580.0,3634
4125,Leonard Part 6 (1987),Comedy|Sci-Fi,24828.0,3635
4126,Less Than Zero (1987),Drama,13703.0,3636
4127,"Like Father, Like Son (1987)",Comedy,36914.0,3637
4128,"Lost Boys, The (1987)",Comedy|Horror|Thriller,1547.0,3638
4129,Made in Heaven (1987),Fantasy|Romance,42010.0,3639
4130,Maid to Order (1987),Comedy|Fantasy,2608.0,3640
4131,Making Mr. Right (1987),Comedy|Romance|Sci-Fi,32058.0,3641
4132,Mannequin (1987),Comedy|Romance,10019.0,3642
4133,Masters of the Universe (1987),Action|Adventure|Fantasy|Sci-Fi,11649.0,3643
4135,"Monster Squad, The (1987)",Adventure|Comedy|Horror,13509.0,3644
4136,"Month in the Country, A (1987)",Drama,63639.0,3645
4137,Morgan Stewart's Coming Home (1987),Comedy,30175.0,3646
4138,My Demon Lover (1987),Comedy|Horror,51521.0,3647
4139,No Man's Land (1987),Crime|Drama,34379.0,3648
4140,North Shore (1987),Drama|Romance,22915.0,3649
4141,Head Over Heels (2001),Comedy|Romance,24940.0,3650
4142,Left Behind: The Movie (2000),Action|Adventure|Drama|Thriller,37302.0,3651
4143,Valentine (2001),Horror|Mystery,10984.0,3652
4144,In the Mood For Love (Fa yeung nin wa) (2000),Drama|Romance,843.0,3653
4146,"Million Dollar Hotel, The (2001)",Drama|Mystery|Romance,318.0,3654
4147,Nico and Dani (Krámpack) (2000),Comedy|Drama|Romance,12806.0,3655
4148,Hannibal (2001),Horror|Thriller,9740.0,3656
4149,Saving Silverman (Evil Woman) (2001),Comedy|Romance,10878.0,3657
4151,"Taste of Others, The (Le goût des autres) (2000)",Comedy|Drama|Romance,10697.0,3658
4152,Vatel (2000),Drama,7093.0,3659
4153,Down to Earth (2001),Comedy|Fantasy|Romance,16300.0,3660
4154,Recess: School's Out (2001),Animation|Children,19405.0,3661
4155,Sweet November (2001),Drama|Romance,1921.0,3662
4156,Company Man (2000),Comedy,44412.0,3663
4157,"Price of Milk, The (2000)",Comedy|Drama|Fantasy|Romance,21620.0,3664
4158,Monkeybone (2001),Animation|Comedy|Fantasy,23685.0,3665
4159,3000 Miles to Graceland (2001),Action|Thriller,12138.0,3666
4160,"Widow of St. Pierre, The (Veuve de Saint-Pierre, La) (2000)",Drama|Romance,48217.0,3667
4161,"Mexican, The (2001)",Action|Comedy,6073.0,3668
4162,See Spot Run (2001),Comedy,39180.0,3669
4164,"Caveman's Valentine, The (2001)",Drama,25208.0,3670
4165,"Me You Them (Eu, Tu, Eles) (2000)",Comedy|Drama|Romance,82103.0,3671
4166,Series 7: The Contenders (2001),Action|Drama,19513.0,3672
4167,15 Minutes (2001),Thriller,2749.0,3673
4168,Get Over It (2001),Comedy|Romance,10050.0,3674
4169,Blow Dry (a.k.a. Never Better) (2001),Comedy,17203.0,3675
4174,Avalon (1990),Drama,2302.0,3676
4175,Gray's Anatomy (1996),Comedy|Drama,32686.0,3677
4176,Madadayo (a.k.a. Not Yet) (1993),Drama,13889.0,3678
4177,"Mirror Crack'd, The (1980)",Crime|Mystery|Thriller,6028.0,3679
4178,Of Mice and Men (1939),Drama,51802.0,3680
4179,Pixote (1981),Drama,42148.0,3681
4180,Reform School Girls (1986),Action|Drama,29492.0,3682
4181,Tapeheads (1988),Comedy,25447.0,3683
4182,Tuff Turf (1985),Drama,28410.0,3684
4183,"Unbelievable Truth, The (1989)",Comedy|Drama,38545.0,3685
4184,"Bishop's Wife, The (1947)",Comedy|Drama|Romance,19490.0,3686
4185,Elvis: That's the Way It Is (1970),Documentary,31151.0,3687
4186,"Fortune Cookie, The (1966)",Comedy|Drama|Romance,1888.0,3688
4187,Lilies of the Field (1963),Drama,38805.0,3689
4188,Hans Christian Andersen (1952),Children|Musical,16618.0,3690
4189,"Greatest Story Ever Told, The (1965)",Drama,2428.0,3691
4190,Elmer Gantry (1960),Drama,22013.0,3692
4191,Alfie (1966),Comedy|Drama|Romance,15598.0,3693
4192,Demetrius and the Gladiators (1954),Drama,43332.0,3694
4193,"Fantasticks, The (1995)",Musical,62127.0,3695
4194,I Know Where I'm Going! (1945),Drama|Romance|War,56137.0,3696
4195,"Abominable Dr. Phibes, The (1971)",Horror|Mystery,17965.0,3697
4196,"Die, Monster, Die! (1965)",Horror|Mystery|Sci-Fi,29067.0,3698
4197,Real Life (1979),Comedy,33250.0,3699
4198,Battle Beyond the Stars (1980),Sci-Fi,14460.0,3700
4199,Death Warrant (1990),Action,17466.0,3701
4200,Double Impact (1991),Action,9594.0,3702
4201,"End, The (1978)",Comedy,35976.0,3703
4203,Harley Davidson and the Marlboro Man (1991),Action|Crime|Drama,2453.0,3704
4204,Losin' It (1983),Comedy,33676.0,3705
4205,Mermaids (1990),Comedy|Drama|Romance,4587.0,3706
4206,"Mighty Quinn, The (1989)",Crime|Mystery,31004.0,3707
4207,Navy Seals (1990),Action|Adventure|War,12773.0,3708
4208,Unmade Beds (1997),Documentary,125099.0,3709
4209,Rated X (2000),Drama,27859.0,3710
4210,Manhunter (1986),Action|Crime|Drama|Horror|Thriller,11454.0,3711
4211,Reversal of Fortune (1990),Drama,38718.0,3712
4212,Death on the Nile (1978),Crime|Mystery,4192.0,3713
4213,Deepstar Six (1989),Horror|Sci-Fi|Thriller,11607.0,3714
4214,Revenge of the Nerds (1984),Comedy,14052.0,3715
4215,Revenge of the Nerds II: Nerds in Paradise (1987),Comedy,16889.0,3716
4216,Longtime Companion (1990),Drama,39934.0,3717
4217,4 Little Girls (1997),Documentary,26580.0,3718
4218,River's Edge (1986),Crime|Drama,21309.0,3719
4219,Girls Just Want to Have Fun (1985),Comedy,16263.0,3720
4220,"Longest Yard, The (1974)",Comedy,4985.0,3721
4221,Necessary Roughness (1991),Comedy,20704.0,3722
4222,C.H.U.D. (1984),Horror,23730.0,3723
4223,Enemy at the Gates (2001),Drama|War,853.0,3724
4224,Exit Wounds (2001),Action|Thriller,10877.0,3725
4225,"Dish, The (2001)",Comedy,5257.0,3726
4226,Memento (2000),Mystery|Thriller,77.0,3727
4227,"Brothers, The (2001)",Comedy|Drama,20322.0,3728
4228,Heartbreakers (2001),Comedy|Crime|Romance,10833.0,3729
4229,Say It Isn't So (2001),Comedy|Romance,20309.0,3730
4231,Someone Like You (2001),Comedy|Romance,12658.0,3731
4232,Spy Kids (2001),Action|Adventure|Children|Comedy,10054.0,3732
4233,Tomcats (2001),Comedy,10646.0,3733
4234,"Tailor of Panama, The (2001)",Drama|Thriller,2575.0,3734
4235,Amores Perros (Love's a Bitch) (2000),Drama|Thriller,55.0,3735
4236,Keep the River on Your Right: A Modern Cannibal Tale (2000),Documentary,65075.0,3736
4237,"Gleaners & I, The (Les glaneurs et la glaneuse) (2000)",Documentary,44379.0,3737
4238,Along Came a Spider (2001),Action|Crime|Mystery|Thriller,2043.0,3738
4239,Blow (2001),Crime|Drama,4133.0,3739
4240,Just Visiting (2001),Comedy|Fantasy,56715.0,3740
4241,Pokémon 3: The Movie (2001),Animation|Children,10991.0,3741
4242,Beautiful Creatures (2000),Comedy|Crime|Drama|Thriller,15940.0,3742
4243,Brigham City (2001),Crime|Drama|Mystery,26791.0,3743
4244,"Day I Became a Woman, The (Roozi khe zan shodam) (2000)",Drama,44069.0,3744
4245,Shadow Magic (2000),Drama|Romance,68894.0,3745
4246,Bridget Jones's Diary (2001),Comedy|Drama|Romance,634.0,3746
4247,Joe Dirt (2001),Adventure|Comedy|Mystery|Romance,10956.0,3747
4248,Josie and the Pussycats (2001),Comedy,19366.0,3748
4249,Kingdom Come (2001),Comedy,136558.0,3749
4250,"Body, The (2001)",Drama|Sci-Fi,28308.0,3750
4251,Chopper (2000),Drama|Thriller,9519.0,3751
4252,"Circle, The (Dayereh) (2000)",Drama,13898.0,3752
4254,Crocodile Dundee in Los Angeles (2001),Comedy|Drama,9290.0,3753
4255,Freddy Got Fingered (2001),Comedy,13166.0,3754
4256,"Center of the World, The (2001)",Drama,32590.0,3755
4259,"Luzhin Defence, The (2000)",Drama|Romance,52654.0,3756
4261,Lilies (1996),Drama|Fantasy|Romance,47643.0,3757
4262,Scarface (1983),Action|Crime|Drama,111.0,3758
4263,Days of Wine and Roses (1962),Drama,32488.0,3759
4265,Driven (2001),Action|Thriller,10477.0,3760
4266,"Forsaken, The (2001)",Horror,12484.0,3761
4267,One Night at McCool's (2001),Comedy,2144.0,3762
4268,Town & Country (2001),Comedy,24113.0,3763
4270,"Mummy Returns, The (2001)",Action|Adventure|Comedy|Thriller,1734.0,3764
4271,Eureka (Yurîka) (2000),Drama,38047.0,3765
4272,Tuvalu (1999),Comedy,8076.0,3766
4273,Under the Sand (2000),Drama,4973.0,3767
4274,Cleopatra (1963),Drama|Romance,8095.0,3768
4275,Krull (1983),Action|Adventure|Fantasy|Sci-Fi,849.0,3769
4276,Lost in America (1985),Comedy,27223.0,3770
4277,"Lost World, The (1925)",Adventure|Sci-Fi,2981.0,3771
4278,Triumph of the Will (Triumph des Willens) (1934),Documentary,39266.0,3772
4279,True Believer (1989),Crime,31863.0,3773
4280,"World According to Garp, The (1982)",Comedy|Drama|Romance,11307.0,3774
4281,Candy (1968),Comedy,46498.0,3775
4282,Fellini Satyricon (1969),Drama|Fantasy,11163.0,3776
4283,Fellini's Roma (Roma) (1972),Drama,11035.0,3777
4284,Frankie and Johnny (1966),Comedy,18691.0,3778
4285,Frankie and Johnny (1991),Comedy|Romance,3784.0,3779
4286,"Home of Our Own, A (1993)",Drama,78133.0,3780
4287,Paris When It Sizzles (1964),Comedy|Romance,22829.0,3781
4288,Pola X (1999),Drama|Romance,35717.0,3782
4289,"City of Women, The (Città delle donne, La) (1980)",Comedy|Drama,11936.0,3783
4290,For the Boys (1991),Comedy|Drama|Musical,25221.0,3784
4291,Nine to Five (a.k.a. 9 to 5) (1980),Comedy|Crime,19494.0,3785
4292,Norma Rae (1979),Drama,40842.0,3786
4293,Summer Rental (1985),Comedy,19357.0,3787
4294,"5,000 Fingers of Dr. T, The (1953)",Children|Fantasy|Musical,33743.0,3788
4295,Backtrack (Catchfire) (1990),Action|Drama|Thriller,32924.0,3789
4296,Love Story (1970),Drama|Romance,9062.0,3790
4297,Pelle the Conqueror (Pelle erobreren) (1987),Drama,11174.0,3791
4298,Rififi (Du rififi chez les hommes) (1955),Crime|Film-Noir|Thriller,934.0,3792
4299,"Knight's Tale, A (2001)",Action|Comedy|Romance,9476.0,3793
4300,Bread and Roses (2000),Drama,37691.0,3794
4301,Calle 54 (2000),Documentary|Musical,115810.0,3795
4302,"King Is Alive, The (2000)",Drama,10613.0,3796
4303,Sordid Lives (2000),Comedy,19094.0,3797
4304,Startup.com (2001),Documentary,14268.0,3798
4305,Angel Eyes (2001),Romance|Thriller,5852.0,3799
4306,Shrek (2001),Adventure|Animation|Children|Comedy|Fantasy|Romance,808.0,3800
4308,Moulin Rouge (2001),Drama|Musical|Romance,824.0,3801
4310,Pearl Harbor (2001),Action|Drama|Romance|War,676.0,3802
4312,Himalaya (Himalaya - l'enfance d'un chef) (1999),Adventure|Drama,26813.0,3803
4313,"Man Who Cried, The (2000)",Drama,29572.0,3804
4314,Our Song (2000),Drama,48109.0,3805
4316,Ice Castles (1978),Drama,50541.0,3806
4317,Love Potion #9 (1992),Comedy|Romance,26255.0,3807
4318,Postcards From the Edge (1990),Comedy|Drama,22414.0,3808
4319,Apache (1954),Western,43329.0,3809
4320,"Buffalo Bill and the Indians, or Sitting Bull's History Lesson (a.k.a. Buffalo Bill and the Indians) (1976)",Comedy|Western,42233.0,3810
4321,City Slickers (1991),Comedy|Western,1406.0,3811
4322,Eight Men Out (1988),Drama,13554.0,3812
4323,"Horse Soldiers, The (1959)",Adventure|War|Western,17664.0,3813
4324,"Kentuckian, The (1955)",Drama|Western,66035.0,3814
4325,"Night, The (Notte, La) (1960)",Drama,41050.0,3815
4326,Mississippi Burning (1988),Crime|Drama|Thriller,1632.0,3816
4327,"Magnificent Seven, The (1960)",Adventure|Western,966.0,3817
4328,"Return of the Magnificent Seven, The (a.k.a. Return of the Seven) (1966)",Western,12639.0,3818
4329,Rio Bravo (1959),Western,301.0,3819
4330,"Scarlet Empress, The (1934)",Drama,31527.0,3820
4331,Semi-Tough (1978),Comedy,4988.0,3821
4332,Suspect (1987),Crime|Drama|Thriller,12623.0,3822
4333,Throw Momma from the Train (1987),Comedy|Crime,11896.0,3823
4334,Yi Yi (2000),Drama,25538.0,3824
4335,Midnight Madness (1980),Comedy,17971.0,3825
4336,Nightwatch (Nattevagten) (1994),Horror|Thriller,6498.0,3826
4337,"Sand Pebbles, The (1966)",Drama|Romance|War,5923.0,3827
4338,Twelve O'Clock High (1949),Drama|War,15497.0,3828
4339,Von Ryan's Express (1965),Action|Adventure|Drama|War,21876.0,3829
4340,"Animal, The (2001)",Comedy,11090.0,3830
4341,What's the Worst That Could Happen? (2001),Comedy,14034.0,3831
4342,Big Eden (2000),Drama|Romance,21056.0,3832
4343,Evolution (2001),Comedy|Sci-Fi,9397.0,3833
4344,Swordfish (2001),Action|Crime|Drama,9705.0,3834
4345,"Anniversary Party, The (2001)",Drama,26475.0,3835
4347,Divided We Fall (Musíme si pomáhat) (2000),Comedy|Drama,29937.0,3836
4349,Catch-22 (1970),Comedy|War,10364.0,3837
4350,Forgotten Silver (1996),Comedy|Documentary,32458.0,3838
4351,Point Break (1991),Action|Crime|Thriller,1089.0,3839
4352,Shag (1989),Comedy|Drama,38043.0,3840
4353,Uncommon Valor (1983),Action|War,9967.0,3841
4354,Unlawful Entry (1992),Crime|Thriller,17494.0,3842
4355,Youngblood (1986),Action|Drama,17465.0,3843
4356,Gentlemen Prefer Blondes (1953),Comedy|Musical|Romance,759.0,3844
4357,How to Marry a Millionaire (1953),Comedy|Drama|Romance,10297.0,3845
4359,"Seven Year Itch, The (1955)",Comedy,10653.0,3846
4360,There's No Business Like Show Business (1954),Musical,21468.0,3847
4361,Tootsie (1982),Comedy|Romance,9576.0,3848
4363,Too Late the Hero (1970),Action|War,31935.0,3849
4366,Atlantis: The Lost Empire (2001),Adventure|Animation|Children|Fantasy,10865.0,3850
4367,Lara Croft: Tomb Raider (2001),Action|Adventure,1995.0,3851
4368,Dr. Dolittle 2 (2001),Comedy,10808.0,3852
4369,"Fast and the Furious, The (2001)",Action|Crime|Thriller,9799.0,3853
4370,A.I. Artificial Intelligence (2001),Adventure|Drama|Sci-Fi,644.0,3854
4371,Baby Boy (2001),Crime|Drama,16161.0,3855
4372,Crazy/Beautiful (2001),Drama|Romance,10691.0,3856
4373,Pootie Tang (2001),Comedy,10615.0,3857
4375,"Adventures of Felix, The (a.k.a. Funny Felix) (Drôle de Félix) (2000)",Comedy|Drama,21488.0,3858
4376,Down From the Mountain (2000),Documentary,59733.0,3859
4378,Sexy Beast (2000),Crime|Drama,11826.0,3860
4380,"Princess and the Warrior, The (Krieger und die Kaiserin, Der) (2000)",Drama|Romance,9301.0,3861
4381,"Closet, The (Placard, Le) (2001)",Comedy,11444.0,3862
4383,"Crimson Rivers, The (Rivières pourpres, Les) (2000)",Crime|Drama|Mystery|Thriller,60670.0,3863
4384,Lumumba (2000),Drama,55551.0,3864
4386,Cats & Dogs (2001),Children|Comedy,10992.0,3865
4387,Kiss of the Dragon (2001),Action,2140.0,3866
4388,Scary Movie 2 (2001),Comedy,4248.0,3867
4389,Lost and Delirious (2001),Drama,17612.0,3868
4390,Rape Me (Baise-moi) (2000),Crime|Drama|Thriller,3134.0,3869
4391,"Vertical Ray of the Sun, The (Mua he chieu thang dung) (2000)",Drama,34899.0,3870
4392,Alice (1990),Comedy|Drama|Fantasy|Romance,8217.0,3871
4393,Another Woman (1988),Drama,22478.0,3872
4394,Beach Blanket Bingo (1965),Comedy|Musical,26483.0,3873
4395,Big Deal on Madonna Street (I Soliti Ignoti) (1958),Comedy|Crime,24382.0,3874
4396,"Cannonball Run, The (1981)",Action|Comedy,11286.0,3875
4397,Cannonball Run II (1984),Action|Comedy,11950.0,3876
4398,Speed Zone! (a.k.a. Cannonball Run III) (1989),Action|Comedy,12236.0,3877
4399,"Diary of a Chambermaid (Journal d'une femme de chambre, Le) (1964)",Comedy|Drama,36245.0,3878
4400,Donovan's Brain (1953),Sci-Fi,43342.0,3879
4401,Donovan's Reef (1963),Action|Comedy|Romance,15875.0,3880
4402,Dr. Goldfoot and the Bikini Machine (1965),Comedy,26573.0,3881
4403,"Fall of the House of Usher, The (House of Usher) (1960)",Horror,23439.0,3882
4404,Faust (1926),Drama|Fantasy|Horror,10728.0,3883
4405,"Last Laugh, The (Letzte Mann, Der) (1924)",Drama,5991.0,3884
4406,"Man Who Shot Liberty Valance, The (1962)",Crime|Drama|Western,11697.0,3885
4407,Salvador (1986),Drama|Thriller|War,6106.0,3886
4408,September (1987),Drama,22477.0,3887
4409,Shadows and Fog (1991),Comedy|Drama|Mystery|Thriller,19200.0,3888
4410,Something Wild (1986),Comedy|Crime|Drama,11300.0,3889
4411,Sons of Katie Elder (1965),Western,16211.0,3890
4412,"Thing with Two Heads, The (1972)",Comedy|Horror|Sci-Fi,28650.0,3891
4414,X: The Man with the X-Ray Eyes (1963),Sci-Fi|Thriller,32569.0,3892
4415,Cheech & Chong's Nice Dreams (1981),Comedy,20075.0,3893
4416,"Day the Earth Caught Fire, The (1961)",Sci-Fi,28430.0,3894
4417,"House by the Cemetery, The (Quella villa accanto al cimitero) (1981)",Horror,28794.0,3895
4418,Things Are Tough All Over (1982),Comedy,20197.0,3896
4419,All That Heaven Allows (1955),Drama|Romance,43316.0,3897
4420,"Barefoot Contessa, The (1954)",Drama,34689.0,3898
4422,Cries and Whispers (Viskningar och rop) (1972),Drama,10238.0,3899
4423,"Entertainer, The (1960)",Drama,18929.0,3900
4424,"Garden of the Finzi-Continis, The (Giardino dei Finzi-Contini, Il) (1970)",Drama,4789.0,3901
4425,Howling III: The Marsupials (1987),Comedy|Horror,32595.0,3902
4426,Kiss Me Deadly (1955),Film-Noir,18030.0,3903
4427,"Lion in Winter, The (1968)",Drama,18988.0,3904
4428,"Misfits, The (1961)",Comedy|Drama|Romance|Western,11536.0,3905
4429,Moby Dick (1956),Drama,10339.0,3906
4430,Popcorn (1991),Horror,39875.0,3907
4432,Sweet Smell of Success (1957),Drama|Film-Noir,976.0,3908
4433,Written on the Wind (1956),Drama,69605.0,3909
4434,"10th Victim, The (La decima vittima) (1965)",Action|Comedy|Sci-Fi|Thriller,65632.0,3910
4435,Colonel Redl (Oberst Redl) (1985),Drama,29471.0,3911
4436,Obsession (1976),Mystery|Thriller,4780.0,3912
4437,Suspiria (1977),Horror,11906.0,3913
4438,"Fist of Fury (Chinese Connection, The) (Jing wu men) (1972)",Action|Drama|Romance|Thriller,11713.0,3914
4439,Christiane F. (a.k.a. We Children from Bahnhof Zoo) (Christiane F. - Wir Kinder vom Bahnhof Zoo) (1981),Drama,9589.0,3915
4440,"Big Boss, The (Fists of Fury) (Tang shan da xiong) (1971)",Action|Thriller,12481.0,3916
4441,Game of Death (1978),Action,13333.0,3917
4442,"Last Dragon, The (1985)",Action|Comedy|Drama,13938.0,3918
4443,Outland (1981),Action|Sci-Fi|Thriller,10540.0,3919
4444,"Way of the Dragon, The (a.k.a. Return of the Dragon) (Meng long guo jiang) (1972)",Action|Crime,9462.0,3920
4445,T-Rex: Back to the Cretaceous (1998),Adventure|Documentary|IMAX,82623.0,3921
4446,Final Fantasy: The Spirits Within (2001),Adventure|Animation|Fantasy|Sci-Fi,2114.0,3922
4447,Legally Blonde (2001),Comedy|Romance,8835.0,3923
4448,"Score, The (2001)",Action|Drama,11371.0,3924
4450,Bully (2001),Crime|Drama|Thriller,9517.0,3925
4451,Jump Tomorrow (2001),Comedy|Drama|Romance,25985.0,3926
4452,Made (2001),Comedy,15745.0,3927
4453,Michael Jordan to the Max (2000),Documentary|IMAX,24977.0,3928
4454,More (1998),Animation|Drama|Sci-Fi|IMAX,36107.0,3929
4458,Africa: The Serengeti (1994),Documentary|IMAX,13794.0,3930
4459,Alaska: Spirit of the Wild (1997),Documentary|IMAX,13795.0,3931
4462,18 Again! (1988),Comedy|Fantasy,38965.0,3932
4463,1969 (1988),Drama|War,47817.0,3933
4464,"Accidental Tourist, The (1988)",Comedy|Drama|Romance,31052.0,3934
4465,"Accused, The (1988)",Drama,10868.0,3935
4466,Above the Law (1988),Action|Crime|Drama,9395.0,3936
4467,"Adventures of Baron Munchausen, The (1988)",Adventure|Comedy|Fantasy,14506.0,3937
4468,Apartment Zero (1988),Drama|Thriller,5333.0,3938
4469,Appointment with Death (1988),Crime|Mystery,4281.0,3939
4470,Ariel (1988),Drama,2.0,3940
4471,Arthur 2: On the Rocks (1988),Comedy|Romance,26044.0,3941
4472,Bad Dreams (1988),Horror|Thriller,59797.0,3942
4473,Bat*21 (1988),Drama|War,14911.0,3943
4474,Beaches (1988),Comedy|Drama|Musical,15592.0,3944
4475,"Beast of War, The (Beast, The) (1988)",Drama|War,15267.0,3945
4476,Big Business (1988),Comedy,12710.0,3946
4477,Big Top Pee-Wee (1988),Adventure|Children|Comedy,30502.0,3947
4478,Biloxi Blues (1988),Comedy|Drama,19382.0,3948
4479,Bird (1988),Drama|Musical,24679.0,3949
4480,"Blob, The (1988)",Horror|Sci-Fi,9599.0,3950
4481,"Boost, The (1988)",Drama,94440.0,3951
4482,"Bright Lights, Big City (1988)",Drama,17170.0,3952
4483,Caddyshack II (1988),Comedy,18509.0,3953
4484,Camille Claudel (1988),Drama,110428.0,3954
4485,Casual Sex? (1988),Comedy,34604.0,3955
4486,Clean and Sober (1988),Drama,14441.0,3956
4487,Cocktail (1988),Drama|Romance,7520.0,3957
4488,Colors (1988),Action|Crime|Drama,10126.0,3958
4489,Coming to America (1988),Comedy|Romance,9602.0,3959
4490,"Couch Trip, The (1988)",Comedy,23752.0,3960
4491,Criminal Law (1988),Thriller,41952.0,3961
4492,Critters (1986),Comedy|Sci-Fi,3980.0,3962
4493,Critters 2: The Main Course (1988),Comedy|Horror|Sci-Fi,10127.0,3963
4494,Critters 3 (1991),Comedy|Sci-Fi,12702.0,3964
4495,Crossing Delancey (1988),Comedy|Romance,27397.0,3965
4496,D.O.A. (1988),Film-Noir|Mystery|Thriller,9748.0,3966
4497,Dead Heat (1988),Action|Comedy|Horror|Sci-Fi,40095.0,3967
4498,"Dead Pool, The (1988)",Action|Crime|Thriller,10651.0,3968
4499,Dirty Rotten Scoundrels (1988),Comedy,10141.0,3969
4500,Drowning by Numbers (1988),Comedy|Drama,27362.0,3970
4501,"Elvira, Mistress of the Dark (1988)",Comedy|Horror,5680.0,3971
4502,Ernest Saves Christmas (1988),Children|Comedy,26386.0,3972
4503,Everybody's All-American (1988),Romance,34053.0,3973
4504,Feds (1988),Comedy,25884.0,3974
4505,For Keeps (1988),Drama|Romance,26355.0,3975
4506,Frantic (1988),Crime|Mystery|Thriller,10675.0,3976
4507,Fresh Horses (1988),Drama,38982.0,3977
4508,Gorillas in the Mist (1988),Drama,10130.0,3978
4509,"Great Outdoors, The (1988)",Comedy,2617.0,3979
4510,Heartbreak Hotel (1988),Comedy,38615.0,3980
4511,High Spirits (1988),Comedy,21362.0,3981
4512,Hot to Trot (1988),Comedy,30690.0,3982
4513,"House on Carroll Street, The (1988)",Thriller,75889.0,3983
4514,Howling IV: The Original Nightmare (1988),Horror,38500.0,3984
4515,Imagine: John Lennon (1988),Documentary,26723.0,3985
4516,Johnny Be Good (1988),Comedy,20443.0,3986
4517,Lady in White (a.k.a. The Mystery of the Lady in White) (1988),Horror|Mystery|Thriller,49365.0,3987
4518,The Lair of the White Worm (1988),Comedy|Horror,11347.0,3988
4519,"Land Before Time, The (1988)",Adventure|Animation|Children|Fantasy,12144.0,3989
4520,License to Drive (1988),Comedy,13704.0,3990
4521,Little Nikita (1988),Drama,12505.0,3991
4522,Masquerade (1988),Mystery|Romance|Thriller,41963.0,3992
4523,Milagro Beanfield War (1988),Comedy|Drama|Fantasy,13482.0,3993
4524,Moon Over Parador (1988),Comedy,34014.0,3994
4525,Moving (1988),Comedy,29739.0,3995
4526,My Stepmother Is an Alien (1988),Comedy|Romance|Sci-Fi,12120.0,3996
4527,"Night in the Life of Jimmy Reardon, A (1988)",Comedy|Romance,47818.0,3997
4528,Off Limits (1988),Action|Thriller|War,38617.0,3998
4529,Bagdad Cafe (Out of Rosenheim) (1987),Comedy|Drama,3543.0,3999
4530,Permanent Record (1988),Drama,51321.0,4000
4531,Red Heat (1988),Action,9604.0,4001
4532,Return of the Living Dead Part II (1988),Comedy|Horror,24929.0,4002
4533,"Return of the Living Dead, The (1985)",Comedy|Horror|Sci-Fi,10925.0,4003
4534,Return to Snowy River (a.k.a. The Man From Snowy River II) (1988),Adventure|Drama|Western,13965.0,4004
4535,"Man from Snowy River, The (1982)",Drama|Romance|Western,24266.0,4005
4536,Rocket Gibraltar (1988),Drama,58434.0,4006
4537,Running on Empty (1988),Drama,18197.0,4007
4540,Satisfaction (a.k.a. Girls of Summer) (1988),Comedy|Drama|Romance,17126.0,4008
4541,"Serpent and the Rainbow, The (1988)",Horror,11503.0,4009
4543,Shoot to Kill (1988),Action|Adventure,9717.0,4010
4544,Short Circuit 2 (1988),Comedy|Sci-Fi,11966.0,4011
4545,Short Circuit (1986),Comedy|Sci-Fi,2605.0,4012
4546,"Vanishing, The (Spoorloos) (1988)",Drama|Thriller,8740.0,4013
4547,Stormy Monday (1988),Crime|Drama,25497.0,4014
4548,Sunset (1988),Action|Comedy|Thriller|Western,38560.0,4015
4550,Switching Channels (1988),Comedy,26798.0,4016
4552,"Tetsuo, the Ironman (Tetsuo) (1988)",Action|Horror|Sci-Fi|Thriller,41428.0,4017
4553,They Live (1988),Action|Sci-Fi|Thriller,8337.0,4018
4555,Torch Song Trilogy (1988),Comedy|Drama|Romance,8463.0,4019
4556,Track 29 (1988),Drama|Mystery,41974.0,4020
4557,Tucker: The Man and His Dream (1988),Drama,28176.0,4021
4558,Twins (1988),Comedy,9493.0,4022
4559,Vice Versa (1988),Comedy,26603.0,4023
4560,Watchers (1988),Horror|Sci-Fi,33172.0,4024
4561,Waxwork (1988),Comedy|Horror,29095.0,4025
4562,Without a Clue (1988),Comedy|Mystery,12582.0,4026
4563,Young Einstein (1988),Comedy,10001.0,4027
4564,Always (1989),Drama|Fantasy|Romance,11352.0,4028
4565,American Ninja (1985),Action|Adventure,12500.0,4029
4566,American Ninja 2: The Confrontation (1987),Action|Adventure,25678.0,4030
4567,American Ninja 3: Blood Hunt (1989),Action|Adventure,25682.0,4031
4568,Best of the Best (1989),Action,17882.0,4032
4569,Best of the Best 2 (1993),Action,32049.0,4033
4570,"Big Picture, The (1989)",Comedy|Drama,45225.0,4034
4571,Bill & Ted's Excellent Adventure (1989),Adventure|Comedy|Sci-Fi,1648.0,4035
4572,Black Rain (1989),Action|Crime|Drama,4105.0,4036
4573,Blaze (1989),Comedy|Drama,22711.0,4037
4574,Blind Fury (1989),Action|Thriller,19124.0,4038
4575,Breaking In (1989),Adventure|Comedy,69828.0,4039
4576,C.H.U.D. II - Bud the Chud (1989),Comedy|Horror,53150.0,4040
4577,Casualties of War (1989),Drama|War,10142.0,4041
4578,Chances Are (1989),Comedy|Romance,3064.0,4042
4579,Cookie (1989),Comedy|Crime,86093.0,4043
4580,Cyborg (1989),Action|Sci-Fi,10134.0,4044
4581,Dad (1989),Drama,21291.0,4045
4582,Dead Bang (1989),Thriller,4925.0,4046
4583,Disorganized Crime (1989),Action|Comedy,30352.0,4047
4584,Dream a Little Dream (1989),Comedy|Drama|Romance,15142.0,4048
4585,"Dream Team, The (1989)",Comedy,14550.0,4049
4586,"Dry White Season, A (1989)",Drama|Thriller,32075.0,4050
4587,Earth Girls Are Easy (1988),Comedy|Musical|Sci-Fi,2210.0,4051
4588,Eddie and the Cruisers II: Eddie Lives! (1989),Drama|Musical,25005.0,4052
4589,Eddie and the Cruisers (1983),Drama|Musical|Mystery,21721.0,4053
4590,Enemies: A Love Story (1989),Drama,116014.0,4054
4591,Erik the Viking (1989),Adventure|Comedy|Fantasy,11828.0,4055
4592,"Experts, The (1989)",Comedy,55699.0,4056
4593,Family Business (1989),Comedy,10551.0,4057
4594,Farewell to the King (1989),Action|War,20713.0,4058
4595,Fat Man and Little Boy (1989),Drama,27461.0,4059
4597,Gleaming the Cube (1989),Action|Drama|Mystery,1380.0,4060
4598,Going Overboard (1989),Comedy,19157.0,4061
4599,Great Balls of Fire! (1989),Drama,11465.0,4062
4600,Gross Anatomy (a.k.a. A Cut Above) (1989),Comedy|Drama,17190.0,4063
4601,Happy Together (1989),Drama|Romance,55059.0,4064
4602,Harlem Nights (1989),Comedy|Crime|Romance,9085.0,4065
4603,Her Alibi (1989),Comedy|Romance,17819.0,4066
4605,How to Get Ahead in Advertising (1989),Comedy|Fantasy,14776.0,4067
4606,Immediate Family (1989),Drama,59585.0,4068
4607,In Country (1989),Drama,32855.0,4069
4608,"Innocent Man, An (1989)",Crime|Drama,29185.0,4070
4609,Jacknife (1989),Drama,39787.0,4071
4610,"January Man, The (1989)",Comedy|Crime|Mystery|Thriller,32059.0,4072
4611,Johnny Handsome (1989),Crime|Drama,505.0,4073
4612,Jesus of Montreal (Jésus de Montréal) (1989),Drama,4486.0,4074
4613,K-9 (1989),Action|Comedy|Crime,10345.0,4075
4614,Kickboxer (1989),Action,10222.0,4076
4615,Last Exit to Brooklyn (1989),Drama,12774.0,4077
4616,Lean on Me (1989),Drama,14621.0,4078
4617,Let It Ride (1989),Comedy,19118.0,4079
4618,Leviathan (1989),Horror|Sci-Fi|Thriller,14372.0,4080
4619,Little Monsters (1989),Comedy,15138.0,4081
4620,Lock Up (1989),Action|Adventure|Crime|Drama|Thriller,9972.0,4082
4621,Look Who's Talking (1989),Comedy|Romance,9494.0,4083
4622,Loverboy (1989),Comedy,17362.0,4084
4623,Major League (1989),Comedy,9942.0,4085
4624,Meet the Feebles (1989),Animation|Comedy|Musical,8216.0,4086
4625,Millennium (1989),Drama|Sci-Fi|Thriller,4296.0,4087
4626,Miracle Mile (1989),Drama|Romance|Sci-Fi,24739.0,4088
4627,Miss Firecracker (1989),Comedy,39197.0,4089
4628,New York Stories (1989),Comedy|Drama,9686.0,4090
4629,Next of Kin (1989),Action|Crime|Thriller,27418.0,4091
4630,No Holds Barred (1989),Action,39002.0,4092
4631,Old Gringo (1989),Drama,43345.0,4093
4632,"Package, The (1989)",Action|Thriller,31606.0,4094
4633,Parents (1989),Comedy|Drama|Horror,27607.0,4095
4634,Penn & Teller Get Killed (1989),Adventure|Comedy,37146.0,4096
4635,Pink Cadillac (1989),Action|Comedy|Drama,20006.0,4097
4636,"Punisher, The (1989)",Action,8867.0,4098
4637,Red Scorpion (1989),Action,12663.0,4099
4638,Jurassic Park III (2001),Action|Adventure|Sci-Fi|Thriller,331.0,4100
4639,America's Sweethearts (2001),Comedy|Romance,11467.0,4101
4640,Brother (2000),Action|Crime|Thriller,327.0,4102
4641,Ghost World (2001),Comedy|Drama,1548.0,4103
4642,Hedwig and the Angry Inch (2000),Comedy|Drama|Musical,13403.0,4104
4643,Planet of the Apes (2001),Action|Adventure|Drama|Sci-Fi,869.0,4105
4644,Bread and Tulips (Pane e tulipani) (2000),Comedy|Drama|Romance,552.0,4106
4645,Cure (1997),Crime|Horror|Thriller,36095.0,4107
4646,Greenfingers (2000),Comedy|Drama,33379.0,4108
4649,Wet Hot American Summer (2001),Comedy,2171.0,4109
4650,Relentless (1989),Thriller,87462.0,4110
4651,Renegades (1989),Action,20307.0,4111
4652,"Return of Swamp Thing, The (1989)",Comedy|Horror|Sci-Fi,19142.0,4112
4653,"Return of the Musketeers, The (1989)",Adventure|Comedy,41946.0,4113
4654,Road House (1989),Action|Drama,10135.0,4114
4655,Romero (1989),Drama,32767.0,4115
4657,Rude Awakening (1989),Comedy,24254.0,4116
4658,Santa Sangre (1989),Drama|Horror|Mystery|Thriller,19236.0,4117
4659,Scandal (1989),Drama,32261.0,4118
4660,Scenes from the Class Struggle in Beverly Hills (1989),Comedy,60276.0,4119
4661,Sea of Love (1989),Crime|Drama|Thriller,12150.0,4120
4662,"See No Evil, Hear No Evil (1989)",Comedy|Crime,11185.0,4121
4663,She's Out of Control (1989),Comedy,47045.0,4122
4664,Shirley Valentine (1989),Comedy|Romance,18683.0,4123
4665,Shocker (1989),Horror,12521.0,4124
4666,Skin Deep (1989),Comedy,12478.0,4125
4669,Stepfather II (1989),Horror|Thriller,30666.0,4126
4670,"Stepfather, The (1987)",Horror|Thriller,25155.0,4127
4671,Sweetie (1989),Drama,65015.0,4128
4672,"Tall Guy, The (1989)",Comedy|Romance,24077.0,4129
4673,Tango & Cash (1989),Action|Comedy|Crime|Thriller,9618.0,4130
4674,Tap (1989),Drama,16560.0,4131
4675,Three Fugitives (1989),Action|Comedy,31608.0,4132
4676,Troop Beverly Hills (1989),Comedy,22102.0,4133
4677,Turner & Hooch (1989),Comedy|Crime,6951.0,4134
4678,UHF (1989),Comedy,11959.0,4135
4679,Uncle Buck (1989),Comedy,2616.0,4136
4680,Vampire's Kiss (1989),Comedy|Fantasy|Horror,7091.0,4137
4681,"War of the Roses, The (1989)",Comedy|Drama,249.0,4138
4682,Warlock (1989),Action|Horror,11342.0,4139
4683,"Wizard, The (1989)",Adventure|Children|Comedy|Drama,183.0,4140
4684,Worth Winning (1989),Comedy,32330.0,4141
4685,Warlock: The Armageddon (1993),Horror,24126.0,4142
4686,Weekend at Bernie's II (1993),Adventure|Comedy,8494.0,4143
4687,Billy Liar (1963),Comedy,26535.0,4144
4688,Black Robe (1991),Adventure|Drama,41784.0,4145
4689,"Cat o' Nine Tails, The (Gatto a nove code, Il) (1971)",Mystery|Thriller,27431.0,4146
4690,"Cotton Club, The (1984)",Crime|Musical,2148.0,4147
4691,Def-Con 4 (1985),Action|Sci-Fi,42033.0,4148
4692,"Hotel New Hampshire, The (1984)",Drama,11308.0,4149
4694,Left Luggage (1998),Drama,53119.0,4150
4695,Who'll Stop the Rain (1978),Crime|Drama,31941.0,4151
4696,"Zorro, the Gay Blade (1981)",Comedy,19317.0,4152
4697,Basket Case (1982),Comedy|Horror,27813.0,4153
4698,Orphans (1997),Comedy|Drama,57745.0,4154
4699,Original Sin (2001),Drama|Romance|Thriller,2057.0,4155
4700,"Princess Diaries, The (2001)",Children|Comedy|Romance,9880.0,4156
4701,Rush Hour 2 (2001),Action|Comedy,5175.0,4157
4702,Thomas in Love (Thomas est Amoureux) (2000),Comedy|Drama,21596.0,4158
4703,Chocolat (1988),Drama,41951.0,4159
4704,Hatari! (1962),Adventure|Comedy,11385.0,4160
4705,"Cage aux Folles, La (1978)",Comedy,4484.0,4161
4706,"Cage aux Folles II, La (1980)",Comedy,11684.0,4162
4707,Liebestraum (1991),Mystery|Thriller,44414.0,4163
4708,Marat/Sade (1966),Drama|Musical,44258.0,4164
4709,Paint Your Wagon (1969),Comedy|Musical|Western,20391.0,4165
4710,"Shootist, The (1976)",Drama|Western,12584.0,4166
4711,Theremin: An Electronic Odyssey (1993),Documentary,70042.0,4167
4712,"Wild Child, The (Enfant sauvage, L') (1970)",Drama,1627.0,4168
4713,Altered States (1980),Drama|Sci-Fi,11542.0,4169
4714,Any Which Way You Can (1980),Comedy,17169.0,4170
4715,"Awakening, The (1980)",Horror,39176.0,4171
4716,Bad Timing: A Sensual Obsession (1980),Drama,33214.0,4172
4717,"Battle Creek Brawl (Big Brawl, The) (1980)",Action|Comedy,19267.0,4173
4718,American Pie 2 (2001),Comedy,2770.0,4174
4719,Osmosis Jones (2001),Action|Animation|Comedy|Crime|Drama|Romance|Thriller,12610.0,4175
4720,"Others, The (2001)",Drama|Horror|Mystery|Thriller,1933.0,4176
4721,American Outlaws (2001),Action|Comedy|Western,13496.0,4177
4722,All Over the Guy (2001),Comedy,21055.0,4178
4723,"Deep End, The (2001)",Drama,24936.0,4179
4724,On the Edge (2001),Drama,80070.0,4180
4725,Session 9 (2001),Horror|Thriller,10972.0,4181
4727,Captain Corelli's Mandolin (2001),Drama|Romance|War,1722.0,4182
4728,Rat Race (2001),Comedy,9896.0,4183
4729,Aberdeen (2000),Drama,26665.0,4184
4731,Innocence (2000),Drama,125707.0,4185
4732,Bubble Boy (2001),Comedy,9683.0,4186
4733,"Curse of the Jade Scorpion, The (2001)",Comedy,2779.0,4187
4734,Jay and Silent Bob Strike Back (2001),Adventure|Comedy,2294.0,4188
4735,Ghosts of Mars (2001),Horror|Sci-Fi|Thriller,10016.0,4189
4736,Summer Catch (2001),Comedy|Drama|Romance,26602.0,4190
4737,"American Rhapsody, An (2001)",Drama,37920.0,4191
4738,Happy Accidents (2000),Romance|Sci-Fi,22230.0,4192
4740,Maybe Baby (2000),Comedy|Romance,13966.0,4193
4741,Together (Tillsammans) (2000),Comedy|Drama|Romance,742.0,4194
4743,Tortilla Soup (2001),Comedy|Romance,15104.0,4195
4744,Jeepers Creepers (2001),Horror,8922.0,4196
4745,O (2001),Drama,11065.0,4197
4746,Waking Up in Reno (2002),Comedy|Romance,21118.0,4198
4748,3 Ninjas (1992),Action|Children|Comedy,16314.0,4199
4749,3 Ninjas Kick Back (1994),Action|Children|Comedy,18885.0,4200
4750,3 Ninjas Knuckle Up (1995),Action|Children,40508.0,4201
4751,"Hunter, The (1980)",Action|Thriller,5922.0,4202
4752,Maniac (1980),Horror,27346.0,4203
4753,Vamp (1986),Comedy|Horror,34223.0,4204
4754,"Wicker Man, The (1973)",Drama|Horror|Mystery|Thriller,16307.0,4205
4755,Wish Upon a Star (1996),Comedy,27681.0,4206
4756,"Musketeer, The (2001)",Action|Adventure|Drama|Romance,11370.0,4207
4757,Rock Star (2001),Comedy|Drama|Musical,12508.0,4208
4758,Soul Survivors (a.k.a. The Killer Cut) (2001),Horror|Thriller,14033.0,4209
4759,Two Can Play That Game (2001),Comedy|Drama,25462.0,4210
4761,Diamond Men (2001),Drama,34714.0,4211
4763,"Iron Ladies, The (Satree lek) (2000)",Comedy,106230.0,4212
4764,Kill Me Later (2001),Romance|Thriller,35176.0,4213
4765,L.I.E. (2001),Drama,18734.0,4214
4766,"Our Lady of the Assassins (Virgen de los sicarios, La) (2000)",Crime|Drama|Romance,44321.0,4215
4767,Abbott and Costello Meet the Mummy (1955),Comedy|Horror,26661.0,4216
4768,"Dr. Mabuse: The Gambler (Dr. Mabuse, der Spieler) (1922)",Crime|Mystery|Thriller,5998.0,4217
4769,Into the Arms of Strangers: Stories of the Kindertransport (2000),Documentary,58062.0,4218
4770,"Glass House, The (2001)",Thriller,2176.0,4219
4771,Hardball (2001),Drama,20857.0,4220
4772,Dinner Rush (2000),Drama,22617.0,4221
4773,Haiku Tunnel (2001),Comedy,75386.0,4222
4774,Big Trouble (2002),Comedy|Crime,2185.0,4223
4775,Glitter (2001),Drama|Musical|Romance,10696.0,4224
4776,Training Day (2001),Crime|Drama|Thriller,2034.0,4225
4777,"American Astronaut, The (2001)",Comedy|Musical|Sci-Fi,21538.0,4226
4778,Children Underground (2001),Documentary,51722.0,4227
4779,Go Tigers! (2001),Documentary,101860.0,4228
4780,Liam (2000),Drama,48834.0,4229
4781,Megiddo: The Omega Code 2 (2001),Action|Adventure|Fantasy|Sci-Fi|Thriller,30379.0,4230
4782,Sidewalks of New York (2001),Comedy|Romance,31016.0,4231
4783,"Endurance: Shackleton's Legendary Antarctic Expedition, The (2000)",Documentary,32567.0,4232
4784,"French Lieutenant's Woman, The (1981)",Drama,12537.0,4233
4785,"Great Silence, The (Grande silenzio, Il) (1969)",Drama|Western,9028.0,4234
4786,"Legend of Hell House, The (1973)",Horror|Thriller,16180.0,4235
4787,Little Man Tate (1991),Drama,11521.0,4236
4788,Moscow Does Not Believe in Tears (Moskva slezam ne verit) (1979),Drama|Romance,21028.0,4237
4789,Phantom of the Paradise (1974),Comedy|Fantasy|Horror|Musical|Thriller,27327.0,4238
4790,"Return of a Man Called Horse, The (1976)",Western,35200.0,4239
4791,Valdez Is Coming (1971),Western,21242.0,4240
4792,13 Ghosts (1960),Horror,29756.0,4241
4793,Montenegro (1981),Comedy|Drama,82523.0,4242
4794,Opera (1987),Crime|Horror|Mystery,20115.0,4243
4795,Father Goose (1964),Adventure|Comedy|Romance|War,30295.0,4244
4796,"Grass Is Greener, The (1960)",Comedy|Romance,25767.0,4245
4797,"Hole in the Head, A (1959)",Comedy|Musical,33725.0,4246
4798,Indiscreet (1958),Comedy|Romance,22874.0,4247
4799,"It's a Mad, Mad, Mad, Mad World (1963)",Action|Adventure|Comedy|Crime,11576.0,4248
4800,King Solomon's Mines (1937),Action|Adventure|Drama|Romance|Thriller,43860.0,4249
4801,"Little Foxes, The (1941)",Drama,43802.0,4250
4802,Operation Petticoat (1959),Action|Comedy|Romance|War,9660.0,4251
4803,Play Misty for Me (1971),Drama|Thriller,15393.0,4252
4804,Pocketful of Miracles (1961),Comedy|Drama,248.0,4253
4805,Sayonara (1957),Drama,40885.0,4254
4806,"Shop on Main Street, The (Obchod na korze) (1965)",Drama,25905.0,4255
4807,Spring Break (1983),Comedy,21148.0,4256
4808,"Vanishing, The (1993)",Mystery|Thriller,1644.0,4257
4809,Silkwood (1983),Drama,12502.0,4258
4810,I Never Promised You a Rose Garden (1977),Drama,66092.0,4259
4811,Quadrophenia (1979),Drama|Musical,10373.0,4260
4812,SpaceCamp (1986),Adventure|Sci-Fi,13766.0,4261
4813,When Worlds Collide (1951),Sci-Fi,16380.0,4262
4814,Don't Say a Word (2001),Thriller,12103.0,4263
4815,Hearts in Atlantis (2001),Drama,11313.0,4264
4816,Zoolander (2001),Comedy,9398.0,4265
4817,Born Romantic (2000),Comedy|Drama|Romance,35066.0,4266
4819,Go Figure (Va savoir) (2001),Comedy|Drama|Romance,55372.0,4267
4821,Joy Ride (2001),Adventure|Thriller,10866.0,4268
4822,Max Keeble's Big Move (2001),Children|Comedy,34549.0,4269
4823,Serendipity (2001),Comedy|Romance,9778.0,4270
4824,Grateful Dawg (2000),Documentary,34453.0,4271
4825,"Swamp, The (Ciénaga, La) (2001)",Comedy|Drama,58429.0,4272
4826,"Big Red One, The (1980)",Action|Adventure|Drama|War,16121.0,4273
4827,"Boogeyman, The (1980)",Horror,40220.0,4274
4828,"Party, The (Boum, La) (1980)",Comedy|Romance,166.0,4275
4829,Lady in a Cage (1964),Drama|Thriller,42787.0,4276
4830,Brubaker (1980),Crime|Drama,1623.0,4277
4831,Can't Stop the Music (1980),Comedy|Musical,40932.0,4278
4832,Carny (1980),Drama,32027.0,4279
4833,"Changeling, The (1980)",Horror|Mystery|Thriller,13550.0,4280
4834,Cheech & Chong's Next Movie (1980),Comedy,13612.0,4281
4835,Coal Miner's Daughter (1980),Drama,16769.0,4282
4836,"Competition, The (1980)",Drama|Romance,42158.0,4283
4837,Cruising (1980),Crime|Drama|Thriller,27958.0,4284
4838,D.O.A. (1980),Documentary,86463.0,4285
4839,Death Ship (1980),Horror,31703.0,4286
4840,"Last Metro, The (Dernier métro, Le) (1980)",Drama|Romance,1716.0,4287
4841,Divine Madness! (1980),Comedy,27059.0,4288
4842,"Dogs of War, The (1980)",Drama|War,20681.0,4289
4844,Bandits (2001),Comedy|Crime|Romance,3172.0,4290
4845,Corky Romano (2001),Comedy|Crime,17708.0,4291
4846,Iron Monkey (Siu nin Wong Fei-hung ji: Tit Ma Lau) (1993),Action|Comedy,12780.0,4292
4847,Fat Girl (À ma soeur!) (2001),Drama,570.0,4293
4848,Mulholland Drive (2001),Crime|Drama|Film-Noir|Mystery|Thriller,1018.0,4294
4849,My First Mister (2001),Comedy|Drama,25641.0,4295
4850,Spriggan (Supurigan) (1998),Action|Animation|Sci-Fi,16767.0,4296
4852,Bones (2001),Horror,11380.0,4297
4853,Brannigan (1975),Action,27396.0,4298
4854,Clambake (1967),Musical,26299.0,4299
4855,Dirty Harry (1971),Action|Crime|Thriller,984.0,4300
4856,Destiny in Space (1994),Documentary|IMAX,15559.0,4301
4857,Fiddler on the Roof (1971),Drama|Musical,14811.0,4302
4860,Making the Grade (1984),Comedy,55727.0,4303
4862,Not Without My Daughter (1991),Drama,9585.0,4304
4863,Female Trouble (1975),Comedy|Crime,14267.0,4305
4864,Titanica (1992),Documentary|IMAX,45929.0,4306
4865,From Hell (2001),Crime|Horror|Mystery|Thriller,768.0,4307
4866,"Last Castle, The (2001)",Action,2100.0,4308
4867,Riding in Cars with Boys (2001),Comedy|Drama,11091.0,4309
4868,Bangkok Dangerous (2000),Action|Crime|Romance,3173.0,4310
4869,Burnt Money (Plata Quemada) (2000),Action|Crime|Drama|Romance|Thriller,27092.0,4311
4870,Dancing at the Blue Iguana (2000),Drama,23941.0,4312
4871,Focus (2001),Drama,18192.0,4313
4872,Intimacy (2000),Drama,11845.0,4314
4873,Waking Life (2001),Animation|Drama|Fantasy,9081.0,4315
4874,K-PAX (2001),Drama|Fantasy|Mystery|Sci-Fi,167.0,4316
4875,On the Line (2001),Comedy|Romance,34043.0,4317
4876,Thirteen Ghosts (a.k.a. Thir13en Ghosts) (2001),Horror|Thriller,9378.0,4318
4877,Better Than Sex (2000),Comedy|Romance,27444.0,4319
4878,Donnie Darko (2001),Drama|Mystery|Sci-Fi|Thriller,141.0,4320
4879,High Heels and Low Lifes (2001),Action|Comedy|Crime|Drama,10034.0,4321
4880,Life as a House (2001),Drama,11457.0,4322
4881,"Man Who Wasn't There, The (2001)",Crime|Drama,10778.0,4323
4884,Trembling Before G-d (2001),Documentary,151727.0,4324
4885,Domestic Disturbance (2001),Thriller,11456.0,4325
4886,"Monsters, Inc. (2001)",Adventure|Animation|Children|Comedy|Fantasy,585.0,4326
4887,"One, The (2001)",Action|Sci-Fi|Thriller,10796.0,4327
4888,Tape (2001),Drama,23949.0,4328
4889,Heist (2001),Crime|Drama,11088.0,4329
4890,Shallow Hal (2001),Comedy|Fantasy|Romance,9889.0,4330
4892,Maze (2000),Romance,133115.0,4331
4893,When a Stranger Calls (1979),Horror|Thriller,45964.0,4332
4894,Timerider: The Adventure of Lyle Swann (1982),Action|Adventure|Sci-Fi|Western,32014.0,4333
4895,"Wash, The (2001)",Comedy,13408.0,4334
4896,Harry Potter and the Sorcerer's Stone (a.k.a. Harry Potter and the Philosopher's Stone) (2001),Adventure|Children|Fantasy,671.0,4335
4897,"Fluffer, The (2001)",Drama|Romance,17731.0,4336
4898,Novocaine (2001),Comedy|Crime|Mystery|Thriller,20794.0,4337
4899,Black Knight (2001),Adventure|Comedy|Fantasy,11469.0,4338
4900,Out Cold (2001),Comedy,14369.0,4339
4901,Spy Game (2001),Action|Crime|Drama|Thriller,1535.0,4340
4902,"Devil's Backbone, The (Espinazo del diablo, El) (2001)",Drama|Fantasy|Horror|Thriller|War,1433.0,4341
4903,In the Bedroom (2001),Drama,1999.0,4342
4907,Across 110th Street (1972),Action|Crime|Drama,23847.0,4343
4908,"Little Soldier, The (Petit soldat, Le) (1963)",Drama|War,50785.0,4344
4909,"Incredible Shrinking Woman, The (1981)",Comedy|Sci-Fi,12472.0,4345
4911,Jabberwocky (1977),Adventure|Comedy|Fantasy,11834.0,4346
4912,Funny Girl (1968),Drama|Musical|Romance,16085.0,4347
4914,Breathless (À bout de souffle) (1960),Crime|Drama|Romance,269.0,4348
4915,"Beastmaster, The (1982)",Action|Adventure|Fantasy,16441.0,4349
4916,Midway (1976),Drama|War,11422.0,4350
4917,MacArthur (1977),Drama,31037.0,4351
4918,"Young Lions, The (1958)",Drama|War,40739.0,4352
4919,Subway (1985),Crime|Drama|Romance|Thriller,10656.0,4353
4920,"Now, Voyager (1942)",Drama|Romance,32847.0,4354
4921,Little Women (1933),Drama|Romance,39938.0,4355
4922,Halls of Montezuma (1950),Adventure|War,38766.0,4356
4923,Guadalcanal Diary (1943),Action|War,43510.0,4357
4925,"Cheap Detective, The (1978)",Comedy,14584.0,4358
4926,Everybody's Famous! (Iedereen beroemd!) (2000),Comedy|Drama|Musical,58886.0,4359
4927,"Last Wave, The (1977)",Fantasy|Mystery|Thriller,72277.0,4360
4928,That Obscure Object of Desire (Cet obscur objet du désir) (1977),Drama,5781.0,4361
4929,"Toy, The (1982)",Comedy,23805.0,4362
4930,Funeral in Berlin (1966),Action|Drama|Thriller,34388.0,4363
4932,Dressed to Kill (1980),Mystery|Thriller,11033.0,4364
4934,"Exterminator, The (1980)",Action|Crime|Thriller|War,37835.0,4365
4936,Fame (1980),Drama|Musical,3537.0,4366
4937,Fatso (1980),Comedy,38922.0,4367
4939,"Final Countdown, The (1980)",Action|Sci-Fi,8738.0,4368
4941,Flash Gordon (1980),Action|Adventure|Sci-Fi,3604.0,4369
4942,"Angry Red Planet, The (1959)",Sci-Fi,6974.0,4370
4943,At the Earth's Core (1976),Adventure|Sci-Fi,26398.0,4371
4944,Empire of the Ants (1977),Horror|Sci-Fi,42218.0,4372
4945,"Enforcer, The (1976)",Crime,10649.0,4373
4946,"Eye for an Eye, An (1981)",Action|Crime|Thriller,42566.0,4374
4947,"Gauntlet, The (1977)",Action,17689.0,4375
4949,Invasion U.S.A. (1985),Action|Thriller,15983.0,4376
4950,Lone Wolf McQuade (1983),Action,14854.0,4377
4951,Lord of the Flies (1990),Adventure|Drama|Thriller,10847.0,4378
4952,Morons From Outer Space (1985),Comedy|Sci-Fi,33525.0,4379
4953,"People That Time Forgot, The (1977)",Adventure|Sci-Fi,27591.0,4380
4954,Ocean's Eleven (a.k.a. Ocean's 11) (1960),Comedy|Crime,299.0,4381
4955,"Sicilian, The (1987)",Crime|Drama,31945.0,4382
4956,"Stunt Man, The (1980)",Action|Adventure|Comedy|Drama|Romance|Thriller,42160.0,4383
4957,Sudden Impact (1983),Crime|Thriller,10650.0,4384
4958,Behind Enemy Lines (2001),Action|Drama|War,8007.0,4385
4959,"Affair of the Necklace, The (2001)",Drama,19076.0,4386
4960,"Independent, The (2000)",Comedy,81442.0,4387
4961,Pornstar: The Legend of Ron Jeremy (2001),Documentary,50562.0,4388
4962,Texas Rangers (2001),Adventure|Western,13503.0,4389
4963,Ocean's Eleven (2001),Crime|Thriller,161.0,4390
4964,Baran (2001),Adventure|Drama|Romance,43774.0,4391
4965,"Business of Strangers, The (2001)",Action|Drama|Thriller,31064.0,4392
4966,"Incredible Shrinking Man, The (1957)",Sci-Fi|Thriller,31682.0,4393
4967,No Man's Land (2001),Drama|War,8342.0,4394
4968,Piñero (2001),Drama,55479.0,4395
4969,And Then There Were None (1945),Crime|Mystery,4886.0,4396
4970,"Blue Angel, The (Blaue Engel, Der) (1930)",Drama,228.0,4397
4971,Moscow on the Hudson (1984),Comedy|Drama,23111.0,4398
4972,"Owl and the Pussycat, The (1970)",Comedy,42597.0,4399
4973,"Amelie (Fabuleux destin d'Amélie Poulain, Le) (2001)",Comedy|Romance,194.0,4400
4974,Not Another Teen Movie (2001),Comedy,11397.0,4401
4975,Vanilla Sky (2001),Mystery|Romance|Sci-Fi|Thriller,1903.0,4402
4976,Iris (2001),Drama,11889.0,4403
4977,Kandahar (Safar e Ghandehar) (2001),Drama,28171.0,4404
4978,Lantana (2001),Drama|Mystery|Thriller,9523.0,4405
4979,"Royal Tenenbaums, The (2001)",Comedy|Drama,9428.0,4406
4980,Bill & Ted's Bogus Journey (1991),Adventure|Comedy|Fantasy|Sci-Fi,1649.0,4407
4981,Clockwise (1986),Comedy,11938.0,4408
4982,"Crawling Eye, The (a.k.a. Trollenberg Terror, The) (1958)",Horror|Sci-Fi,43143.0,4409
4983,"Holcroft Covenant, The (1985)",Drama|Thriller,35201.0,4410
4984,Morgan! (1966),Comedy|Drama|Fantasy,42724.0,4411
4985,Sheena (1984),Action|Adventure|Fantasy,24264.0,4412
4986,Silent Rage (1982),Action|Sci-Fi,27150.0,4413
4987,Spacehunter: Adventures in the Forbidden Zone (1983),Action|Adventure|Sci-Fi,26978.0,4414
4988,White Water Summer (1987),Adventure,19209.0,4415
4989,How High (2001),Comedy,8386.0,4416
4990,Jimmy Neutron: Boy Genius (2001),Adventure|Animation|Children|Comedy,12589.0,4417
4991,Joe Somebody (2001),Comedy|Drama|Romance,12312.0,4418
4992,Kate & Leopold (2001),Comedy|Romance,11232.0,4419
4993,"Lord of the Rings: The Fellowship of the Ring, The (2001)",Adventure|Fantasy,120.0,4420
4994,"Majestic, The (2001)",Comedy|Drama|Romance,11086.0,4421
4995,"Beautiful Mind, A (2001)",Drama|Romance,453.0,4422
4996,Little Otik (Otesánek) (2000),Comedy|Drama|Fantasy,18939.0,4423
4997,"Convent, The (2000)",Horror|Sci-Fi,12724.0,4424
4998,"Defiant Ones, The (1958)",Adventure|Crime|Drama|Thriller,11414.0,4425
4999,Dodsworth (1936),Drama|Romance,31507.0,4426
5000,Medium Cool (1969),Drama|Romance,42612.0,4427
5001,Sahara (1943),Action|Drama|War,18783.0,4428
5002,Fritz the Cat (1972),Animation,12593.0,4429
5003,"Nine Lives of Fritz the Cat, The (1974)",Animation,14683.0,4430
5004,"Party, The (1968)",Comedy,10794.0,4431
5005,Separate Tables (1958),Drama,43136.0,4432
5006,Sex and Zen (Rou pu Tuan zhi tou Qing bao Jian) (1992),Action|Adventure|Comedy|Fantasy,45491.0,4433
5007,Topkapi (1964),Adventure|Comedy|Thriller,5052.0,4434
5008,Witness for the Prosecution (1957),Drama|Mystery|Thriller,37257.0,4435
5009,Ali (2001),Drama,8489.0,4436
5010,Black Hawk Down (2001),Action|Drama|War,855.0,4437
5011,Charlotte Gray (2001),Drama|Romance,12660.0,4438
5012,Yentl (1983),Drama|Musical|Romance,10269.0,4439
5013,Gosford Park (2001),Comedy|Drama|Mystery,5279.0,4440
5014,I Am Sam (2001),Drama,10950.0,4441
5015,Monster's Ball (2001),Drama|Romance,1365.0,4442
5016,"Shipping News, The (2001)",Drama,6440.0,4443
5017,"Big Heat, The (1953)",Drama|Film-Noir,14580.0,4444
5021,Murder by Death (1976),Comedy|Crime|Mystery|Thriller,6037.0,4445
5022,"Servant, The (1963)",Drama,42987.0,4446
5023,"Waterdance, The (1992)",Drama,61418.0,4447
5024,Come Undone (Presque Rien) (2000),Drama|Romance,27099.0,4448
5025,Orange County (2002),Comedy,11857.0,4449
5026,"Brotherhood of the Wolf (Pacte des loups, Le) (2001)",Action|Mystery|Thriller,6312.0,4450
5027,Another 48 Hrs. (1990),Action|Comedy|Crime|Drama|Thriller,11595.0,4451
5028,What Time Is It There? (Ni neibian jidian) (2001),Drama,24166.0,4452
5029,China Moon (1994),Thriller,26337.0,4453
5033,"Russia House, The (1990)",Drama|Thriller,10170.0,4454
5034,"Truly, Madly, Deeply (1991)",Drama|Romance,18317.0,4455
5035,Wuthering Heights (1970),Drama,98491.0,4456
5036,California Suite (1978),Comedy,26686.0,4457
5037,"Long Gray Line, The (1955)",Drama,61934.0,4458
5038,"Flight of Dragons, The (1982)",Adventure|Animation|Children|Drama|Fantasy,27273.0,4459
5039,Dragonslayer (1981),Action|Adventure|Fantasy,848.0,4460
5040,Conan the Destroyer (1984),Action|Adventure|Fantasy,9610.0,4461
5041,Fire and Ice (1983),Animation|Fantasy,15035.0,4462
5042,Forbidden Zone (1980),Musical|Sci-Fi,16127.0,4463
5044,Foxes (1980),Drama,32020.0,4464
5045,Galaxina (1980),Comedy|Sci-Fi,33155.0,4465
5046,Impostor (2002),Action|Drama|Sci-Fi|Thriller,4965.0,4466
5047,Kung Pow: Enter the Fist (2002),Action|Comedy,11891.0,4467
5048,Snow Dogs (2002),Adventure|Children|Comedy,11888.0,4468
5049,48 Hrs. (1982),Action|Comedy|Crime|Drama,150.0,4469
5051,Italian for Beginners (Italiensk for begyndere) (2000),Comedy|Drama|Romance,112.0,4470
5053,Blankman (1994),Comedy,20678.0,4471
5054,Brainstorm (1983),Sci-Fi|Thriller,15050.0,4472
5055,Dragon: The Bruce Lee Story (1993),Action|Drama,10423.0,4473
5056,"Enigma of Kaspar Hauser, The (a.k.a. Mystery of Kaspar Hauser, The) (Jeder für sich und Gott Gegen Alle) (1974)",Crime|Drama,11710.0,4474
5057,4 for Texas (1963),Comedy|Western,17691.0,4475
5058,Heart of Glass (Herz aus Glas) (1976),Drama,27378.0,4476
5059,Little Dieter Needs to Fly (1997),Documentary,57976.0,4477
5060,M*A*S*H (a.k.a. MASH) (1970),Comedy|Drama|War,651.0,4478
5061,Mrs. Soffel (1984),Drama|Romance,31955.0,4479
5062,Seconds (1966),Mystery|Sci-Fi|Thriller,20620.0,4480
5063,One-Eyed Jacks (1961),Western,18647.0,4481
5064,The Count of Monte Cristo (2002),Action|Adventure|Drama|Thriller,11362.0,4482
5065,"Mothman Prophecies, The (2002)",Drama|Fantasy|Horror|Mystery|Thriller,2637.0,4483
5066,"Walk to Remember, A (2002)",Drama|Romance,10229.0,4484
5068,Beijing Bicycle (Shiqi sui de dan che) (2001),Drama,12659.0,4485
5069,Escaflowne: The Movie (Escaflowne) (2000),Action|Adventure|Animation|Drama|Fantasy,68149.0,4486
5071,Maelström (2000),Drama|Romance,35650.0,4487
5072,Metropolis (2001),Animation|Sci-Fi,9606.0,4488
5073,"Son's Room, The (Stanza del figlio, La) (2001)",Drama,11447.0,4489
5074,Storytelling (2001),Comedy|Drama,16550.0,4490
5075,Waydowntown (2000),Comedy,13915.0,4491
5076,"Adventures of Huck Finn, The (1993)",Adventure|Children|Comedy|Drama,34723.0,4492
5077,Cousins (1989),Comedy|Romance,31674.0,4493
5078,Falling in Love (1984),Drama|Romance,52744.0,4494
5079,Young at Heart (1954),Drama|Musical|Romance,43340.0,4495
5080,Slackers (2002),Comedy,20009.0,4496
5081,Birthday Girl (2001),Drama|Romance,2084.0,4497
5083,Rare Birds (2001),Comedy|Drama,74692.0,4498
5084,Caged Heat (1974),Action,39775.0,4499
5085,Carmen Jones (1954),Drama|Musical,51044.0,4500
5086,"Five Heartbeats, The (1991)",Drama|Musical,29475.0,4501
5087,Get Out Your Handkerchiefs (Préparez vos mouchoirs) (1978),Comedy|Drama|Romance,4267.0,4502
5088,"Going Places (Valseuses, Les) (1974)",Comedy|Crime|Drama,4031.0,4503
5090,"Hunchback of Notre Dame, The (Notre Dame de Paris) (1956)",Drama,11594.0,4504
5091,The Man from Acapulco (1973),Action|Comedy|Fantasy|Romance,19562.0,4505
5092,Big Fat Liar (2002),Children|Comedy,11870.0,4506
5093,Collateral Damage (2002),Action|Thriller,9884.0,4507
5094,Rollerball (2002),Action|Sci-Fi,11535.0,4508
5095,"Scotland, Pa. (2001)",Comedy|Crime,27593.0,4509
5096,Baby's Day Out (1994),Comedy,11212.0,4510
5097,Bright Eyes (1934),Comedy|Drama,29887.0,4511
5098,Dimples (1936),Musical,32484.0,4512
5099,Heidi (1937),Children|Drama,28345.0,4513
5100,"Man Who Loved Women, The (1983)",Comedy,69928.0,4514
5101,Richard Pryor Here and Now (1983),Comedy|Documentary,21921.0,4515
5102,Rookie of the Year (1993),Comedy|Fantasy,21845.0,4516
5103,"Sandlot, The (1993)",Children|Comedy|Drama,11528.0,4517
5104,Cows (Vacas) (1991),Drama,2441.0,4518
5105,Don't Look Now (1973),Drama|Horror|Thriller,931.0,4519
5106,Crossroads (2002),Comedy|Musical|Romance,17130.0,4520
5107,Hart's War (2002),Drama|War,10592.0,4521
5108,John Q (2002),Crime|Drama|Thriller,8470.0,4522
5109,Return to Never Land (2002),Adventure|Animation|Children,16690.0,4523
5110,Super Troopers (2001),Comedy|Crime|Mystery,39939.0,4524
5111,"Good Son, The (1993)",Drama|Thriller,9272.0,4525
5112,Last Orders (2001),Drama,14778.0,4526
5113,After the Fox (Caccia alla volpe) (1966),Comedy|Crime,19137.0,4527
5114,"Bad and the Beautiful, The (1952)",Drama,32499.0,4528
5116,Designing Woman (1957),Comedy,33668.0,4529
5117,Funny Lady (1975),Comedy|Musical,39282.0,4530
5118,"Heartbreak Kid, The (1972)",Comedy|Romance,40687.0,4531
5119,Saturday Night and Sunday Morning (1960),Drama,37230.0,4532
5120,Sleuth (1972),Comedy|Mystery|Thriller,993.0,4533
5121,Stroszek (1977),Comedy|Drama,11698.0,4534
5122,Summer of '42 (1971),Drama,41357.0,4535
5123,"Touch of Class, A (1973)",Comedy,42458.0,4536
5125,Used Cars (1980),Comedy,14475.0,4537
5126,"Deadly Mantis, The (1957)",Horror|Sci-Fi,43715.0,4538
5127,Dragonfly (2002),Drama|Fantasy|Mystery|Romance|Thriller,10052.0,4539
5128,Queen of the Damned (2002),Fantasy|Horror,11979.0,4540
5131,How to Kill Your Neighbor's Dog (2000),Comedy|Drama,13791.0,4541
5134,Mean Machine (2001),Comedy|Drama,9991.0,4542
5135,Monsoon Wedding (2001),Comedy|Romance,480.0,4543
5136,Wendigo (2001),Drama|Horror,44340.0,4544
5137,Scratch (2001),Documentary,18984.0,4545
5139,"Bad News Bears, The (1976)",Comedy,23479.0,4546
5140,"Bad News Bears Go to Japan, The (1978)",Comedy,66946.0,4547
5141,"Bad News Bears in Breaking Training, The (1977)",Comedy,19050.0,4548
5142,"Firemen's Ball, The (Horí, má panenko) (1967)",Comedy|Drama,38442.0,4549
5143,"Lone Ranger, The (1956)",Adventure|Western,108266.0,4550
5145,Loves of a Blonde (Lásky jedné plavovlásky) (1965),Comedy|Drama|Romance,39387.0,4551
5146,Vampire Hunter D: Bloodlust (Banpaia hantâ D) (2000),Animation|Fantasy|Horror|Sci-Fi,15999.0,4552
5147,Wild Strawberries (Smultronstället) (1957),Drama,614.0,4553
5151,40 Days and 40 Nights (2002),Comedy|Romance,2752.0,4554
5152,We Were Soldiers (2002),Action|Drama|War,10590.0,4555
5153,Trouble Every Day (2001),Drama|Horror|Thriller,40723.0,4556
5155,"Big Bird Cage, The (1972)",Action,22910.0,4557
5157,"Church, The (Chiesa, La) (1989)",Drama|Fantasy|Horror,40364.0,4558
5158,Cross Creek (1983),Drama,115332.0,4559
5159,Ferngully: The Last Rainforest (1992),Animation|Children|Comedy|Musical,13225.0,4560
5160,Night of the Zombies (a.k.a. Hell of the Living Dead) (Virus) (1980),Action|Horror|Thriller,21380.0,4561
5161,Intersection (1994),Drama|Romance,46717.0,4562
5162,"Jo Jo Dancer, Your Life is Calling (1986)",Comedy|Drama,63510.0,4563
5163,StageFright: Aquarius (1987),Horror|Thriller,20465.0,4564
5164,"Troll in Central Park, A (1994)",Animation|Children,35614.0,4565
5165,Zombie (a.k.a. Zombie 2: The Dead Are Among Us) (Zombi 2) (1979),Horror,7219.0,4566
5167,My Favorite Brunette (1947),Comedy|Mystery,18649.0,4567
5168,Royal Wedding (1951),Comedy|Musical|Romance,18646.0,4568
5169,Scarlet Street (1945),Film-Noir,17058.0,4569
5170,All About the Benjamins (2002),Action|Comedy|Crime,13950.0,4570
5171,"Time Machine, The (2002)",Action|Adventure|Sci-Fi,2135.0,4571
5172,Full Frontal (2002),Comedy|Drama|Romance,15186.0,4572
5173,Divorcing Jack (1998),Comedy|Thriller,43997.0,4573
5174,"Field, The (1990)",Drama,31651.0,4574
5175,Hidden Agenda (1990),Drama|Thriller,47869.0,4575
5177,"Magnificent Ambersons, The (1942)",Drama|Romance,965.0,4576
5179,Gloria (1980),Drama|Thriller,10889.0,4577
5180,"Great Rock 'n' Roll Swindle, The (1980)",Documentary,16149.0,4578
5181,Hangar 18 (1980),Action|Sci-Fi|Thriller,54287.0,4579
5182,Hawk the Slayer (1980),Action|Fantasy,25628.0,4580
5183,He Knows You're Alone (a.k.a. Blood Wedding) (1980),Horror|Thriller,65262.0,4581
5184,Heaven's Gate (1980),Western,10935.0,4582
5185,Hero at Large (1980),Comedy,44004.0,4583
5186,Honeysuckle Rose (a.k.a. On the Road Again) (1980),Drama|Romance,22288.0,4584
5187,Hopscotch (1980),Comedy,32030.0,4585
5189,Humanoids from the Deep (1980),Horror|Sci-Fi,29343.0,4586
5190,Inside Moves (1980),Drama,39503.0,4587
5192,"Island, The (1980)",Adventure|Horror|Thriller,7988.0,4588
5193,"Jazz Singer, The (1980)",Musical,15310.0,4589
5194,Who's Singin' Over There? (a.k.a. Who Sings Over There) (Ko to tamo peva) (1980),Comedy,17909.0,4590
5195,"Zombie Lake (Lac des morts vivants, Le) (Zombies Lake) (Lake of the Living Dead, The) (1981)",Horror,22130.0,4591
5196,Lion of the Desert (1980),War,26843.0,4592
5197,Little Darlings (1980),Drama,27458.0,4593
5198,"Long Good Friday, The (1980)",Drama|Thriller,14807.0,4594
5199,"Long Riders, The (1980)",Western,14729.0,4595
5202,Mon oncle d'Amérique (1980),Drama,39543.0,4596
5203,The Monster Club (1981),Comedy|Horror,39578.0,4597
5205,Motel Hell (1980),Comedy|Horror,30924.0,4598
5206,Mother's Day (1980),Comedy|Horror,14929.0,4599
5208,"Ninth Configuration, The (a.k.a. Twinkle, Twinkle, Killer Kane) (1980)",Drama|War,18910.0,4600
5210,"Burial Ground (a.k.a. Zombie Horror) (a.k.a. Zombie 3) (Notti del Terrore, Le) (1981)",Horror,24919.0,4601
5211,"Nude Bomb, The (1980)",Comedy,26200.0,4602
5212,"Octagon, The (1980)",Action,24825.0,4603
5213,"Oh, God! Book II (1980)",Comedy,38147.0,4604
5214,"Oh, God! (1977)",Comedy|Fantasy,24032.0,4605
5215,"Oh, Heavenly Dog! (1980)",Comedy|Crime,26179.0,4606
5216,"Pepi, Luci, Bom (Pepi, Luci, Bom y Otras Chicas del Montón) (1980)",Comedy,4499.0,4607
5217,Super Fuzz (a.k.a. Super Snooper) (Poliziotto superpiù) (1980),Action|Comedy|Sci-Fi,11333.0,4608
5218,Ice Age (2002),Adventure|Animation|Children|Comedy,425.0,4609
5219,Resident Evil (2002),Action|Horror|Sci-Fi|Thriller,1576.0,4610
5220,Showtime (2002),Action|Comedy,5851.0,4611
5221,Harrison's Flowers (2000),Drama,25014.0,4612
5222,Kissing Jessica Stein (2001),Comedy|Romance,15647.0,4613
5223,Pauline & Paulette (Pauline en Paulette) (2001),Comedy|Drama,25110.0,4614
5224,Promises (2001),Documentary,38880.0,4615
5225,And Your Mother Too (Y tu mamá también) (2001),Drama|Romance,1391.0,4616
5226,All the Right Moves (1983),Drama|Romance,18172.0,4617
5227,Barabbas (1961),Adventure|Drama,24248.0,4618
5228,"Ghost Breakers, The (1940)",Comedy|Horror,14605.0,4619
5230,"Paleface, The (1948)",Comedy|Western,17804.0,4620
5231,Road to Morocco (1942),Comedy,31805.0,4621
5232,Road to Singapore (1940),Comedy|Musical,13861.0,4622
5233,Road to Utopia (1946),Comedy,29021.0,4623
5234,Road to Zanzibar (1941),Comedy,31812.0,4624
5235,Split Second (1992),Action|Sci-Fi|Thriller,13006.0,4625
5236,"Tale of Springtime, A (Conte de Printemps) (1990)",Drama|Romance,28213.0,4626
5237,Taps (1981),Drama,10627.0,4627
5238,Return of the Secaucus 7 (1980),Drama,42750.0,4628
5240,Running Scared (1980),Action|Drama,259557.0,4629
5241,Seems Like Old Times (1980),Comedy|Romance,28124.0,4630
5243,"Young Master, The (Shi di chu ma) (1980)",Action|Comedy,11563.0,4631
5244,Shogun Assassin (1980),Action|Adventure,15119.0,4632
5245,Simon (1980),Comedy|Sci-Fi,55792.0,4633
5246,Smokey and the Bandit II (1980),Action|Comedy,12705.0,4634
5247,Smokey and the Bandit (1977),Action|Comedy,11006.0,4635
5248,Smokey and the Bandit III (1983),Action|Comedy,15120.0,4636
5249,Spetters (1980),Comedy|Drama,40072.0,4637
5250,Stir Crazy (1980),Comedy,21629.0,4638
5251,"Charter Trip, The (a.k.a. Package Tour, The) (Sällskapsresan) (1980)",Comedy,16026.0,4639
5254,Blade II (2002),Action|Horror|Thriller,36586.0,4640
5255,Sorority Boys (2002),Comedy,6020.0,4641
5256,Stolen Summer (2002),Drama,39541.0,4642
5258,George Washington (2000),Drama,18292.0,4643
5262,Mr. Sardonicus (1961),Horror,29402.0,4644
5263,Strait-Jacket (1964),Horror|Thriller,29396.0,4645
5264,Clockstoppers (2002),Action|Adventure|Sci-Fi|Thriller,15028.0,4646
5265,Death to Smoochy (2002),Comedy|Crime|Drama,9275.0,4647
5266,Panic Room (2002),Thriller,4547.0,4648
5267,"Rookie, The (2002)",Drama,14635.0,4649
5268,No Such Thing (2001),Drama|Fantasy|Romance,29135.0,4650
5269,"Piano Teacher, The (La pianiste) (2001)",Drama,1791.0,4651
5272,Time Out (L'emploi du temps) (2001),Drama,35651.0,4652
5275,Boxcar Bertha (1972),Drama,22784.0,4653
5276,Crimes of Passion (1984),Drama|Romance|Thriller,40814.0,4654
5277,"Evil That Men Do, The (1984)",Action|Thriller,53426.0,4655
5278,Fraternity Vacation (1985),Comedy|Romance,24585.0,4656
5279,Impromptu (1991),Comedy|Romance,17990.0,4657
5282,High Crimes (2002),Thriller,11560.0,4658
5283,National Lampoon's Van Wilder (2002),Comedy,11452.0,4659
5284,Crush (2001),Comedy|Romance,18435.0,4660
5285,Lucky Break (2001),Comedy|Crime,35944.0,4661
5287,"After Dark, My Sweet (1990)",Crime|Drama|Mystery,25501.0,4662
5288,"Atomic Cafe, The (1982)",Documentary|War,26851.0,4663
5289,Body and Soul (1947),Drama|Film-Noir,17487.0,4664
5290,First Men in the Moon (1964),Adventure|Sci-Fi,34276.0,4665
5291,Rashomon (Rashômon) (1950),Crime|Drama|Mystery,548.0,4666
5292,Slap Shot (1977),Comedy,11590.0,4667
5293,Changing Lanes (2002),Drama|Thriller,1537.0,4668
5294,Frailty (2001),Crime|Drama|Thriller,12149.0,4669
5295,New Best Friend (2002),Drama|Thriller,44373.0,4670
5296,"Sweetest Thing, The (2002)",Comedy|Romance,11812.0,4671
5297,"Cat's Meow, The (2002)",Drama|Thriller,35080.0,4672
5298,Human Nature (2001),Comedy|Romance,441.0,4673
5299,My Big Fat Greek Wedding (2002),Comedy|Romance,8346.0,4674
5300,3:10 to Yuma (1957),Action|Adventure|Drama|Thriller|Western,14168.0,4675
5301,Bite the Bullet (1975),Action|Adventure|Western,32617.0,4676
5302,Breakout (1975),Action|Adventure,31671.0,4677
5303,Joe Versus the Volcano (1990),Comedy|Romance,2565.0,4678
5304,"Rome, Open City (a.k.a. Open City) (Roma, città aperta) (1945)",Drama|War,307.0,4679
5305,Return of the Killer Tomatoes! (1988),Comedy|Horror|Sci-Fi,15482.0,4680
5306,Return to Horror High (1987),Horror,45878.0,4681
5307,Taking Care of Business (1990),Comedy,6393.0,4682
5308,Three Men and a Baby (1987),Comedy,12154.0,4683
5309,Three Men and a Little Lady (1990),Comedy|Romance,11630.0,4684
5310,Transylvania 6-5000 (1985),Comedy|Horror,25133.0,4685
5311,"Watcher in the Woods, The (1980)",Children|Horror|Mystery|Thriller,21970.0,4686
5312,Murder by Numbers (2002),Crime|Thriller,11892.0,4687
5313,The Scorpion King (2002),Action|Adventure|Fantasy|Thriller,9334.0,4688
5314,Behind the Sun (Abril Despedaçado) (2001),Drama,36093.0,4689
5315,Chelsea Walls (2001),Drama,35694.0,4690
5316,Enigma (2001),Romance|Thriller,10491.0,4691
5319,Nine Queens (Nueve reinas) (2000),Crime|Thriller,18079.0,4692
5321,"Triumph of Love, The (2001)",Comedy,35337.0,4693
5323,Jason X (2002),Horror|Sci-Fi|Thriller,11470.0,4694
5324,Life or Something Like It (2002),Comedy|Romance,16643.0,4695
5325,Dogtown and Z-Boyz (2001),Documentary,1282.0,4696
5327,In Praise of Love (Éloge de l'amour) (2001),Drama,52717.0,4697
5328,Rain (2001),Drama|Romance,69324.0,4698
5329,"Salton Sea, The (2002)",Crime|Drama|Thriller,11468.0,4699
5331,Vulgar (2000),Drama,19085.0,4700
5332,"Aviator, The (1985)",Adventure,73462.0,4701
5333,Bob le Flambeur (1955),Crime|Drama,26030.0,4702
5334,Cadillac Man (1990),Comedy|Crime,10164.0,4703
5335,"Coca-Cola Kid, The (1985)",Comedy|Romance,42048.0,4704
5337,Delirious (1991),Comedy,28117.0,4705
5339,Husbands and Wives (1992),Comedy|Drama,28384.0,4706
5340,Joe (1970),Drama,46691.0,4707
5341,Lenny (1974),Drama,27094.0,4708
5342,Nomads (1986),Horror|Mystery|Thriller,26725.0,4709
5343,"Temp, The (1993)",Drama|Thriller,17168.0,4710
5344,Thief of Hearts (1984),Drama|Thriller,48482.0,4711
5346,Wild Orchid (1990),Drama|Romance,5203.0,4712
5347,Deuces Wild (2002),Drama,13201.0,4713
5348,Hollywood Ending (2002),Comedy|Drama,9689.0,4714
5349,Spider-Man (2002),Action|Adventure|Sci-Fi|Thriller,557.0,4715
5351,Warm Water Under a Red Bridge (Akai hashi no shita no nurui mizu) (2001),Comedy|Drama,44768.0,4716
5352,The Big Sleep (1978),Thriller,1815.0,4717
5353,Butterflies Are Free (1972),Comedy|Drama,55106.0,4718
5354,Cactus Flower (1969),Comedy,28289.0,4719
5355,"Cassandra Crossing, The (1976)",Drama,32037.0,4720
5356,"Giant Spider Invasion, The (1975)",Horror|Sci-Fi,39154.0,4721
5357,Iron Will (1994),Adventure,24767.0,4722
5358,Mountains of the Moon (1990),Adventure,33796.0,4723
5359,Rambling Rose (1991),Drama,32221.0,4724
5360,"Survivors, The (1983)",Comedy,28466.0,4725
5361,White Fang (1991),Adventure,12227.0,4726
5362,White Fang 2: Myth of the White Wolf (1994),Adventure|Children,43643.0,4727
5363,"New Guy, The (2002)",Comedy,10985.0,4728
5364,Unfaithful (2002),Drama|Thriller,2251.0,4729
5365,"Lady and the Duke, The (Anglaise et le duc, L') (2001)",Drama|Romance,2894.0,4730
5366,Whore (1991),Drama,20712.0,4731
5367,My Beautiful Laundrette (1985),Drama|Romance,11240.0,4732
5368,Ballad of a Soldier (Ballada o soldate) (1959),Drama|Romance|War,46592.0,4733
5369,Big Bad Mama (1974),Action|Comedy,45186.0,4734
5372,Calamity Jane (1953),Musical|Western,14117.0,4735
5373,"Cranes Are Flying, The (Letyat zhuravli) (1957)",Drama|Romance|War,38360.0,4736
5374,Devil Doll (1964),Horror,29318.0,4737
5375,"Harvey Girls, The (1946)",Comedy|Musical|Western,28907.0,4738
5376,"Lady in Red, The (1979)",Action,39771.0,4739
5377,About a Boy (2002),Comedy|Drama|Romance,245.0,4740
5378,Star Wars: Episode II - Attack of the Clones (2002),Action|Adventure|Sci-Fi|IMAX,1894.0,4741
5379,"Believer, The (2001)",Drama,4012.0,4742
5380,"Importance of Being Earnest, The (2002)",Comedy|Drama|Romance,9026.0,4743
5381,"Charge of the Light Brigade, The (1968)",Drama|War,42193.0,4744
5382,Every Which Way But Loose (1978),Comedy,15417.0,4745
5383,"Hound of the Baskervilles, The (1959)",Crime|Horror|Mystery,11791.0,4746
5384,I Want to Live! (1958),Crime|Drama,28577.0,4747
5385,"Last Waltz, The (1978)",Documentary,13963.0,4748
5387,Enough (2002),Drama|Thriller,1957.0,4749
5388,Insomnia (2002),Action|Crime|Drama|Mystery|Thriller,320.0,4750
5389,Spirit: Stallion of the Cimarron (2002),Adventure|Animation|Children|Western,9023.0,4751
5390,CQ (2001),Drama,27834.0,4752
5391,Thirteen Conversations About One Thing (a.k.a. 13 Conversations) (2001),Drama,17734.0,4753
5392,Bus Stop (1956),Comedy|Drama|Romance,24010.0,4754
5394,Don't Bother to Knock (1952),Drama|Thriller,24005.0,4755
5395,"Gambler, The (1974)",Drama,44800.0,4756
5396,Let's Make Love (1960),Comedy|Musical|Romance,24014.0,4757
5397,Monkey Business (1952),Comedy|Sci-Fi,24008.0,4758
5398,Requiem for a Heavyweight (1962),Drama,53229.0,4759
5399,River of No Return (1954),Adventure|Western,1936.0,4760
5400,"Sum of All Fears, The (2002)",Drama|Thriller,4614.0,4761
5401,Undercover Brother (2002),Comedy,12277.0,4762
5404,84 Charing Cross Road (1987),Drama|Romance,15677.0,4763
5406,"Desert Rats, The (1953)",Drama|War,36554.0,4764
5409,Rapid Fire (1992),Action,13153.0,4765
5410,Silent Running (1972),Drama|Sci-Fi,811.0,4766
5412,"Villain, The (1979)",Comedy|Western,163907.0,4767
5413,Zombie Holocaust (a.k.a. Doctor Butcher M.D.) (Zombi Holocaust) (1980),Horror,7216.0,4768
5414,Bad Company (2002),Action|Comedy|Crime,3132.0,4769
5415,Divine Secrets of the Ya-Ya Sisterhood (2002),Comedy|Drama,9583.0,4770
5416,Cherish (2002),Comedy|Drama|Thriller,18408.0,4771
5417,"Fast Runner, The (Atanarjuat) (2001)",Drama|Fantasy,13245.0,4772
5418,"Bourne Identity, The (2002)",Action|Mystery|Thriller,2501.0,4773
5419,Scooby-Doo (2002),Adventure|Children|Comedy|Fantasy|Mystery,9637.0,4774
5420,Windtalkers (2002),Action|Drama|War,12100.0,4775
5421,"Dangerous Lives of Altar Boys, The (2002)",Drama,16857.0,4776
5422,"Emperor's New Clothes, The (2001)",Comedy,52258.0,4777
5423,Gangster No. 1 (2000),Action|Crime|Thriller,10394.0,4778
5424,Harvard Man (2001),Crime|Drama|Romance|Thriller,27451.0,4779
5425,Dark Blue World (Tmavomodrý svet) (2001),Drama|War,15813.0,4780
5426,Bad Company (1972),Western,31591.0,4781
5427,Caveman (1981),Comedy,18905.0,4782
5428,Cheech & Chong's The Corsican Brothers (1984),Comedy,14774.0,4783
5429,5 Card Stud (1968),Mystery|Western,4993.0,4784
5431,Goin' South (1978),Comedy|Western,34130.0,4785
5432,Hero and the Terror (1988),Action|Crime,38950.0,4786
5433,Silver Bullet (Stephen King's Silver Bullet) (1985),Adventure|Drama|Horror|Mystery|Thriller,17898.0,4787
5434,"Sorry, Wrong Number (1948)",Drama|Film-Noir|Thriller,21635.0,4788
5435,Hombre (1967),Western,27945.0,4789
5436,"Horse's Mouth, The (1958)",Comedy,43139.0,4790
5437,"Manhattan Project, The (1986)",Comedy|Sci-Fi|Thriller,30194.0,4791
5438,Men at Work (1990),Action|Comedy,10169.0,4792
5439,S.O.B. (1981),Comedy,27225.0,4793
5440,She Wore a Yellow Ribbon (1949),Western,13909.0,4794
5442,V. I. Warshawski (1991),Action|Comedy|Crime,41805.0,4795
5443,Juwanna Mann (2002),Comedy,35696.0,4796
5444,Lilo & Stitch (2002),Adventure|Animation|Children|Sci-Fi,11544.0,4797
5445,Minority Report (2002),Action|Crime|Mystery|Sci-Fi|Thriller,180.0,4798
5446,Rabbit-Proof Fence (2002),Adventure|Drama,9555.0,4799
5447,Sunshine State (2002),Drama,57022.0,4800
5448,Hey Arnold! The Movie (2002),Adventure|Animation|Children|Comedy,17710.0,4801
5449,Mr. Deeds (2002),Comedy|Romance,2022.0,4802
5450,Lovely & Amazing (2001),Comedy|Drama|Romance,50035.0,4803
5451,Pumpkin (2002),Comedy|Drama|Romance,9719.0,4804
5452,Look Who's Talking Now (1993),Children|Comedy|Romance,11982.0,4805
5453,Lost in Yonkers (1993),Comedy|Drama,27224.0,4806
5454,Mo' Money (1992),Comedy|Romance,12251.0,4807
5455,"Object of Beauty, The (1991)",Comedy|Drama,88818.0,4808
5456,Wagons East (1994),Comedy|Western,30114.0,4809
5457,Zebrahead (1992),Drama,70489.0,4810
5458,Like Mike (2002),Children|Comedy|Fantasy,21972.0,4811
5459,Men in Black II (a.k.a. MIIB) (a.k.a. MIB 2) (2002),Action|Comedy|Sci-Fi,608.0,4812
5460,"Powerpuff Girls, The (2002)",Action|Animation|Children|Comedy,59387.0,4813
5461,Me Without You (2001),Comedy|Drama,26290.0,4814
5462,"Crocodile Hunter: Collision Course, The (2002)",Adventure|Comedy,17043.0,4815
5463,Reign of Fire (2002),Action|Adventure|Fantasy,6278.0,4816
5464,Road to Perdition (2002),Crime|Drama,4147.0,4817
5465,All About Lily Chou-Chou (Riri Shushu no subete) (2001),Crime|Drama|Thriller,16664.0,4818
5466,My Wife is an Actress (Ma Femme est une Actrice) (2001),Comedy|Drama|Romance,14651.0,4819
5468,20 Million Miles to Earth (1957),Sci-Fi,15096.0,4820
5469,Grand Theft Auto (1977),Action|Comedy,19731.0,4821
5470,The Importance of Being Earnest (1952),Comedy|Romance,20324.0,4822
5471,Perfect (1985),Drama|Romance,49370.0,4823
5472,1776 (1972),Children|Drama|Musical,14902.0,4824
5473,Fox and His Friends (Faustrecht der Freiheit) (1975),Drama,42254.0,4825
5474,"Legend of Boggy Creek, The (1972)",Drama|Horror|Mystery|Thriller,1842.0,4826
5475,Z (1969),Drama|Mystery|Thriller,2721.0,4827
5476,Halloween: Resurrection (Halloween 8) (2002),Horror|Thriller,11442.0,4828
5477,Sex and Lucia (Lucía y el sexo) (2001),Drama|Romance,1364.0,4829
5478,Eight Legged Freaks (2002),Action|Comedy|Horror|Sci-Fi,8869.0,4830
5479,K-19: The Widowmaker (2002),Action|Adventure|Drama|Thriller,8665.0,4831
5480,Stuart Little 2 (2002),Children|Comedy,10996.0,4832
5481,Austin Powers in Goldmember (2002),Comedy,818.0,4833
5482,"Country Bears, The (2002)",Children|Comedy,18357.0,4834
5483,"Kid Stays in the Picture, The (2002)",Documentary,29047.0,4835
5484,Happy Times (Xingfu shiguang) (2000),Comedy|Drama,45861.0,4836
5485,Tadpole (2002),Comedy|Drama|Romance,39141.0,4837
5486,Who Is Cletis Tout? (2001),Comedy,33152.0,4838
5488,"Merchant of Four Seasons, The (Händler der vier Jahreszeiten) (1972)",Drama,10309.0,4839
5489,Nosferatu the Vampyre (Nosferatu: Phantom der Nacht) (1979),Horror,6404.0,4840
5490,The Big Bus (1976),Action|Comedy,19133.0,4841
5493,In Like Flint (1967),Action|Adventure|Comedy,24130.0,4842
5495,Modesty Blaise (1966),Comedy,36645.0,4843
5496,Ossessione (1943),Drama,5155.0,4844
5497,Our Man Flint (1965),Adventure|Comedy|Sci-Fi,23728.0,4845
5498,Red Beard (Akahige) (1965),Drama,3780.0,4846
5499,Robin and Marian (1976),Adventure|Drama|Romance,10786.0,4847
5500,Top Secret! (1984),Comedy,8764.0,4848
5501,"Master of Disguise, The (2002)",Comedy|Mystery,13908.0,4849
5502,Signs (2002),Horror|Sci-Fi|Thriller,2675.0,4850
5503,"Last Kiss, The (Ultimo bacio, L') (2001)",Comedy|Drama|Romance,12308.0,4851
5504,Spy Kids 2: The Island of Lost Dreams (2002),Adventure|Children,9488.0,4852
5505,"Good Girl, The (2002)",Comedy|Drama,9962.0,4853
5506,Blood Work (2002),Crime|Drama|Mystery|Thriller,9573.0,4854
5507,xXx (2002),Action|Crime|Thriller,7451.0,4855
5508,24 Hour Party People (2002),Comedy|Drama|Musical,2750.0,4856
5509,Biggie and Tupac (2002),Documentary,30586.0,4857
5512,Secret Ballot (Raye makhfi) (2001),Comedy,43772.0,4858
5513,Martin Lawrence Live: Runteldat (2002),Comedy|Documentary,20337.0,4859
5515,Songs From the Second Floor (Sånger från andra våningen) (2000),Drama,34070.0,4860
5516,Read My Lips (Sur mes lèvres) (2001),Crime|Drama|Thriller,6173.0,4861
5517,Nightcap (Merci pour le chocolat) (2000),Crime|Thriller,10305.0,4862
5521,"Principal, The (1987)",Action|Crime|Drama,10081.0,4863
5522,Rollerball (1975),Action|Drama|Sci-Fi,11484.0,4864
5523,"Adventures of Pluto Nash, The (2002)",Action|Adventure|Comedy|Sci-Fi,11692.0,4865
5524,Blue Crush (2002),Adventure|Drama|Romance,9266.0,4866
5525,Mostly Martha (Bella Martha) (2001),Comedy|Drama|Romance,3640.0,4867
5526,"Isle, The (Seom) (2000)",Drama,8653.0,4868
5527,Possession (2002),Drama|Romance,30072.0,4869
5528,One Hour Photo (2002),Drama|Thriller,9357.0,4870
5529,Serving Sara (2002),Comedy|Romance,12771.0,4871
5530,Simone (S1m0ne) (2002),Comedy|Drama|Fantasy|Sci-Fi,9296.0,4872
5531,Undisputed (2002),Drama,15070.0,4873
5532,Amy's O (a.k.a. Amy's Orgasm) (2001),Comedy|Romance,26942.0,4874
5538,"Care Bears Movie, The (1985)",Animation|Children|Fantasy,11243.0,4875
5539,Care Bears Movie II: A New Generation (1986),Animation|Children,19975.0,4876
5540,Clash of the Titans (1981),Action|Adventure|Fantasy|Romance,10323.0,4877
5541,Hot Shots! (1991),Action|Comedy|Romance|War,9595.0,4878
5542,"Nightmare City (a.k.a. City of the Walking Dead) (a.k.a. Invasión de los zombies atómicos, La) (Incubo sulla città contaminata) (1980)",Action|Horror,28319.0,4879
5543,"Swarm, The (1978)",Action|Horror|Sci-Fi,46878.0,4880
5544,Time After Time (1979),Sci-Fi|Thriller,24750.0,4881
5546,976-EVIL (1989),Horror,24038.0,4882
5548,Down and Out in Beverly Hills (1986),Comedy,9941.0,4883
5549,Flaming Star (1960),Western,18639.0,4884
5550,Love Me Tender (1956),Musical|Western,39833.0,4885
5552,"Revenge of Frankenstein, The (1958)",Drama|Horror|Sci-Fi,3127.0,4886
5553,Stakeout (1987),Comedy|Crime|Romance|Thriller,10859.0,4887
5555,Wolfen (1981),Horror,10725.0,4888
5556,FearDotCom (a.k.a. Fear.com) (a.k.a. Fear Dot Com) (2002),Crime|Horror|Thriller,9544.0,4889
5557,Slap Her... She's French (a.k.a. She Gets What She Wants) (2002),Comedy,23967.0,4890
5559,Mad Love (Juana la Loca) (2001),Drama,26165.0,4891
5560,À nous la liberté (Freedom for Us) (1931),Comedy|Musical,31514.0,4892
5561,True Colors (1991),Drama,13571.0,4893
5563,City by the Sea (2002),Crime|Drama,13536.0,4894
5564,Swimfan (2002),Thriller,20616.0,4895
5567,"Incubus, The (1981)",Horror|Thriller,79319.0,4896
5568,Johnny Dangerously (1984),Comedy,16806.0,4897
5569,"Last House on the Left, The (1972)",Crime|Horror|Thriller,15516.0,4898
5570,Thesis (Tesis) (1996),Drama|Horror|Thriller,9299.0,4899
5572,Barbershop (2002),Comedy,10611.0,4900
5573,Stealing Harvard (2002),Comedy|Crime,12770.0,4901
5574,"Transporter, The (2002)",Action|Crime,4108.0,4902
5575,Alias Betty (Betty Fisher et autres histoires) (2001),Crime|Drama,55903.0,4903
5577,Igby Goes Down (2002),Comedy|Drama,9685.0,4904
5580,Aspen Extreme (1993),Action,16370.0,4905
5581,Betsy's Wedding (1990),Comedy,18913.0,4906
5582,Captain Ron (1992),Adventure|Comedy,14361.0,4907
5583,"Devil Bat, The (1940)",Crime|Horror|Mystery|Sci-Fi,41021.0,4908
5584,Ernest Goes to Jail (1990),Comedy,18943.0,4909
5585,Ernest Scared Stupid (1991),Comedy,32685.0,4910
5587,"Hills Have Eyes Part II, The (1985)",Horror,18477.0,4911
5588,"Hills Have Eyes, The (1977)",Horror,12262.0,4912
5589,Indian Summer (1993),Comedy|Drama,33506.0,4913
5591,Monkey Trouble (1994),Children|Comedy,41582.0,4914
5592,Monster in the Closet (1986),Comedy|Horror,50382.0,4915
5593,No Way to Treat a Lady (1968),Crime|Drama|Thriller,42633.0,4916
5595,Shock Waves (1977),Horror,26680.0,4917
5596,Spaced Invaders (1990),Adventure|Comedy|Sci-Fi,34086.0,4918
5597,Suburban Commando (1991),Comedy|Sci-Fi,11504.0,4919
5598,Surf Ninjas (1993),Comedy,23470.0,4920
5599,Tabu: A Story of the South Seas (1931),Drama|Romance,977.0,4921
5600,"Wanderers, The (1979)",Drama,233.0,4922
5601,"Yearling, The (1946)",Children|Drama,19049.0,4923
5602,"Ladykillers, The (1955)",Comedy|Crime,5506.0,4924
5603,"Lavender Hill Mob, The (1951)",Comedy|Crime,32961.0,4925
5604,"Man in the White Suit, The (1951)",Comedy|Sci-Fi,32568.0,4926
5605,Ratcatcher (1999),Drama,29698.0,4927
5606,Society (1989),Horror|Mystery,22244.0,4928
5607,"Son of the Bride (Hijo de la novia, El) (2001)",Comedy|Drama,19460.0,4929
5608,"Das Experiment (Experiment, The) (2001)",Drama|Thriller,575.0,4930
5609,Ballistic: Ecks vs. Sever (2002),Action|Thriller,10550.0,4931
5610,"Banger Sisters, The (2002)",Comedy|Drama,9034.0,4932
5611,"Four Feathers, The (2002)",Adventure|War,9093.0,4933
5612,Trapped (2002),Action|Thriller,9039.0,4934
5613,8 Women (2002),Comedy|Crime|Musical|Mystery,1958.0,4935
5614,"His Secret Life (a.k.a. Ignorant Fairies, The) (Fate ignoranti, Le) (2001)",Drama|Romance,23550.0,4936
5615,Invincible (2001),Drama,68569.0,4937
5617,Secretary (2002),Comedy|Drama|Romance,11013.0,4938
5618,Spirited Away (Sen to Chihiro no kamikakushi) (2001),Adventure|Animation|Fantasy,129.0,4939
5619,"Trials of Henry Kissinger, The (2002)",Documentary,54714.0,4940
5620,Sweet Home Alabama (2002),Comedy|Romance,11529.0,4941
5621,"Tuxedo, The (2002)",Action|Comedy,10771.0,4942
5625,Moonlight Mile (2002),Drama|Romance,31005.0,4943
5628,Wasabi (2001),Action|Comedy|Crime|Drama|Thriller,2110.0,4944
5629,Jonah: A VeggieTales Movie (2002),Animation|Children|Musical,15173.0,4945
5630,Red Dragon (2002),Crime|Mystery|Thriller,9533.0,4946
5632,Bloody Sunday (2002),Drama,4107.0,4947
5633,Heaven (2002),Drama,10575.0,4948
5635,"Man from Elysian Fields, The (2001)",Drama,15720.0,4949
5636,Welcome to Collinwood (2002),Comedy|Crime,9260.0,4950
5637,Flirting (1991),Drama,21828.0,4951
5638,Godzilla vs. Mothra (Mosura tai Gojira) (1964),Action|Adventure|Fantasy|Sci-Fi,1682.0,4952
5639,Godzilla's Revenge (Gojira-Minira-Gabara: Oru Kaijû Daishingeki) (All Monsters Attack) (1969),Children,39462.0,4953
5640,"Godzilla, King of the Monsters! (Kaijû-ô Gojira) (1956)",Horror|Sci-Fi,18983.0,4954
5641,"Moderns, The (1988)",Drama,41971.0,4955
5642,"Onion Field, The (1979)",Drama,33831.0,4956
5643,Powaqqatsi (1988),Documentary,24348.0,4957
5644,"Pride of the Yankees, The (1942)",Drama,19140.0,4958
5645,Texasville (1990),Drama,82545.0,4959
5646,Valmont (1989),Drama|Romance,37606.0,4960
5647,Ernest Goes to Africa (1997),Comedy,34600.0,4961
5649,Horror of Dracula (Dracula) (1958),Horror,11868.0,4962
5650,Strange Brew (1983),Comedy,12921.0,4963
5651,"Incredible Mr. Limpet, The (1964)",Animation|Comedy|War,19953.0,4964
5652,Claire of the Moon (1992),Drama|Romance,53049.0,4965
5653,Django (1966),Western,10772.0,4966
5655,"Fan, The (1981)",Drama|Thriller,74899.0,4967
5657,Flashback (1990),Action|Adventure|Comedy|Crime|Drama,12719.0,4968
5658,Hanky Panky (1982),Comedy,25001.0,4969
5659,"Rocking Horse Winner, The (1950)",Drama|Horror,43438.0,4970
5660,Seance on a Wet Afternoon (1964),Crime|Drama|Thriller,3092.0,4971
5662,"Wrong Guy, The (1997)",Comedy|Romance|Thriller,15313.0,4972
5663,Below (2002),Horror,12590.0,4973
5664,Brown Sugar (2002),Romance,37964.0,4974
5665,Knockaround Guys (2002),Action|Comedy|Crime,7501.0,4975
5666,"Rules of Attraction, The (2002)",Comedy|Drama|Romance|Thriller,1809.0,4976
5667,Tuck Everlasting (2002),Drama|Fantasy,13768.0,4977
5668,White Oleander (2002),Drama,10994.0,4978
5669,Bowling for Columbine (2002),Documentary,1430.0,4979
5670,Comedian (2002),Comedy|Documentary,19973.0,4980
5672,Pokemon 4 Ever (a.k.a. Pokémon 4: The Movie) (2002),Adventure|Animation|Children|Fantasy,12600.0,4981
5673,Punch-Drunk Love (2002),Comedy|Drama|Romance,8051.0,4982
5675,Swept Away (2002),Comedy|Romance,12779.0,4983
5677,Abandon (2002),Drama|Thriller,15992.0,4984
5678,Formula 51 (2001),Action|Comedy|Crime|Thriller,1613.0,4985
5679,"Ring, The (2002)",Horror|Mystery|Thriller,565.0,4986
5680,Auto Focus (2002),Crime|Drama,14112.0,4987
5682,"Grey Zone, The (2001)",Drama,15192.0,4988
5684,Naqoyqatsi (2002),Documentary,21925.0,4989
5685,Real Women Have Curves (2002),Comedy|Drama,30309.0,4990
5686,Russian Ark (Russkiy Kovcheg) (2002),Drama|Fantasy|War,16646.0,4991
5687,Take Care of My Cat (Goyangileul butaghae) (2001),Drama,37288.0,4992
5688,Tully (2000),Drama,20861.0,4993
5689,Billy Bathgate (1991),Crime|Drama,12647.0,4994
5690,Grave of the Fireflies (Hotaru no haka) (1988),Animation|Drama|War,12477.0,4995
5691,Jason Goes to Hell: The Final Friday (1993),Action|Horror,10285.0,4996
5692,"Mechanic, The (1972)",Action|Thriller,19403.0,4997
5693,Saturday Night Fever (1977),Comedy|Drama|Romance,11009.0,4998
5694,Staying Alive (1983),Comedy|Drama|Musical,10805.0,4999
5696,Urban Cowboy (1980),Drama,17496.0,5000
5697,Terror Train (1980),Horror,40969.0,5001
5699,Tom Horn (1980),Western,5917.0,5002
5700,The Pumaman (1980),Action|Adventure|Fantasy|Sci-Fi,31278.0,5003
5703,Wholly Moses (1980),Comedy,33076.0,5004
5705,Xanadu (1980),Fantasy|Musical|Romance,15668.0,5005
5706,...All the Marbles (1981),Comedy|Drama,30709.0,5006
5707,Absence of Malice (1981),Drama|Romance,19429.0,5007
5710,Banana Joe (1981),Comedy,11340.0,5008
5712,Blow Out (1981),Mystery|Thriller,11644.0,5009
5714,Buddy Buddy (1981),Comedy,36133.0,5010
5715,"Burning, The (1981)",Horror,24124.0,5011
5717,Make Them Die Slowly (Cannibal Ferox) (1981),Horror,8691.0,5012
5718,Carbon Copy (1981),Comedy,53922.0,5013
5721,"Chosen, The (1981)",Drama,25773.0,5014
5722,"Goat, The (a.k.a. Knock On Wood) (Chèvre, La) (1981)",Comedy,19123.0,5015
5723,Continental Divide (1981),Comedy|Romance,26560.0,5016
5725,Man of Iron (Czlowiek z Zelaza) (1981),Drama|Romance,225.0,5017
5726,Dead & Buried (1981),Horror,24274.0,5018
5728,Death Hunt (1981),Action|Adventure|Crime|Thriller,26444.0,5019
5729,Endless Love (1981),Drama|Romance,19114.0,5020
5730,Enter the Ninja (a.k.a. Ninja I) (1981),Action|Drama,17205.0,5021
5731,"Entity, The (1981)",Horror,24740.0,5022
5732,Eye of the Needle (1981),Thriller,10863.0,5023
5733,"Eyewitness (Janitor, The) (1981)",Thriller,31679.0,5024
5734,Faces of Death 2 (1981),Documentary|Horror,15900.0,5025
5735,Faces of Death (1978),Documentary|Horror,12237.0,5026
5736,Faces of Death 3 (1985),Documentary|Horror,15901.0,5027
5737,Faces of Death 4 (1990),Documentary|Horror,15902.0,5028
5738,Faces of Death 5 (1996),Documentary|Horror,,5029
5739,Faces of Death 6 (1996),Documentary|Horror,15904.0,5030
5740,Faces of Death: Fact or Fiction? (1999),Documentary|Horror,97251.0,5031
5741,"Woman Next Door, The (Femme d'à côté, La) (1981)",Drama|Romance,12579.0,5032
5742,First Monday in October (1981),Comedy|Drama,85058.0,5033
5743,"Fort Apache, the Bronx (1981)",Action|Drama,23668.0,5034
5745,"Four Seasons, The (1981)",Comedy|Drama,25113.0,5035
5746,Galaxy of Terror (Quest) (1981),Action|Horror|Mystery|Sci-Fi,28893.0,5036
5747,Gallipoli (1981),Drama|War,11646.0,5037
5749,Ghost Story (1981),Drama|Horror,24634.0,5038
5752,Gregory's Girl (1981),Comedy|Romance,21764.0,5039
5753,Who Pulled the Plug? (Göta kanal eller Vem drog ur proppen?) (1981),Comedy,22435.0,5040
5754,"Hand, The (1981)",Drama|Horror,42149.0,5041
5755,Happy Birthday to Me (1981),Horror|Mystery,37936.0,5042
5759,"Ladies and Gentlemen, the Fabulous Stains (a.k.a. All Washed Up) (1981)",Comedy|Drama,27016.0,5043
5760,Lady Chatterley's Lover (1981),Drama|Romance,35685.0,5044
5761,"Legend of the Lone Ranger, The (1981)",Western,38665.0,5045
5762,Lili Marleen (1981),Drama,265.0,5046
5763,Lola (1981),Drama,2264.0,5047
5764,Looker (1981),Drama|Horror|Sci-Fi|Thriller,21874.0,5048
5765,"Looney, Looney, Looney Bugs Bunny Movie, The (1981)",Animation|Children|Comedy,41394.0,5049
5767,Teddy Bear (Mis) (1981),Comedy|Crime,31407.0,5050
5768,Modern Problems (1981),Comedy|Fantasy,16471.0,5051
5769,Modern Romance (1981),Comedy|Romance,63443.0,5052
5770,Ms. 45 (a.k.a. Angel of Vengeance) (1981),Crime|Drama,22171.0,5053
5771,My Bloody Valentine (1981),Drama|Horror|Thriller,39874.0,5054
5772,My Dinner with André (1981),Drama,25468.0,5055
5773,Neighbors (1981),Comedy,19507.0,5056
5777,Pennies from Heaven (1981),Musical|Romance,17450.0,5057
5778,Pieces (Mil gritos tiene la noche) (One Thousand Cries Has the Night) (1982),Horror|Mystery|Thriller,47886.0,5058
5779,Piranha II: The Spawning (1981),Horror|Sci-Fi,31646.0,5059
5780,Polyester (1981),Comedy,14269.0,5060
5781,Private Lessons (1981),Comedy,41280.0,5061
5782,"Professional, The (Le professionnel) (1981)",Action|Drama|Thriller,1672.0,5062
5783,Derrida (2002),Documentary,35935.0,5063
5784,Ghost Ship (2002),Horror,9645.0,5064
5785,Jackass: The Movie (2002),Action|Comedy|Documentary,9012.0,5065
5786,Paid in Full (2002),Action|Drama,13098.0,5066
5787,"Truth About Charlie, The (2002)",Mystery|Thriller,13440.0,5067
5788,All or Nothing (2002),Drama,12454.0,5068
5791,Frida (2002),Drama|Romance,1360.0,5069
5792,Roger Dodger (2002),Comedy|Drama,13441.0,5070
5794,Good Work (Beau travail) (1999),Drama,14626.0,5071
5796,Casino Royale (1967),Action|Adventure|Comedy,12208.0,5072
5797,"Company of Wolves, The (1984)",Fantasy|Horror,11905.0,5073
5799,Exodus (1960),Drama|Romance|War,1941.0,5074
5800,How to Murder Your Wife (1965),Comedy,26685.0,5075
5801,"Russians Are Coming, the Russians Are Coming, The (1966)",Comedy|War,31918.0,5076
5802,"World of Henry Orient, The (1964)",Comedy,19662.0,5077
5803,I Spy (2002),Action|Adventure|Comedy|Crime,8427.0,5078
5804,"Santa Clause 2, The (2002)",Children|Comedy|Fantasy|Romance,9021.0,5079
5808,"Weight of Water, The (2000)",Thriller,13526.0,5080
5809,Femme Fatale (2002),Crime|Thriller,9280.0,5081
5810,8 Mile (2002),Drama,65.0,5082
5812,Far from Heaven (2002),Drama|Romance,10712.0,5083
5813,"God is Great, I'm Not (Dieu est grand, je suis toute petite) (2001)",Comedy|Romance,27204.0,5084
5815,Half Past Dead (2002),Action|Crime|Thriller,10167.0,5085
5816,Harry Potter and the Chamber of Secrets (2002),Adventure|Fantasy,672.0,5086
5817,Ararat (2002),Drama|War,16351.0,5087
5818,"Crime of Father Amaro, The (Crimen del padre Amaro, El) (2002)",Drama|Romance,542.0,5088
5819,Interview with the Assassin (2002),Drama,36584.0,5089
5820,Standing in the Shadows of Motown (2002),Documentary|Musical,30192.0,5090
5821,"Way Home, The (Jibeuro) (2002)",Drama,33251.0,5091
5822,Mutant Action (Acción Mutante) (1993),Action|Comedy|Sci-Fi,25466.0,5092
5824,Liberty Stands Still (2002),Action|Drama|Thriller,2165.0,5093
5825,"Life and Death of Colonel Blimp, The (1943)",Drama|Romance|War,25037.0,5094
5826,Rio Grande (1950),Romance|Western,11617.0,5095
5829,Men with Brooms (2002),Comedy|Drama|Romance,34341.0,5096
5830,Mysterious Island (1961),Adventure|Sci-Fi,18993.0,5097
5832,Left Behind II: Tribulation Force (2002),Drama,29229.0,5098
5833,Dog Soldiers (2002),Action|Horror,11880.0,5099
5834,Fingers (1978),Drama,63435.0,5100
5836,Houseboat (1958),Comedy|Romance,1377.0,5101
5838,Madame Bovary (1991),Drama,2528.0,5102
5839,My Father's Glory (La gloire de mon père) (1990),Adventure|Drama,12716.0,5103
5840,"My Mother's Castle (Château de ma mère, Le) (1990)",Comedy|Drama,12717.0,5104
5841,Return to the Blue Lagoon (1991),Adventure|Romance,13888.0,5105
5842,Too Beautiful for You (Trop belle pour toi) (1989),Comedy|Drama|Romance,48524.0,5106
5843,Toy Soldiers (1991),Action|Drama,10750.0,5107
5845,"Pursuit of D.B. Cooper, The (a.k.a. Pursuit) (1981)",Adventure,45226.0,5108
5846,Raggedy Man (1981),Drama,96966.0,5109
5847,Ragtime (1981),Drama,25566.0,5110
5852,Saturday the 14th (1981),Comedy|Horror,20472.0,5111
5853,Scanners (1981),Horror|Sci-Fi|Thriller,9538.0,5112
5854,Sharky's Machine (1981),Crime|Drama|Romance,14664.0,5113
5855,Shock Treatment (1981),Comedy|Musical|Sci-Fi,27997.0,5114
5856,"Do You Remember Dolly Bell? (Sjecas li se, Dolly Bell) (1981)",Comedy|Drama|Romance,49934.0,5115
5857,So Fine (1981),Comedy,84735.0,5116
5858,"Soupe aux Choux, La (1981)",Comedy,9317.0,5117
5859,Southern Comfort (1981),Drama|Thriller|War,12528.0,5118
5862,Student Bodies (1981),Comedy|Horror,21515.0,5119
5863,Take This Job and Shove It (1981),Comedy,42371.0,5120
5864,"Tarzan, the Ape Man (1981)",Adventure,26325.0,5121
5867,Thief (1981),Crime|Drama|Thriller,11524.0,5122
5868,This Is Elvis (1981),Documentary|Drama|Musical,109264.0,5123
5869,True Confessions (1981),Crime|Drama,32077.0,5124
5872,Die Another Day (2002),Action|Adventure|Thriller,36669.0,5125
5873,The Emperor's Club (2002),Drama,17187.0,5126
5874,Friday After Next (2002),Comedy,10426.0,5127
5875,Personal Velocity (2002),Drama,32625.0,5128
5876,"Quiet American, The (2002)",Drama|Thriller|War,8198.0,5129
5878,Talk to Her (Hable con Ella) (2002),Drama|Romance,64.0,5130
5879,Eight Crazy Nights (Adam Sandler's Eight Crazy Nights) (2002),Animation|Comedy|Musical,13376.0,5131
5880,Extreme Ops (2002),Action|Adventure|Crime|Thriller,15074.0,5132
5881,Solaris (2002),Drama|Romance|Sci-Fi,2103.0,5133
5882,Treasure Planet (2002),Adventure|Animation|Children|Sci-Fi|IMAX,9016.0,5134
5883,They (2002),Horror|Thriller,16028.0,5135
5884,Chopper Chicks in Zombietown (1989),Comedy|Horror,27070.0,5136
5885,"What to Do in Case of Fire (Was tun, wenn's brennt?) (2002)",Comedy|Drama,5261.0,5137
5887,Another You (1991),Comedy,23303.0,5138
5888,Brother (Brat) (1997),Crime|Drama,20992.0,5139
5889,"Cruel Romance, A (Zhestokij Romans) (1984)",Drama|Romance,66091.0,5140
5890,Elling (2001),Comedy|Drama,6007.0,5141
5891,I Spit on Your Grave (Day of the Woman) (1978),Horror|Thriller,25239.0,5142
5893,"Last Seduction, The (1994)",Crime|Drama|Thriller,25284.0,5143
5896,New Waterford Girl (1999),Comedy,35612.0,5144
5898,"Sword and the Sorcerer, The (1982)",Action|Adventure|Fantasy,13945.0,5145
5899,Zulu (1964),Action|Drama|War,14433.0,5146
5900,Analyze That (2002),Comedy|Crime,9932.0,5147
5901,Empire (2002),Crime|Drama,13369.0,5148
5902,Adaptation (2002),Comedy|Drama|Romance,2757.0,5149
5903,Equilibrium (2002),Action|Sci-Fi|Thriller,7299.0,5150
5907,Medea (1970),Drama,26356.0,5151
5909,Visitor Q (Bizita Q) (2001),Comedy|Drama|Horror,4241.0,5152
5911,Urgh! A Music War (1981),Documentary,34113.0,5153
5912,Hit the Bank (Vabank) (1981),Comedy|Crime,22257.0,5154
5913,Warning for the Joensson Gang (Varning för Jönssonligan) (1981),Comedy|Crime,35343.0,5155
5914,"Vernon, Florida (1981)",Documentary,30142.0,5156
5915,Victory (a.k.a. Escape to Victory) (1981),Action|Drama|War,17360.0,5157
5916,Whose Life Is It Anyway? (1981),Drama,31695.0,5158
5918,Alone in the Dark (1982),Horror,40952.0,5159
5919,Android (1982),Sci-Fi,38849.0,5160
5923,Author! Author! (1982),Comedy|Drama,41760.0,5161
5924,Barbarosa (1982),Western,31665.0,5162
5925,"Beast Within, The (1982)",Horror,40219.0,5163
5926,Best Friends (1982),Comedy|Drama|Romance,45840.0,5164
5927,"Best Little Whorehouse in Texas, The (1982)",Comedy|Drama|Musical|Romance,16363.0,5165
5928,"Border, The (1982)",Drama,22023.0,5166
5930,Brimstone and Treacle (1982),Drama|Thriller,73116.0,5167
5932,Burden of Dreams (1982),Documentary,42124.0,5168
5933,Cannery Row (1982),Drama,25297.0,5169
5935,Class of 1984 (1982),Action|Drama|Thriller,11564.0,5170
5936,"Come Back to the Five and Dime, Jimmy Dean, Jimmy Dean (1982)",Drama,67772.0,5171
5937,Danton (1983),Drama,4202.0,5172
5938,Deathtrap (1982),Comedy|Crime|Mystery|Thriller,17590.0,5173
5939,"Man Who Saves the World, The (Dünyayi Kurtaran Adam) (1982)",Adventure|Sci-Fi,20787.0,5174
5940,Eating Raoul (1982),Comedy,28940.0,5175
5941,Drumline (2002),Comedy|Drama|Musical|Romance,13497.0,5176
5942,"Hot Chick, The (2002)",Comedy,11852.0,5177
5943,Maid in Manhattan (2002),Comedy|Romance,7303.0,5178
5944,Star Trek: Nemesis (2002),Action|Drama|Sci-Fi|Thriller,201.0,5179
5945,About Schmidt (2002),Comedy|Drama,2755.0,5180
5946,"Pellet (Bola, El) (2000)",Drama,33504.0,5181
5947,Evelyn (2002),Drama,21868.0,5182
5949,Intact (Intacto) (2001),Thriller,10856.0,5183
5951,Morvern Callar (2002),Drama,18602.0,5184
5952,"Lord of the Rings: The Two Towers, The (2002)",Adventure|Fantasy,121.0,5185
5953,Devils on the Doorstep (Guizi lai le) (2000),Drama|War,25838.0,5186
5954,25th Hour (2002),Crime|Drama,1429.0,5187
5955,Antwone Fisher (2002),Drama,13435.0,5188
5956,Gangs of New York (2002),Crime|Drama,3131.0,5189
5957,Two Weeks Notice (2002),Comedy|Romance,2642.0,5190
5958,"Wild Thornberrys Movie, The (2002)",Animation|Children|Comedy,14317.0,5191
5959,Narc (2002),Crime|Drama|Thriller,11022.0,5192
5960,Bad Influence (1990),Drama|Thriller,24249.0,5193
5961,Blue Steel (1990),Action|Thriller,9491.0,5194
5962,Body of Evidence (1993),Drama|Thriller,2149.0,5195
5963,"Children's Hour, The (1961)",Drama,20139.0,5196
5964,Company Business (1991),Action|Comedy,32074.0,5197
5965,"Duellists, The (1977)",Action|War,19067.0,5198
5966,"Kiss Before Dying, A (1956)",Film-Noir|Mystery,53712.0,5199
5968,Miami Blues (1990),Comedy|Crime|Drama,14931.0,5200
5969,My Girl 2 (1994),Comedy|Drama|Romance,11317.0,5201
5970,My Girl (1991),Comedy|Drama|Romance,4032.0,5202
5971,My Neighbor Totoro (Tonari no Totoro) (1988),Animation|Children|Drama|Fantasy,8392.0,5203
5972,"Road to Hong Kong, The (1962)",Comedy,31804.0,5204
5974,"Thief of Bagdad, The (1940)",Adventure|Fantasy,12232.0,5205
5975,War and Peace (1956),Drama|Romance|War,11706.0,5206
5977,Where's Poppa? (1970),Comedy,42569.0,5207
5979,Attack of the Crab Monsters (1957),Horror|Sci-Fi,26946.0,5208
5980,Black Christmas (1974),Horror|Mystery|Thriller,16938.0,5209
5981,"Day of the Triffids, The (1962)",Horror|Sci-Fi,21143.0,5210
5983,Invaders from Mars (1953),Sci-Fi,20424.0,5211
5984,"Story of O, The (Histoire d'O) (1975)",Drama|Romance,4561.0,5212
5985,Asoka (Ashoka the Great) (2001),Action|Drama|Romance,4435.0,5213
5986,Fat City (1972),Drama,16993.0,5214
5987,"Love, Honour and Obey (2000)",Comedy|Crime|Drama,18002.0,5215
5988,Quicksilver (1986),Drama,21332.0,5216
5989,Catch Me If You Can (2002),Crime|Drama,640.0,5217
5990,Pinocchio (2002),Children|Comedy|Fantasy,10599.0,5218
5991,Chicago (2002),Comedy|Crime|Drama|Musical,1574.0,5219
5992,"Hours, The (2002)",Drama|Romance,590.0,5220
5993,Max (2002),Drama,13560.0,5221
5994,Nicholas Nickleby (2002),Drama|Romance,29339.0,5222
5995,"Pianist, The (2002)",Drama|War,423.0,5223
5996,Sonny (2002),Crime|Drama,28028.0,5224
5998,Doppelganger (1993),Horror|Thriller,18773.0,5225
5999,Heavy Metal 2000 (2000),Action|Adventure|Animation|Fantasy|Sci-Fi,16225.0,5226
6000,"House on the Edge of the Park, The (Casa sperduta nel parco, La) (1980)",Horror|Thriller,28679.0,5227
6001,"King of Comedy, The (1983)",Comedy|Drama,262.0,5228
6002,Love Liza (2002),Drama,15395.0,5229
6003,Confessions of a Dangerous Mind (2002),Comedy|Crime|Drama|Thriller,4912.0,5230
6005,Blue Collar Comedy Tour: The Movie (2003),Comedy|Documentary,23626.0,5231
6006,Just Married (2003),Comedy|Romance,12090.0,5232
6008,"Son, The (Le fils) (2002)",Drama,35172.0,5233
6010,Double Whammy (2001),Action|Comedy|Drama,14390.0,5234
6012,"Guy Thing, A (2003)",Comedy|Romance,9582.0,5235
6013,Kangaroo Jack (2003),Action|Comedy,10628.0,5236
6014,National Security (2003),Action|Comedy,11078.0,5237
6016,City of God (Cidade de Deus) (2002),Action|Adventure|Crime|Drama|Thriller,598.0,5238
6017,Divine Intervention (Yadon ilaheyya) (2002),Comedy|Drama|Romance|War,99885.0,5239
6020,Alice Adams (1935),Comedy|Drama,43886.0,5240
6021,"American Friend, The (Amerikanische Freund, Der) (1977)",Crime|Drama|Mystery|Thriller,11222.0,5241
6022,American Me (1992),Drama,13199.0,5242
6023,Band of Outsiders (Bande à part) (1964),Comedy|Crime|Drama|Romance,8073.0,5243
6024,Breaking Up (1997),Comedy|Romance,26393.0,5244
6025,CB4 - The Movie (1993),Comedy,15278.0,5245
6027,Dogfight (1991),Drama|Romance,14667.0,5246
6030,Girls! Girls! Girls! (1962),Comedy|Musical,15734.0,5247
6031,Imitation of Life (1959),Drama|Romance,34148.0,5248
6032,"Little Romance, A (1979)",Comedy|Romance,20813.0,5249
6033,Mystery Date (1991),Comedy,53027.0,5250
6035,Pépé le Moko (1937),Crime|Drama|Romance,26252.0,5251
6036,Secret Admirer (1985),Comedy|Romance,24742.0,5252
6037,Summer Lovers (1982),Comedy|Drama|Romance,19415.0,5253
6038,Tune in Tomorrow... (1990),Comedy|Romance,41927.0,5254
6039,"Woman in Red, The (1984)",Comedy|Romance,5968.0,5255
6040,Darkness Falls (2003),Horror|Thriller,10727.0,5256
6041,Amen. (2002),Drama,9045.0,5257
6042,Blind Spot: Hitler's Secretary (Im toten Winkel - Hitlers Sekretärin) (2002),Documentary,9082.0,5258
6044,Blind Date (1984),Horror|Thriller,80965.0,5259
6045,Bullet (1996),Action|Crime|Drama,14469.0,5260
6047,Dead Reckoning (1947),Drama|Film-Noir|Mystery,20663.0,5261
6049,Ethan Frome (1993),Drama,61807.0,5262
6050,Gus (1976),Children|Comedy,20639.0,5263
6051,"Harder They Come, The (1973)",Action|Crime|Drama,7514.0,5264
6054,"Moon-Spinners, The (1964)",Children|Mystery,42795.0,5265
6056,Chaos (2001),Comedy|Crime|Drama,44164.0,5266
6057,Biker Boyz (2003),Action|Crime|Drama,12253.0,5267
6058,Final Destination 2 (2003),Horror|Thriller,9358.0,5268
6059,"Recruit, The (2003)",Action|Thriller,1647.0,5269
6060,"Guru, The (2002)",Comedy|Romance,9027.0,5270
6062,Lost in La Mancha (2002),Documentary,21189.0,5271
6063,May (2002),Drama|Horror,10894.0,5272
6064,"Harder They Fall, The (1956)",Drama|Film-Noir,28528.0,5273
6065,I'm All Right Jack (1959),Comedy,34783.0,5274
6066,Murder by Decree (1979),Mystery|Thriller,34374.0,5275
6067,Ordinary Decent Criminal (2000),Comedy|Crime,12490.0,5276
6070,Tokyo Decadence (Topâzu) (1992),Drama,15802.0,5277
6072,"Unfaithful Wife, The (Femme infidèle, La) (1969)",Drama|Thriller,8286.0,5278
6073,Victim (1961),Crime|Drama,43028.0,5279
6075,"Simple-Minded Murder, The (Enfaldige mördaren, Den) (1982)",Drama,24129.0,5280
6076,Enigma (1983),Drama|Sci-Fi,4628.0,5281
6077,Evil Under the Sun (1982),Crime|Drama|Mystery,4193.0,5282
6078,Firefox (1982),Action|Sci-Fi|Thriller,10724.0,5283
6081,"Never Play Clever Again (Gendarme et les gendarmettes, Le) (1982)",Comedy|Crime,11915.0,5284
6082,"Grey Fox, The (1982)",Romance|Western,42136.0,5285
6083,Hammett (1982),Crime|Mystery,28307.0,5286
6084,Honkytonk Man (1982),Comedy|Drama,37917.0,5287
6091,Labyrinth of Passion (Laberinto de Pasiones) (1982),Comedy,8219.0,5288
6092,"Last American Virgin, The (1982)",Comedy|Drama,27088.0,5289
6093,"Last Unicorn, The (1982)",Animation|Children|Fantasy,10150.0,5290
6094,Liquid Sky (1982),Comedy|Sci-Fi,20980.0,5291
6096,Making Love (1982),Drama,41913.0,5292
6099,Megaforce (1982),Action|Sci-Fi,27380.0,5293
6100,"Midsummer Night's Sex Comedy, A (1982)",Comedy|Romance,8288.0,5294
6101,Missing (1982),Drama|Mystery|Thriller,15600.0,5295
6102,"Missionary, The (1982)",Comedy,52083.0,5296
6104,Monty Python Live at the Hollywood Bowl (1982),Comedy,11949.0,5297
6105,Moonlighting (1982),Drama,42134.0,5298
6107,"Night of the Shooting Stars (Notte di San Lorenzo, La) (1982)",Drama|War,42130.0,5299
6109,One from the Heart (1982),Drama|Romance,41291.0,5300
6114,Permanent Vacation (1982),Drama,37997.0,5301
6115,Personal Best (1982),Drama,27609.0,5302
6116,"Pirate Movie, The (1982)",Adventure|Comedy|Musical,25872.0,5303
6118,Blind Chance (Przypadek) (1981),Drama,127.0,5304
6119,Santa Claus Is a Stinker (Le Père Noël est une ordure) (1982),Comedy,14645.0,5305
6120,Q: The Winged Serpent (1982),Drama|Fantasy|Horror|Sci-Fi|Thriller,27726.0,5306
6121,Querelle (1982),Drama,42135.0,5307
6122,Richard Pryor Live on the Sunset Strip (1982),Comedy|Documentary,21923.0,5308
6123,Sunless (Sans Soleil) (1983),Documentary,1563.0,5309
6124,Savannah Smiles (1982),Comedy,17132.0,5310
6125,"Secret Policeman's Other Ball, The (1982)",Comedy|Documentary|Musical,59533.0,5311
6126,"Veronika Voss (Sehnsucht der Veronika Voss, Die) (1982)",Drama,2262.0,5312
6127,Shoot the Moon (1982),Drama,52772.0,5313
6128,Six Pack (1982),Comedy|Drama,46925.0,5314
6132,"New York Ripper, The (Squartatore di New York, Lo) (1982)",Crime|Horror|Mystery|Thriller,30874.0,5315
6134,Starstruck (1982),Comedy|Musical,49409.0,5316
6135,Still of the Night (1982),Mystery|Thriller,32048.0,5317
6136,"South, The (Sur, El) (1983)",Drama|Romance,48139.0,5318
6139,Tempest (1982),Comedy|Drama,48249.0,5319
6140,Tenebre (1982),Horror|Mystery|Thriller,29702.0,5320
6141,They Call Me Bruce? (a.k.a. A Fistful of Chopsticks) (1982),Comedy,24830.0,5321
6143,Trail of the Pink Panther (1982),Comedy|Crime,9699.0,5322
6144,"Traviata, La (1982)",Drama|Musical,48561.0,5323
6147,"White Rose, The (Weiße Rose, Die) (1982)",Drama|Film-Noir,11057.0,5324
6148,White Dog (1982),Drama|Horror|Thriller,47955.0,5325
6151,Yol (a.k.a. The Way) (1982),Drama,52556.0,5326
6152,"Yor, the Hunter from the Future (1983)",Sci-Fi,38219.0,5327
6153,Zapped! (1982),Comedy|Sci-Fi,23943.0,5328
6154,Deliver Us from Eva (2003),Comedy|Romance,26454.0,5329
6155,How to Lose a Guy in 10 Days (2003),Comedy|Romance,9919.0,5330
6156,Shanghai Knights (2003),Action|Adventure|Comedy,6038.0,5331
6157,Daredevil (2003),Action|Crime,9480.0,5332
6158,"Jungle Book 2, The (2003)",Animation|Children,14873.0,5333
6159,All the Real Girls (2003),Drama|Romance,13132.0,5334
6160,Amandla! A Revolution in Four Part Harmony (2002),Documentary|Musical,22707.0,5335
6162,Gerry (2002),Adventure|Drama,1956.0,5336
6163,He Loves Me... He Loves Me Not (À la folie... pas du tout) (2002),Romance|Thriller,12112.0,5337
6166,Dennis the Menace (1993),Comedy,12139.0,5338
6168,10 to Midnight (1983),Action|Adventure|Thriller,18587.0,5339
6169,"Black Stallion Returns, The (1983)",Adventure|Children,24883.0,5340
6170,"Black Stallion, The (1979)",Adventure|Children|Drama,17264.0,5341
6173,Into the West (1992),Adventure|Children,33221.0,5342
6176,Mr. Majestyk (1974),Action|Drama,26173.0,5343
6177,Murphy's Law (1986),Action,33055.0,5344
6178,"Patch of Blue, A (1965)",Drama|Romance,33364.0,5345
6179,"Prayer for the Dying, A (1987)",Action|Drama,33851.0,5346
6180,Q & A (1990),Crime|Drama,31598.0,5347
6181,"Red Badge of Courage, The (1951)",Drama|War,59401.0,5348
6182,"Thrill of It All, The (1963)",Comedy,22233.0,5349
6183,Pillow Talk (1959),Comedy|Musical|Romance,4952.0,5350
6184,"Man Who Fell to Earth, The (1976)",Drama|Sci-Fi,991.0,5351
6185,Dark Blue (2003),Action|Crime|Drama|Thriller,4911.0,5352
6186,Gods and Generals (2003),Action|Drama|War,16072.0,5353
6187,"Life of David Gale, The (2003)",Crime|Drama|Thriller,11615.0,5354
6188,Old School (2003),Comedy,11635.0,5355
6190,"Lawless Heart, The (2003)",Comedy|Drama,77283.0,5356
6192,Open Hearts (Elsker dig for evigt) (2002),Romance,102.0,5357
6193,Poolhall Junkies (2002),Comedy|Drama|Thriller,14293.0,5358
6195,Stone Reader (2002),Documentary,105024.0,5359
6196,Cradle 2 the Grave (2003),Action|Crime|Drama|Thriller,10623.0,5360
6197,Spider (2002),Drama|Mystery,9613.0,5361
6198,American Heart (1992),Crime|Drama,7015.0,5362
6200,Insignificance (1985),Comedy|Drama,42035.0,5363
6201,Lady Jane (1986),Drama|Romance,21867.0,5364
6202,Late Marriage (Hatuna Meuheret) (2001),Comedy|Drama|Romance,49680.0,5365
6203,Life Stinks (1991),Comedy,6524.0,5366
6204,"Meteor Man, The (1993)",Comedy,11244.0,5367
6206,Seize the Day (1986),Drama,140071.0,5368
6208,Teenagers from Outer Space (1959),Horror|Sci-Fi,35139.0,5369
6210,Volcano High (Whasango) (2001),Action|Comedy,23834.0,5370
6211,Ten (2002),Drama,14633.0,5371
6212,Bringing Down the House (2003),Comedy,10678.0,5372
6213,Tears of the Sun (2003),Action|Drama|Thriller,9567.0,5373
6214,Irreversible (Irréversible) (2002),Crime|Drama|Mystery|Thriller,979.0,5374
6215,Laurel Canyon (2002),Drama,13819.0,5375
6216,Nowhere in Africa (Nirgendwo in Afrika) (2001),Drama,1591.0,5376
6217,"Safety of Objects, The (2001)",Drama,24186.0,5377
6218,Bend It Like Beckham (2002),Comedy|Drama|Romance,455.0,5378
6219,"Hunted, The (2003)",Action|Drama|Thriller,10632.0,5379
6220,Willard (2003),Drama|Horror|Thriller,10929.0,5380
6221,Gaudi Afternoon (2001),Comedy|Drama|Mystery,170400.0,5381
6222,Prozac Nation (2001),Drama,16229.0,5382
6223,Spun (2001),Comedy|Crime|Drama,12079.0,5383
6225,King of Kings (1961),Drama,36362.0,5384
6226,"Lost Honor of Katharina Blum, The (Verlorene Ehre der Katharina Blum oder: Wie Gewalt entstehen und wohin sie führen kann, Die) (1975)",Drama,4762.0,5385
6228,"Talk of the Town, The (1942)",Comedy|Romance|Thriller,23159.0,5386
6229,Two-Lane Blacktop (1971),Drama,27236.0,5387
6230,Bang the Drum Slowly (1973),Drama,42459.0,5388
6231,"Benny Goodman Story, The (1955)",Drama|Musical,43261.0,5389
6232,Born Free (1966),Adventure|Children|Drama,15347.0,5390
6233,Born Yesterday (1993),Comedy|Romance,44968.0,5391
6234,Equus (1977),Drama|Mystery,37258.0,5392
6235,Europa Europa (Hitlerjunge Salomon) (1990),Drama|War,8996.0,5393
6236,Fear Strikes Out (1957),Drama,125413.0,5394
6237,"Glenn Miller Story, The (1953)",Drama,17729.0,5395
6238,Green Card (1990),Comedy|Drama|Romance,12157.0,5396
6239,Journey to the Center of the Earth (1959),Adventure|Children|Sci-Fi,11571.0,5397
6240,One Good Cop (1991),Action|Crime|Drama,71142.0,5398
6241,Pauline at the Beach (Pauline à la Plage) (1983),Comedy|Drama|Romance,10293.0,5399
6242,Ringu (Ring) (1998),Horror|Mystery|Thriller,2671.0,5400
6243,Ringu 2 (Ring 2) (1999),Horror|Mystery,9669.0,5401
6244,Salaam Bombay! (1988),Drama,45129.0,5402
6245,Sweet Charity (1969),Comedy|Drama|Musical|Romance,42618.0,5403
6247,Women in Love (1969),Drama|Romance,66027.0,5404
6248,Japon (a.k.a. Japan) (Japón) (2002),Drama,36211.0,5405
6249,Boat Trip (2003),Comedy,9557.0,5406
6250,Dreamcatcher (2003),Drama|Horror|Sci-Fi|Thriller,6171.0,5407
6251,Piglet's Big Movie (2003),Animation|Children,13691.0,5408
6252,View from the Top (2003),Comedy|Romance,11523.0,5409
6254,"Awful Truth, The (1937)",Comedy|Romance,14675.0,5410
6255,"Bible, The (a.k.a. Bible... In the Beginning, The) (1966)",Drama,2525.0,5411
6257,I Am Curious (Yellow) (Jag är nyfiken - en film i gult) (1967),Drama,42695.0,5412
6258,"Dames du Bois de Boulogne, Les (Ladies of the Bois de Boulogne, The) (Ladies of the Park) (1945)",Drama|Romance,49845.0,5413
6259,My Friend Flicka (1943),Children|Western,18992.0,5414
6260,"Robe, The (1953)",Drama,29912.0,5415
6261,Wind (1992),Action|Romance,28881.0,5416
6263,Basic (2003),Drama|Thriller|War,10782.0,5417
6264,"Core, The (2003)",Action|Drama|Sci-Fi|Thriller,9341.0,5418
6265,Head of State (2003),Comedy,9776.0,5419
6266,What a Girl Wants (2003),Comedy|Drama|Romance,10735.0,5420
6267,Assassination Tango (2002),Drama|Thriller,16425.0,5421
6268,Raising Victor Vargas (2002),Comedy|Drama|Romance,25461.0,5422
6269,Stevie (2002),Documentary,51927.0,5423
6270,Akira Kurosawa's Dreams (Dreams) (1990),Drama|Fantasy,12516.0,5424
6271,Day for Night (La Nuit Américaine) (1973),Comedy|Drama|Romance,1675.0,5425
6272,Eye of God (1997),Drama,62184.0,5426
6273,In a Lonely Place (1950),Drama|Film-Noir|Mystery|Romance,17057.0,5427
6279,"Good Thief, The (2002)",Crime|Drama,6016.0,5428
6280,"Man Apart, A (2003)",Action|Crime|Drama|Thriller,8409.0,5429
6281,Phone Booth (2002),Drama|Thriller,1817.0,5430
6283,Cowboy Bebop: The Movie (Cowboy Bebop: Tengoku no Tobira) (2001),Action|Animation|Sci-Fi|Thriller,11299.0,5431
6285,Levity (2003),Drama,21052.0,5432
6286,"Man Without a Past, The (Mies vailla menneisyyttä) (2002)",Comedy|Crime|Drama,7294.0,5433
6287,Anger Management (2003),Comedy,9506.0,5434
6288,Better Luck Tomorrow (2002),Crime|Drama,14290.0,5435
6289,Ghosts of the Abyss (2003),Documentary|IMAX,24982.0,5436
6290,House of 1000 Corpses (2003),Horror,2662.0,5437
6291,Lilya 4-Ever (Lilja 4-ever) (2002),Crime|Drama,12093.0,5438
6293,XX/XY (2002),Drama|Romance,42383.0,5439
6294,Bulletproof Monk (2003),Action|Adventure|Sci-Fi,11817.0,5440
6295,Chasing Papi (a.k.a. Papi Chulo) (2003),Comedy,24621.0,5441
6296,"Mighty Wind, A (2003)",Comedy|Musical,13370.0,5442
6297,Holes (2003),Adventure|Children|Comedy|Mystery,8326.0,5443
6298,Malibu's Most Wanted (2003),Comedy|Crime,13411.0,5444
6299,"Winged Migration (Peuple migrateur, Le) (2001)",Documentary,11516.0,5445
6300,Flickering Lights (Blinkende lygter) (2000),Action|Comedy|Crime,10180.0,5446
6301,Straw Dogs (1971),Drama|Thriller,994.0,5447
6303,"Andromeda Strain, The (1971)",Mystery|Sci-Fi,10514.0,5448
6304,Brainscan (1994),Comedy|Horror|Sci-Fi|Thriller,14237.0,5449
6305,Fahrenheit 451 (1966),Drama|Sci-Fi,1714.0,5450
6306,I Am Trying to Break Your Heart (2002),Documentary,14308.0,5451
6308,Legal Eagles (1986),Comedy|Crime|Romance,9930.0,5452
6311,"Other Side of Heaven, The (2001)",Adventure|Drama,16651.0,5453
6312,"Private Function, A (1984)",Comedy,57565.0,5454
6313,Sibling Rivalry (1990),Comedy,108553.0,5455
6314,Undercover Blues (1993),Comedy|Crime,12661.0,5456
6315,Wildcats (1986),Comedy,29355.0,5457
6316,"Wiz, The (1978)",Adventure|Children|Comedy|Fantasy|Musical,24961.0,5458
6318,"Marrying Man, The (Too Hot to Handle) (1991)",Comedy|Romance,31633.0,5459
6319,"My Father the Hero (Mon père, ce héros.) (1991)",Comedy|Drama,20978.0,5460
6320,Scenes from a Mall (1991),Comedy,47762.0,5461
6321,Stella (1990),Drama,47329.0,5462
6322,Confidence (2003),Crime|Thriller,10743.0,5463
6323,Identity (2003),Crime|Horror|Mystery|Thriller,2832.0,5464
6324,It Runs in the Family (2003),Comedy|Drama,31459.0,5465
6325,"Real Cancun, The (2003)",Documentary,19153.0,5466
6326,City of Ghosts (2002),Crime|Drama|Thriller,31932.0,5467
6327,"Decade Under the Influence, A (2003)",Documentary,38868.0,5468
6329,Manic (2001),Drama,15098.0,5469
6330,People I Know (2002),Crime|Drama,11458.0,5470
6331,Spellbound (2002),Documentary,16636.0,5471
6332,"Lizzie McGuire Movie, The (2003)",Children|Comedy|Romance,18736.0,5472
6333,X2: X-Men United (2003),Action|Adventure|Sci-Fi|Thriller,36658.0,5473
6334,Blue Car (2002),Drama,46989.0,5474
6335,"Dancer Upstairs, The (2002)",Crime|Drama|Thriller,20689.0,5475
6337,Owning Mahowny (2003),Crime|Drama|Thriller,15394.0,5476
6338,Daddy Day Care (2003),Children|Comedy,10708.0,5477
6339,"Man on the Train (Homme du train, L') (2002)",Comedy|Drama,22016.0,5478
6341,"Shape of Things, The (2003)",Drama,22958.0,5479
6342,"Trip, The (2002)",Comedy|Drama|Romance,15850.0,5480
6344,101 Reykjavik (101 Reykjavík) (2000),Comedy|Drama|Romance,10989.0,5481
6345,"Chorus Line, A (1985)",Comedy|Drama|Musical,1816.0,5482
6346,Absolute Beginners (1986),Musical,42017.0,5483
6347,Beat Street (1984),Drama|Musical,17667.0,5484
6348,Breakin' 2: Electric Boogaloo (1984),Musical,17464.0,5485
6349,Breakin' (1984),Drama|Musical,15259.0,5486
6350,Laputa: Castle in the Sky (Tenkû no shiro Rapyuta) (1986),Action|Adventure|Animation|Children|Fantasy|Sci-Fi,10515.0,5487
6351,Hysterical Blindness (2002),Drama,45069.0,5488
6352,Lambada (1990),Drama,117269.0,5489
6355,"Girls, Les (1957)",Musical,43232.0,5490
6356,Gunfight at the O.K. Corral (1957),Western,22201.0,5491
6357,High Society (1956),Comedy|Musical|Romance,11424.0,5492
6358,Kiss Me Kate (1953),Comedy|Musical|Romance,34857.0,5493
6365,"Matrix Reloaded, The (2003)",Action|Adventure|Sci-Fi|Thriller|IMAX,604.0,5494
6366,Dracula: Pages from a Virgin's Diary (2001),Horror|Mystery,55616.0,5495
6367,Down with Love (2003),Comedy|Romance,10720.0,5496
6368,Cinemania (2002),Documentary,51230.0,5497
6370,"Spanish Apartment, The (L'auberge espagnole) (2002)",Comedy|Drama|Romance,1555.0,5498
6371,Pokémon Heroes (2003),Animation|Children,33875.0,5499
6373,Bruce Almighty (2003),Comedy|Drama|Fantasy|Romance,310.0,5500
6374,"In-Laws, The (2003)",Comedy,5146.0,5501
6375,Gigantic (A Tale of Two Johns) (2002),Documentary,30055.0,5502
6376,Respiro (2002),Comedy|Drama,12544.0,5503
6377,Finding Nemo (2003),Adventure|Animation|Children|Comedy,12.0,5504
6378,"Italian Job, The (2003)",Action|Crime,9654.0,5505
6379,Wrong Turn (2003),Horror|Thriller,9902.0,5506
6380,Capturing the Friedmans (2003),Documentary,2260.0,5507
6382,Together (Han ni Zai Yiki) (2002),Drama,18385.0,5508
6383,"2 Fast 2 Furious (Fast and the Furious 2, The) (2003)",Action|Crime|Thriller,584.0,5509
6385,Whale Rider (2002),Drama,1088.0,5510
6386,Nevada Smith (1966),Western,5921.0,5511
6387,Once a Thief (Zong heng si hai) (1991),Action|Comedy|Crime|Thriller,47423.0,5512
6390,Silk Stockings (1957),Musical,43239.0,5513
6391,Snowball Express (1972),Children|Comedy,32140.0,5514
6392,"Man Called Horse, A (1970)",Adventure|Drama|Western,14676.0,5515
6394,Big Jake (1971),Western,21717.0,5516
6395,"Crazies, The (a.k.a. Code Name: Trixie) (1973)",Action|Drama|Horror|Sci-Fi|Thriller,29425.0,5517
6396,Dementia 13 (1963),Horror|Thriller,28503.0,5518
6398,Le Mans (1971),Action|Adventure,5920.0,5519
6400,Murder on a Sunday Morning (Un coupable idéal) (2001),Documentary,51391.0,5520
6401,Rio Lobo (1970),Adventure|Romance|War|Western,26593.0,5521
6403,"Swimmer, The (1968)",Drama,33564.0,5522
6404,"White Sheik, The (Sceicco bianco, Lo) (1952)",Comedy|Romance,43361.0,5523
6405,Treasure Island (1950),Adventure|Children,6646.0,5524
6406,Two Evil Eyes (1990),Horror,29514.0,5525
6407,"Walk, Don't Run (1966)",Comedy|Romance,38720.0,5526
6408,Animals are Beautiful People (1974),Comedy|Documentary,147729.0,5527
6409,Bend of the River (1952),Western,38732.0,5528
6410,Car Wash (1976),Comedy,15462.0,5529
6412,Destry Rides Again (1939),Comedy|Western,43828.0,5530
6413,"Electric Horseman, The (1979)",Comedy|Western,11145.0,5531
6414,Gay Purr-ee (1962),Animation|Children|Musical,32328.0,5532
6416,King Rat (1965),Drama|War,29586.0,5533
6419,Mr. & Mrs. Bridge (1990),Drama,111815.0,5534
6422,Shenandoah (1965),Drama|War|Western,21027.0,5535
6423,Straight Talk (1992),Comedy,37264.0,5536
6424,Oscar (1991),Comedy|Crime|Mystery|Romance,11890.0,5537
6425,"6th Man, The (Sixth Man, The) (1997)",Comedy,36807.0,5538
6426,"Far Country, The (1954)",Western,18721.0,5539
6427,"Railway Children, The (1970)",Children|Drama,37662.0,5540
6428,Two Mules for Sister Sara (1970),Comedy|War|Western,11916.0,5541
6429,Winchester '73 (1950),Western,14551.0,5542
6430,Ziggy Stardust and the Spiders from Mars (1973),Documentary|Musical,34759.0,5543
6432,"Courtship of Eddie's Father, The (1963)",Comedy,42986.0,5544
6433,"Man with the Movie Camera, The (Chelovek s kino-apparatom) (1929)",Documentary,26317.0,5545
6436,This Boy's Life (1993),Drama,8092.0,5546
6437,13 Rue Madeleine (1947),Thriller|War,18200.0,5547
6440,Barton Fink (1991),Drama|Thriller,290.0,5548
6441,Battle of Britain (1969),War,11463.0,5549
6442,Belle époque (1992),Comedy|Romance,2470.0,5550
6445,Cloak and Dagger (1946),Drama|Romance,44043.0,5551
6446,"Comancheros, The (1961)",Action|Adventure|Drama|Romance,30462.0,5552
6448,"Flight of the Phoenix, The (1965)",Action|Adventure|Drama,10243.0,5553
6449,From the Terrace (1960),Drama,42541.0,5554
6450,"Heaven Knows, Mr. Allison (1957)",Drama|War,37103.0,5555
6451,"Hot Rock, The (1972)",Comedy|Crime,46059.0,5556
6452,"Long, Hot Summer, The (1958)",Drama,40085.0,5557
6453,Man of Aran (1934),Documentary,47684.0,5558
6454,Music Box (1989),Drama,2263.0,5559
6455,North to Alaska (1960),Comedy|Western,6523.0,5560
6457,Sink the Bismark! (1960),Action|Drama|War,18780.0,5561
6458,"Blue Max, The (1966)",Adventure|Drama|War,19728.0,5562
6459,"Desert Fox, The (1951)",Drama|War,26205.0,5563
6460,"Trial, The (Procès, Le) (1962)",Drama,3009.0,5564
6461,"Unforgiven, The (1960)",Drama|Western,6643.0,5565
6462,"Undefeated, The (1969)",Western,18972.0,5566
6464,Good Burger (1997),Children|Comedy,14817.0,5567
6466,Mississippi Masala (1991),Drama|Romance,41791.0,5568
6467,Quai des Orfèvres (Jenny Lamour) (1947),Crime|Drama,49842.0,5569
6468,"Stranger Among Us, A (1992)",Crime|Drama|Romance,41670.0,5570
6469,Cahill U.S. Marshal (Cahill: United States Marshal) (Wednesday Morning) (1973),Western,30708.0,5571
6470,Chisum (1970),Western,38765.0,5572
6473,Half Moon Street (1986),Drama|Thriller,36372.0,5573
6475,Opportunity Knocks (1990),Comedy,24073.0,5574
6476,Shattered (1991),Mystery|Thriller,2071.0,5575
6477,"Song of Bernadette, The (1943)",Drama,43516.0,5576
6478,"Life and Times of Judge Roy Bean, The (1972)",Comedy|Western,33638.0,5577
6480,Thoroughly Modern Millie (1967),Comedy|Musical,32489.0,5578
6481,Where the Heart Is (1990),Comedy|Drama,48864.0,5579
6482,Dumb and Dumberer: When Harry Met Lloyd (2003),Comedy,10152.0,5580
6483,From Justin to Kelly (2003),Musical|Romance,31246.0,5581
6484,Hollywood Homicide (2003),Action|Crime|Drama,11375.0,5582
6485,Rugrats Go Wild! (2003),Adventure|Animation|Children|Comedy,20694.0,5583
6486,"Hard Word, The (2002)",Comedy|Crime|Drama|Thriller,16311.0,5584
6488,Jet Lag (Décalage horaire) (2002),Comedy|Romance,18300.0,5585
6493,Alex and Emma (2003),Comedy|Drama|Romance,17813.0,5586
6495,Experiment in Terror (1962),Crime|Thriller,42995.0,5587
6497,Is Paris Burning? (Paris brûle-t-il?) (1966),Drama|War,4708.0,5588
6498,Murphy's War (1971),War,35068.0,5589
6500,"Satanic Rites of Dracula, The (1974)",Horror,35669.0,5590
6502,28 Days Later (2002),Action|Horror|Sci-Fi,170.0,5591
6503,Charlie's Angels: Full Throttle (2003),Action|Adventure|Comedy|Crime|Thriller,9471.0,5592
6505,Ed and His Dead Mother (1993),Comedy|Horror,44562.0,5593
6506,Fulltime Killer (Chuen jik sat sau) (2001),Action|Thriller,9581.0,5594
6508,"Bank, The (2001)",Thriller,15486.0,5595
6509,Ali: Fear Eats the Soul (Angst essen Seele auf) (1974),Drama|Romance,216.0,5596
6510,"Bodies, Rest & Motion (1993)",Drama|Romance,47676.0,5597
6513,Made for Each Other (1939),Comedy|Drama|Romance,18569.0,5598
6515,You Only Live Once (1937),Crime|Film-Noir,52758.0,5599
6516,Anastasia (1956),Drama,38171.0,5600
6517,"Babe, The (1992)",Drama,61225.0,5601
6518,Flight of the Intruder (1991),Action|War,18886.0,5602
6519,Fun with Dick and Jane (1977),Comedy,24109.0,5603
6520,Knights of the Round Table (1953),Adventure|Drama,19957.0,5604
6521,"Main Event, The (1979)",Comedy,42176.0,5605
6522,Man's Favorite Sport? (1964),Comedy,39231.0,5606
6523,Mr. Baseball (1992),Comedy|Romance,18722.0,5607
6524,Never on Sunday (Pote tin Kyriaki) (1960),Comedy|Drama,43039.0,5608
6525,Nuts (1987),Drama,40634.0,5609
6526,Rhapsody in August (Hachi-gatsu no kyôshikyoku) (1991),Drama,20645.0,5610
6527,Scaramouche (1952),Adventure|Romance,33454.0,5611
6528,Start the Revolution Without Me (1970),Comedy,19753.0,5612
6530,"Tenant, The (Locataire, Le) (1976)",Drama|Horror|Mystery|Thriller,11482.0,5613
6531,"Hour of the Pig, The (1993)",Crime|Drama|Mystery,70912.0,5614
6533,"What's Up, Doc? (1972)",Comedy,6949.0,5615
6534,Hulk (2003),Action|Adventure|Sci-Fi,1927.0,5616
6535,"Legally Blonde 2: Red, White & Blonde (2003)",Comedy,10327.0,5617
6536,Sinbad: Legend of the Seven Seas (2003),Adventure|Animation|Children|Fantasy,14411.0,5618
6537,Terminator 3: Rise of the Machines (2003),Action|Adventure|Sci-Fi,296.0,5619
6538,Swimming Pool (2003),Drama|Mystery|Thriller,302.0,5620
6539,Pirates of the Caribbean: The Curse of the Black Pearl (2003),Action|Adventure|Comedy|Fantasy,22.0,5621
6541,"League of Extraordinary Gentlemen, The (a.k.a. LXG) (2003)",Action|Fantasy|Sci-Fi,8698.0,5622
6542,"Cuckoo, The (Kukushka) (2002)",Comedy|Drama|War,554.0,5623
6544,"Housekeeper, The (femme de ménage, Une) (2002)",Comedy|Drama|Romance,34840.0,5624
6545,I Capture the Castle (2003),Drama|Romance,17920.0,5625
6547,Northfork (2003),Drama|Fantasy,32235.0,5626
6548,Bad Boys II (2003),Action|Comedy|Crime|Thriller,8961.0,5627
6549,How to Deal (2003),Comedy|Drama|Romance,17403.0,5628
6550,Johnny English (2003),Action|Comedy|Thriller,9486.0,5629
6551,"Anarchist Cookbook, The (2002)",Comedy|Romance,20439.0,5630
6552,Dirty Pretty Things (2002),Crime|Drama|Thriller,3472.0,5631
6554,Garage Days (2002),Comedy|Musical,25921.0,5632
6557,Born to Be Wild (1995),Adventure|Children|Comedy|Drama,68927.0,5633
6558,Curly Sue (1991),Comedy|Drama,11894.0,5634
6559,Little Giants (1994),Children|Comedy,20726.0,5635
6560,Loose Cannons (1990),Action|Comedy,24558.0,5636
6561,"Mouse That Roared, The (1959)",Comedy|War,12649.0,5637
6562,Spencer's Mountain (1963),Comedy|Drama,44916.0,5638
6563,Masked & Anonymous (2003),Comedy|Drama,24356.0,5639
6564,Lara Croft Tomb Raider: The Cradle of Life (2003),Action|Adventure|Comedy|Romance|Thriller,1996.0,5640
6565,Seabiscuit (2003),Drama,4464.0,5641
6566,Spy Kids 3-D: Game Over (2003),Action|Adventure|Children,12279.0,5642
6567,Buffalo Soldiers (2001),Comedy|Crime|Drama|War,9104.0,5643
6568,Camp (2003),Comedy|Musical,33339.0,5644
6571,"Mondays in the Sun (Lunes al sol, Los) (2002)",Drama,54580.0,5645
6572,Scorched (2003),Comedy|Crime,4613.0,5646
6573,Avanti! (1972),Comedy|Drama,12530.0,5647
6574,Eve of Destruction (1991),Action|Sci-Fi|Thriller,45096.0,5648
6575,Gator (1976),Action|Drama,21882.0,5649
6576,Juggernaut (1974),Action|Thriller,29805.0,5650
6577,Kickboxer 2: The Road Back (1991),Action|Drama,24993.0,5651
6578,"Kiss Me, Stupid (1964)",Comedy,53021.0,5652
6579,"One, Two, Three (1961)",Comedy,430.0,5653
6581,"Private Life of Sherlock Holmes, The (1970)",Comedy|Drama|Mystery,5185.0,5654
6582,Remo Williams: The Adventure Begins (1985),Action|Comedy|Crime|Thriller,10553.0,5655
6583,"Blood of Heroes, The (Salute of the Jugger, The) (1989)",Action|Sci-Fi,21512.0,5656
6584,"What's Up, Tiger Lily? (1966)",Adventure|Comedy|Crime|Thriller,21449.0,5657
6585,White Lightning (1973),Action|Crime|Drama,4984.0,5658
6586,American Wedding (American Pie 3) (2003),Comedy,8273.0,5659
6587,Gigli (2003),Comedy|Crime|Romance,8046.0,5660
6588,And Now... Ladies and Gentlemen... (2002),Romance|Thriller,50350.0,5661
6591,"Magdalene Sisters, The (2002)",Drama,8094.0,5662
6592,"Secret Lives of Dentists, The (2002)",Drama,26195.0,5663
6593,Freaky Friday (2003),Children|Comedy|Fantasy,10330.0,5664
6595,S.W.A.T. (2003),Action|Thriller,9257.0,5665
6596,"Divorce, Le (2003)",Comedy|Drama|Romance,9499.0,5666
6597,"Princess Blade, The (Shura Yukihime) (2001)",Action|Sci-Fi,17180.0,5667
6598,Step Into Liquid (2002),Documentary,15292.0,5668
6599,Accattone (1961),Drama,12491.0,5669
6600,...And God Spoke (1993),Comedy,41660.0,5670
6601,Big Trouble (1986),Comedy,78041.0,5671
6602,Brain Damage (1988),Comedy|Horror,27814.0,5672
6603,"Double Life, A (1947)",Crime|Drama|Film-Noir,41206.0,5673
6604,Hawks and Sparrows (Uccellacci e Uccellini) (1966),Comedy,33954.0,5674
6609,"Gospel According to St. Matthew, The (Vangelo secondo Matteo, Il) (1964)",Drama,24192.0,5675
6610,"Honeymoon Killers, The (1970)",Crime|Thriller,10237.0,5676
6611,Umberto D. (1952),Drama,833.0,5677
6612,Brother's Keeper (1992),Documentary,26755.0,5678
6613,"Day of the Dolphin, The (1973)",Drama,42470.0,5679
6614,I Love You to Death (1990),Comedy|Crime,3101.0,5680
6615,Freddy vs. Jason (2003),Action|Horror|Thriller,6466.0,5681
6616,Grind (2003),Action|Comedy,20210.0,5682
6617,Open Range (2003),Western,2055.0,5683
6618,Shaolin Soccer (Siu lam juk kau) (2001),Action|Comedy,11770.0,5684
6619,Uptown Girls (2003),Comedy,14926.0,5685
6620,American Splendor (2003),Comedy|Drama,2771.0,5686
6624,Agent Cody Banks (2003),Action|Adventure|Children|Fantasy,10923.0,5687
6625,Camp Nowhere (1994),Adventure|Children|Comedy,17745.0,5688
6628,Hot Dog... The Movie (1984),Comedy,21989.0,5689
6629,House of Wax (1953),Crime|Horror|Mystery|Thriller,18573.0,5690
6630,"Inn of the Sixth Happiness, The (1958)",Adventure|Drama,37451.0,5691
6631,Man's Best Friend (1993),Horror|Sci-Fi|Thriller,41759.0,5692
6635,"Rachel Papers, The (1989)",Drama|Romance,41944.0,5693
6636,"Sure Thing, The (1985)",Comedy|Romance,8992.0,5694
6638,Valley Girl (1983),Comedy|Romance,19053.0,5695
6639,Wait Until Dark (1967),Drama|Thriller,11206.0,5696
6641,Code Unknown (Code inconnu: Récit incomplet de divers voyages) (2000),Drama,30970.0,5697
6642,Showdown in Little Tokyo (1991),Action|Crime,13154.0,5698
6643,Tokyo Story (Tôkyô monogatari) (1953),Drama,18148.0,5699
6644,"Green Ray, The (Rayon vert, Le) (1986)",Drama|Romance,54898.0,5700
6645,THX 1138 (1971),Action|Adventure|Drama|Sci-Fi,636.0,5701
6646,Valley of the Dolls (1967),Drama,3055.0,5702
6649,Tunes of Glory (1960),Drama,43048.0,5703
6650,Kind Hearts and Coronets (1949),Comedy|Drama,11898.0,5704
6651,Ash Wednesday (2002),Crime|Drama,26225.0,5705
6652,Joe Kidd (1972),Western,14881.0,5706
6653,"Keep, The (1983)",Horror|Thriller,26198.0,5707
6657,"Beast from 20,000 Fathoms, The (1953)",Sci-Fi,35073.0,5708
6658,10 (1979),Comedy|Romance,9051.0,5709
6659,Tremors (1990),Comedy|Horror|Sci-Fi,9362.0,5710
6660,"Red Shoes, The (1948)",Drama|Fantasy|Musical|Romance,19542.0,5711
6662,"Pink Panther, The (1963)",Comedy|Crime,936.0,5712
6663,"Pink Panther Strikes Again, The (1976)",Comedy|Crime,12268.0,5713
6664,Commando (1985),Action|Adventure,10999.0,5714
6665,Dracula (1979),Horror|Romance,33521.0,5715
6666,"Discreet Charm of the Bourgeoisie, The (Charme discret de la bourgeoisie, Le) (1972)",Comedy|Drama|Fantasy,4593.0,5716
6667,Waco: The Rules of Engagement (1997),Documentary,34044.0,5717
6668,"Road Home, The (Wo de fu qin mu qin) (1999)",Drama|Romance,12276.0,5718
6669,Ikiru (1952),Drama,3782.0,5719
6670,Comic Book Villains (2002),Comedy,36629.0,5720
6671,"Angel at My Table, An (1990)",Drama,2891.0,5721
6672,War Photographer (2001),Documentary|War,12722.0,5722
6676,Incident at Oglala (1992),Documentary,26246.0,5723
6678,"Handmaid's Tale, The (1990)",Drama|Sci-Fi,20815.0,5724
6679,Revolution OS (2001),Documentary,19433.0,5725
6680,Live Nude Girls Unite! (2000),Documentary,99006.0,5726
6681,All the Little Animals (1998),Drama|Thriller,48464.0,5727
6682,Earth (1998),Drama|War,7504.0,5728
6683,Fire (1996),Drama,513.0,5729
6684,Death in Venice (Morte a Venezia) (1971),Drama|Romance,6619.0,5730
6685,Marci X (2003),Comedy|Musical,32316.0,5731
6686,"Medallion, The (2003)",Action|Comedy|Crime|Fantasy,10610.0,5732
6687,My Boss's Daughter (2003),Comedy|Romance,2830.0,5733
6689,"Battle of Shaker Heights, The (2003)",Comedy|Drama|Romance,21413.0,5734
6690,Don't Tempt Me (Sin noticias de Dios) (2001),Comedy|Fantasy|Mystery,38874.0,5735
6692,Stoked: The Rise and Fall of Gator (2002),Documentary,33255.0,5736
6695,Jeepers Creepers 2 (2003),Horror|Thriller,11351.0,5737
6696,Bollywood/Hollywood (2002),Comedy|Drama|Musical|Romance,333.0,5738
6699,Once Upon a Time in the Midlands (2002),Drama,22200.0,5739
6700,"Other Side of the Bed, The (Otro lado de la cama, El) (2002)",Comedy|Drama|Musical|Romance,2722.0,5740
6701,Zero Day (2002),Drama,27090.0,5741
6702,Dickie Roberts: Former Child Star (2003),Comedy,13778.0,5742
6703,"Order, The (2003)",Horror|Mystery|Thriller,9616.0,5743
6704,Home Room (2002),Drama,55015.0,5744
6705,Party Monster (2003),Comedy|Crime|Drama|Thriller,1415.0,5745
6707,Cabin Fever (2002),Horror|Thriller,11547.0,5746
6708,Matchstick Men (2003),Comedy|Crime|Drama,7270.0,5747
6709,Once Upon a Time in Mexico (2003),Action|Adventure|Crime|Thriller,1428.0,5748
6710,Dummy (2002),Comedy|Drama|Romance,17906.0,5749
6711,Lost in Translation (2003),Comedy|Drama|Romance,153.0,5750
6713,Millennium Actress (Sennen joyû) (2001),Animation|Drama|Romance,33320.0,5751
6714,So Close (Chik Yeung Tin Sai) (2002),Action|Comedy|Romance|Thriller,15136.0,5752
6717,Enlightenment Guaranteed (Erleuchtung Garantiert) (2000),Comedy|Drama,29507.0,5753
6718,Gotcha! (1985),Comedy,27590.0,5754
6720,Kuffs (1992),Action|Comedy|Crime,14603.0,5755
6721,Once Upon a Time in China (Wong Fei Hung) (1991),Action|Adventure|Drama,10617.0,5756
6722,Once Upon a Time in China II (Wong Fei-hung Ji Yi: Naam yi dong ji keung) (1992),Action|Romance,10618.0,5757
6723,Once Upon a Time in China III (Wong Fei-hung tsi sam: Siwong tsangba) (1993),Action,10619.0,5758
6724,Paper Moon (1973),Comedy|Crime|Drama,11293.0,5759
6725,Sgt. Pepper's Lonely Hearts Club Band (1978),Adventure|Musical,36759.0,5760
6727,Targets (1968),Crime|Thriller,19383.0,5761
6730,Convoy (1978),Action|Comedy|Drama,9584.0,5762
6731,Day of the Dead (1985),Horror|Sci-Fi|Thriller,8408.0,5763
6732,"Hello, Dolly! (1969)",Comedy|Musical|Romance,14030.0,5764
6734,Memoirs of an Invisible Man (1992),Comedy|Romance|Sci-Fi|Thriller,2687.0,5765
6735,"Rose, The (1979)",Drama,16323.0,5766
6736,See No Evil (1971),Crime|Drama|Horror|Thriller,39859.0,5767
6740,Bingo (1991),Adventure|Comedy,16790.0,5768
6741,God told Me To (1976),Crime|Horror|Mystery|Sci-Fi|Thriller,31579.0,5769
6743,Jungle Book (1942),Adventure|Fantasy,23033.0,5770
6744,Once Bitten (1985),Comedy|Horror,19064.0,5771
6745,"Shrimp on the Barbie, The (1990)",Comedy,34564.0,5772
6746,Squirm (1976),Horror|Romance,25241.0,5773
6747,"Adventures of Huckleberry Finn, The (1960)",Adventure|Children,43041.0,5774
6748,"Brood, The (1979)",Horror,28942.0,5775
6749,"Prince and the Pauper, The (1937)",Adventure|Drama,37025.0,5776
6750,Anything Else (2003),Comedy|Drama|Romance,10739.0,5777
6751,Cold Creek Manor (2003),Drama|Thriller,12767.0,5778
6752,"Fighting Temptations, The (2003)",Drama,22309.0,5779
6753,Secondhand Lions (2003),Children|Comedy|Drama,13156.0,5780
6754,Underworld (2003),Action|Fantasy|Horror,277.0,5781
6755,Bubba Ho-tep (2002),Comedy|Horror,9707.0,5782
6756,Casa de los babys (2003),Drama,38244.0,5783
6757,Demonlover (2002),Crime|Drama|Mystery|Thriller,24488.0,5784
6759,Close Your Eyes (Hypnotic) (Doctor Sleep) (2002),Crime|Thriller,20321.0,5785
6760,In This World (2002),Adventure|Drama,36791.0,5786
6761,Tibet: Cry of the Snow Lion (2002),Documentary,61401.0,5787
6762,Yossi & Jagger (2002),Drama|Romance,17614.0,5788
6763,Duplex (2003),Comedy|Crime,7288.0,5789
6764,"Rundown, The (2003)",Action|Adventure|Comedy,10159.0,5790
6765,Under the Tuscan Sun (2003),Comedy|Drama|Romance,10934.0,5791
6768,Luther (2003),Drama,5653.0,5792
6769,Mambo Italiano (2003),Comedy,321.0,5793
6770,My Life Without Me (2003),Drama|Romance,20.0,5794
6771,Dorm Daze (National Lampoon Presents Dorm Daze) (2003),Comedy,18113.0,5795
6772,To Be and to Have (Être et avoir) (2002),Documentary,5168.0,5796
6773,"Triplets of Belleville, The (Les triplettes de Belleville) (2003)",Animation|Comedy|Fantasy,9662.0,5797
6774,Videodrome (1983),Fantasy|Horror|Sci-Fi|Thriller,837.0,5798
6775,Life and Debt (2001),Documentary,20303.0,5799
6776,Lagaan: Once Upon a Time in India (2001),Comedy|Drama|Musical|Romance,19666.0,5800
6777,Judgment at Nuremberg (1961),Drama,821.0,5801
6779,"Same Time, Next Year (1978)",Comedy|Drama|Romance,37672.0,5802
6780,"Brief History of Time, A (1991)",Documentary,1358.0,5803
6781,"Jacob the Liar (Jakob, der Lügner) (1975)",Drama,2200.0,5804
6782,Leningrad Cowboys Go America (1989),Comedy|Musical,11475.0,5805
6783,"Rules of the Game, The (La règle du jeu) (1939)",Comedy|Drama,776.0,5806
6784,"Song Remains the Same, The (1976)",Documentary|Musical,40440.0,5807
6785,Seven Brides for Seven Brothers (1954),Comedy|Musical|Romance|Western,16563.0,5808
6786,Kiss of the Spider Woman (1985),Drama,11703.0,5809
6787,All the President's Men (1976),Drama|Thriller,891.0,5810
6788,Angie (1994),Comedy|Drama|Romance,83714.0,5811
6789,"Apartment, The (Appartement, L') (1996)",Drama|Mystery|Romance,12531.0,5812
6790,Avalon (2001),Drama|Fantasy|Sci-Fi,10881.0,5813
6791,Babette's Feast (Babettes gæstebud) (1987),Drama,11832.0,5814
6792,"Barber of Siberia, The (Sibirskij tsiryulnik) (1998)",Drama|Romance,51300.0,5815
6793,Beethoven (1992),Children|Comedy|Drama,11806.0,5816
6794,Beethoven's 2nd (1993),Children|Comedy,10438.0,5817
6795,Black Moon Rising (1986),Action|Crime|Sci-Fi|Thriller,36349.0,5818
6796,Boyz N the Hood (1991),Crime|Drama,650.0,5819
6797,Bugsy (1991),Crime|Drama,10337.0,5820
6798,Bugsy Malone (1976),Children|Comedy|Crime|Musical,8446.0,5821
6800,Cobra (1986),Action|Crime,9874.0,5822
6801,"Common Wealth (Comunidad, La) (2000)",Comedy|Thriller,11477.0,5823
6802,Consenting Adults (1992),Thriller,37753.0,5824
6803,Phenomena (a.k.a. Creepers) (1985),Horror|Mystery|Thriller,29161.0,5825
6804,Crimewave (1985),Comedy|Crime,21627.0,5826
6805,Crying Freeman (1995),Action|Crime|Thriller,9501.0,5827
6806,Time and Tide (Seunlau Ngaklau) (2000),Action|Crime|Thriller,49291.0,5828
6807,Monty Python's The Meaning of Life (1983),Comedy,4543.0,5829
6808,Where Eagles Dare (1968),Action|Adventure|War,11046.0,5830
6809,Tightrope (1984),Thriller,11707.0,5831
6810,Sleeping with the Enemy (1991),Drama|Thriller,7442.0,5832
6811,PCU (1994),Comedy,14425.0,5833
6812,"Rookie, The (1990)",Action|Comedy|Thriller,6723.0,5834
6813,"Ghost and Mr. Chicken, The (1966)",Comedy|Romance,13343.0,5835
6814,City Heat (1984),Action|Comedy,16969.0,5836
6815,Into the Night (1985),Action|Comedy|Drama|Thriller,11338.0,5837
6816,Three O'Clock High (1987),Comedy,13339.0,5838
6817,"White Hunter, Black Heart (1990)",Adventure|Drama,28761.0,5839
6818,Come and See (Idi i smotri) (1985),Drama|War,25237.0,5840
6820,Ginger Snaps (2000),Drama|Horror|Thriller,9871.0,5841
6821,More American Graffiti (1979),Comedy,33258.0,5842
6823,Under Suspicion (1992),Crime|Drama|Thriller,26850.0,5843
6825,"Reluctant Astronaut, The (1967)",Comedy,36855.0,5844
6826,"Shakiest Gun in the West, The (1968)",Comedy|Western,20238.0,5845
6827,It's Pat (1994),Comedy,33783.0,5846
6828,"Sunday in the Country, A (Un dimanche à la campagne) (1984)",Drama,163549.0,5847
6829,"Gun in Betty Lou's Handbag, The (1992)",Comedy|Mystery,47898.0,5848
6832,Regarding Henry (1991),Drama,11364.0,5849
6835,Alien Contamination (1980),Action|Horror|Sci-Fi,39916.0,5850
6837,Love Affair (1939),Comedy|Drama|Romance,43739.0,5851
6839,All I Want (Try Seventeen) (2002),Comedy|Drama|Romance,14874.0,5852
6840,"Hospital, The (1971)",Comedy|Drama,32082.0,5853
6841,Article 99 (1992),Comedy|Drama,25269.0,5854
6842,Images (1972),Drama|Fantasy|Horror,29449.0,5855
6844,Oleanna (1994),Drama,33633.0,5856
6848,Kingdom of the Spiders (1977),Horror|Sci-Fi,30315.0,5857
6849,Scrooge (1970),Drama|Fantasy|Musical,13765.0,5858
6850,Leap of Faith (1992),Comedy|Drama,12772.0,5859
6851,"Gas, Food, Lodging (1992)",Drama|Romance,47866.0,5860
6852,In Cold Blood (1967),Crime|Drama,18900.0,5861
6854,"Bedford Incident, The (1965)",Drama|Thriller|War,17744.0,5862
6856,Yankee Doodle Dandy (1942),Drama|Musical,3087.0,5863
6857,Ninja Scroll (Jûbei ninpûchô) (1995),Action|Adventure|Animation|Fantasy,14282.0,5864
6858,Knife in the Water (Nóz w wodzie) (1962),Drama,11502.0,5865
6859,"Devil and Daniel Webster, The (All That Money Can Buy) (1941)",Drama|Fantasy,29451.0,5866
6860,Mobsters (1991),Crime|Drama,21219.0,5867
6862,Out of Time (2003),Crime|Drama|Thriller,2116.0,5868
6863,School of Rock (2003),Comedy|Musical,1584.0,5869
6864,"Concert for George, The (2003)",Documentary|Musical,28236.0,5870
6867,"Station Agent, The (2003)",Comedy|Drama,2056.0,5871
6868,Wonderland (2003),Crime|Drama|Mystery|Thriller,4997.0,5872
6869,Bus 174 (Ônibus 174) (2002),Crime|Documentary,8439.0,5873
6870,Mystic River (2003),Crime|Drama|Mystery,322.0,5874
6871,Good Boy! (2003),Children|Comedy|Sci-Fi,21765.0,5875
6872,"House of the Dead, The (2003)",Action|Horror,11059.0,5876
6873,Intolerable Cruelty (2003),Comedy|Romance,11775.0,5877
6874,Kill Bill: Vol. 1 (2003),Action|Crime|Thriller,24.0,5878
6875,Dopamine (2003),Comedy|Drama|Romance,54973.0,5879
6876,"Flower of Evil, The (Fleur du mal, La) (2003)",Drama,10930.0,5880
6879,Runaway Jury (2003),Drama|Thriller,11329.0,5881
6880,"Texas Chainsaw Massacre, The (2003)",Horror,9373.0,5882
6881,Pieces of April (2003),Comedy|Drama,1550.0,5883
6882,Returner (Ritaanaa) (2002),Action|Adventure|Sci-Fi,5493.0,5884
6883,Sylvia (2003),Drama|Romance,28200.0,5885
6884,Veronica Guerin (2003),Crime|Drama|Thriller,10629.0,5886
6885,In the Cut (2003),Crime|Drama|Mystery|Romance|Thriller,10944.0,5887
6886,Beyond Borders (2003),Drama|Romance|War,9839.0,5888
6887,Radio (2003),Drama,13920.0,5889
6888,Scary Movie 3 (2003),Comedy|Horror,4256.0,5890
6889,Brother Bear (2003),Adventure|Animation|Children,10009.0,5891
6890,Elephant (2003),Drama,1807.0,5892
6892,"Singing Detective, The (2003)",Comedy|Drama|Musical|Mystery,30141.0,5893
6893,"Italian Job, The (1969)",Action|Comedy|Crime,10536.0,5894
6895,Normal (2003),Drama,67809.0,5895
6896,Shoah (1985),Documentary|War,42044.0,5896
6897,Unconditional Love (2002),Comedy|Drama,37922.0,5897
6898,Sweet Sixteen (2002),Drama,1376.0,5898
6899,Alien from L.A. (1988),Sci-Fi,31397.0,5899
6900,Black Sunday (1977),Action|Drama|Thriller,50374.0,5900
6902,Interstate 60 (2002),Adventure|Comedy|Drama|Fantasy|Mystery|Sci-Fi|Thriller,20312.0,5901
6906,That Was Then... This Is Now (1985),Drama,64945.0,5902
6909,"Eye, The (Gin gwai) (Jian gui) (2002)",Thriller,10389.0,5903
6910,Kronos (a.k.a. Captain Kronos: Vampire Hunter) (1973),Horror,18979.0,5904
6918,"Unvanquished, The (Aparajito) (1957)",Drama,897.0,5905
6920,"Cercle Rouge, Le (Red Circle, The) (1970)",Crime|Thriller,11657.0,5906
6921,Man of Marble (Czlowiek z Marmuru) (1977),Drama,224.0,5907
6923,Sherlock Holmes and the Voice of Terror (1942),Crime|Mystery|War,27117.0,5908
6924,Sherlock Holmes Faces Death (1943),Crime|Mystery,50553.0,5909
6925,Sherlock Holmes in Washington (1943),Crime|Mystery,44383.0,5910
6927,"Human Stain, The (2003)",Drama|Romance|Thriller,10922.0,5911
6928,"Die, Mommie, Die (2003)",Comedy,43708.0,5912
6932,Shattered Glass (2003),Crime|Drama,13537.0,5913
6934,"Matrix Revolutions, The (2003)",Action|Adventure|Sci-Fi|Thriller|IMAX,605.0,5914
6935,"Revolution Will Not Be Televised, The (a.k.a. Chavez: Inside the Coup) (2003)",Documentary,33222.0,5915
6936,Elf (2003),Children|Comedy|Fantasy,10719.0,5916
6939,Gloomy Sunday (Ein Lied von Liebe und Tod) (1999),Drama|Romance,1277.0,5917
6940,In My Skin (Dans ma Peau) (2002),Drama,1836.0,5918
6942,Love Actually (2003),Comedy|Drama|Romance,508.0,5919
6944,Father of the Bride (1991),Comedy,11846.0,5920
6945,My Architect: A Son's Journey (2003),Documentary,50314.0,5921
6946,Looney Tunes: Back in Action (2003),Action|Animation|Children|Fantasy,10715.0,5922
6947,Master and Commander: The Far Side of the World (2003),Adventure|Drama|War,8619.0,5923
6948,Tupac: Resurrection (2003),Documentary,21525.0,5924
6949,"Big Empty, The (2003)",Comedy|Mystery|Sci-Fi,14892.0,5925
6950,"Missing, The (2003)",Adventure|Thriller|Western,12146.0,5926
6951,"Cat in the Hat, The (2003)",Children|Comedy,10588.0,5927
6952,Gothika (2003),Horror|Thriller,4970.0,5928
6953,21 Grams (2003),Crime|Drama|Mystery|Romance|Thriller,470.0,5929
6954,"Barbarian Invasions, The (Les invasions barbares) (2003)",Comedy|Crime|Drama|Mystery|Romance,11042.0,5930
6957,Bad Santa (2003),Comedy|Crime,10147.0,5931
6958,"Haunted Mansion, The (2003)",Children|Comedy|Fantasy|Horror,10756.0,5932
6959,Timeline (2003),Action|Adventure|Sci-Fi,9562.0,5933
6961,Damage (Fatale) (1992),Drama,11012.0,5934
6963,Devil's Playground (2002),Documentary,30068.0,5935
6964,Dance with a Stranger (1985),Crime|Drama|Thriller,40913.0,5936
6965,Journeys with George (2002),Documentary,158413.0,5937
6966,Darkman (1990),Action|Crime|Fantasy|Sci-Fi|Thriller,9556.0,5938
6967,Dead of Night (1945),Horror|Mystery,13581.0,5939
6968,Death Machine (1995),Action|Sci-Fi,1702.0,5940
6969,"Dernier Combat, Le (Last Battle, The) (1983)",Drama|Sci-Fi,19184.0,5941
6970,Desk Set (1957),Comedy|Romance,24203.0,5942
6971,Europa (Zentropa) (1991),Drama|Thriller,9065.0,5943
6973,Final Analysis (1992),Drama|Romance|Thriller,4823.0,5944
6974,"Freshman, The (1990)",Comedy|Crime,10168.0,5945
6975,Funny Games (1997),Drama|Horror|Thriller,10234.0,5946
6976,Tales from the Crypt (1972),Horror,38939.0,5947
6977,New Jack City (1991),Action|Crime|Drama,10952.0,5948
6978,Slacker (1991),Comedy|Drama,14022.0,5949
6979,WarGames (1983),Drama|Sci-Fi|Thriller,860.0,5950
6980,Mr. Hobbs Takes a Vacation (1962),Comedy,41521.0,5951
6981,"Ordet (Word, The) (1955)",Drama,48035.0,5952
6982,Forbidden Games (Jeux interdits) (1952),Drama|War,5000.0,5953
6983,Jane Eyre (1944),Drama|Romance,22744.0,5954
6984,"Tale of Two Cities, A (1935)",Drama,17831.0,5955
6985,"Passion of Joan of Arc, The (Passion de Jeanne d'Arc, La) (1928)",Drama,780.0,5956
6986,Ben-Hur: A Tale of the Christ (1925),Adventure|Drama|Romance,31510.0,5957
6987,"Cabinet of Dr. Caligari, The (Cabinet des Dr. Caligari., Das) (1920)",Crime|Fantasy|Horror,234.0,5958
6988,Broken Blossoms or The Yellow Man and the Girl (1919),Drama|Romance,899.0,5959
6989,Gorky Park (1983),Crime|Drama|Thriller,8289.0,5960
6990,The Great Train Robbery (1978),Action|Adventure|Comedy|Crime|Drama,11583.0,5961
6991,"Greystoke: The Legend of Tarzan, Lord of the Apes (1984)",Adventure|Drama|Romance,11002.0,5962
6992,Guarding Tess (1994),Comedy|Drama,6472.0,5963
6993,Hannah and Her Sisters (1986),Comedy|Drama|Romance,5143.0,5964
6994,"Hard Way, The (1991)",Action|Comedy,11384.0,5965
6995,Hercules in New York (1970),Action|Comedy|Fantasy,5227.0,5966
6996,Highlander II: The Quickening (1991),Action|Sci-Fi,8010.0,5967
6997,Hoffa (1992),Crime|Drama,10410.0,5968
6998,House of Cards (1993),Drama,47095.0,5969
6999,Housesitter (1992),Comedy|Romance,10407.0,5970
7000,Hudson Hawk (1991),Action|Adventure|Comedy,9292.0,5971
7001,Invasion of the Body Snatchers (1978),Horror|Mystery|Sci-Fi|Thriller,11850.0,5972
7002,Mindwalk (1990),Drama,48745.0,5973
7003,Kafka (1991),Comedy|Drama|Mystery|Sci-Fi|Thriller,2297.0,5974
7004,Kindergarten Cop (1990),Action|Comedy|Crime|Thriller,951.0,5975
7005,King Ralph (1991),Comedy,10804.0,5976
7006,Knight Moves (1992),Mystery|Thriller,5765.0,5977
7007,"Last Boy Scout, The (1991)",Action|Comedy|Crime|Drama|Thriller,9319.0,5978
7008,Last Tango in Paris (Ultimo tango a Parigi) (1972),Drama|Romance,1643.0,5979
7009,Lorenzo's Oil (1992),Drama,2007.0,5980
7010,"Lover, The (Amant, L') (1992)",Drama|Romance,10995.0,5981
7011,"Bullfighter, The (Matador) (1986)",Comedy|Crime|Drama,8047.0,5982
7012,Mr. Destiny (1990),Comedy|Fantasy,2612.0,5983
7013,"Night of the Hunter, The (1955)",Drama|Film-Noir|Thriller,3112.0,5984
7014,Nowhere to Run (1993),Action|Romance,10413.0,5985
7015,Only the Lonely (1991),Comedy|Romance,2611.0,5986
7016,Over the Top (1987),Action|Drama,1825.0,5987
7017,Passenger 57 (1992),Action|Thriller,10538.0,5988
7018,Presumed Innocent (1990),Crime|Drama|Thriller,11092.0,5989
7019,Project X (1987),Comedy|Drama,18410.0,5990
7020,Proof (1991),Comedy|Drama|Romance,14904.0,5991
7021,Pure Luck (1991),Comedy|Crime,19065.0,5992
7022,Battle Royale (Batoru rowaiaru) (2000),Action|Drama|Horror|Thriller,3176.0,5993
7023,"Wedding Banquet, The (Xi yan) (1993)",Comedy|Drama|Romance,9261.0,5994
7024,"Salo, or The 120 Days of Sodom (Salò o le 120 giornate di Sodoma) (1976)",Drama,5336.0,5995
7025,"Midnight Clear, A (1992)",Drama|War,23908.0,5996
7026,Summer School (1987),Comedy,14671.0,5997
7027,Silverado (1985),Action|Western,11509.0,5998
7028,Quick Change (1990),Comedy|Crime,10729.0,5999
7029,Rabid (1977),Horror|Thriller,29437.0,6000
7030,Radio Flyer (1992),Drama,20763.0,6001
7031,"Real McCoy, The (1993)",Action|Crime|Drama|Thriller,2047.0,6002
7032,Revenge (1990),Drama|Romance|Thriller,14249.0,6003
7033,"Secret of My Succe$s, The (a.k.a. The Secret of My Success) (1987)",Comedy|Romance,10021.0,6004
7034,Show Me Love (Fucking Åmål) (1998),Drama|Romance,11634.0,6005
7035,Streets of Fire (1984),Action|Romance,14746.0,6006
7036,Teen Wolf (1985),Comedy|Fantasy,11824.0,6007
7037,High Heels (Tacones lejanos) (1991),Comedy|Drama,8222.0,6008
7038,Things You Can Tell Just by Looking at Her (2000),Drama|Romance,20067.0,6009
7039,Thunderheart (1992),Crime|Mystery|Thriller,12395.0,6010
7040,To Live and Die in L.A. (1985),Action|Crime|Drama|Thriller,9846.0,6011
7041,Trapped in Paradise (1994),Comedy|Crime,23719.0,6012
7042,Betty Blue (37°2 le matin) (1986),Drama|Romance,11986.0,6013
7043,Vivre sa vie: Film en douze tableaux (My Life to Live) (1962),Drama,1626.0,6014
7044,Wild at Heart (1990),Crime|Drama|Mystery|Romance|Thriller,483.0,6015
7045,"Witches, The (1990)",Children|Fantasy,10166.0,6016
7046,"Witches of Eastwick, The (1987)",Comedy|Fantasy|Horror|Thriller,6069.0,6017
7047,Year of the Dragon (1985),Action|Crime|Drama,11018.0,6018
7048,Nothing to Lose (1997),Action|Adventure|Comedy|Crime,11676.0,6019
7049,Flying Down to Rio (1933),Comedy|Musical|Romance,28293.0,6020
7050,Follow the Fleet (1936),Comedy|Musical|Romance,28292.0,6021
7051,"What's New, Pussycat (1965)",Comedy,3681.0,6022
7053,Roberta (1935),Comedy|Musical|Romance,31798.0,6023
7054,Little Women (1949),Drama,43436.0,6024
7055,Swing Time (1936),Comedy|Musical|Romance,20325.0,6025
7056,"Public Enemy, The (1931)",Action|Crime|Drama,17687.0,6026
7057,"Midsummer Night's Dream, A (1935)",Comedy|Fantasy|Romance,19075.0,6027
7058,Life with Father (1947),Comedy,41465.0,6028
7059,National Velvet (1944),Children|Drama,17641.0,6029
7060,Jesus Christ Superstar (1973),Drama|Musical,12545.0,6030
7061,Dark Victory (1939),Drama|Romance,27972.0,6031
7062,Birdman of Alcatraz (1962),Drama,898.0,6032
7063,"Aguirre: The Wrath of God (Aguirre, der Zorn Gottes) (1972)",Adventure|Drama,2000.0,6033
7064,Beauty and the Beast (La belle et la bête) (1946),Drama|Fantasy,648.0,6034
7065,"Birth of a Nation, The (1915)",Drama|War,618.0,6035
7066,"Blue Kite, The (Lan feng zheng) (1993)",Drama,44162.0,6036
7067,Juliet of the Spirits (Giulietta degli spiriti) (1965),Comedy|Drama|Fantasy|Romance,19120.0,6037
7068,Last Year at Marienbad (L'Année dernière à Marienbad) (1961),Drama|Mystery|Romance,4024.0,6038
7069,"Macbeth (a.k.a. Tragedy of Macbeth, The) (1971)",Drama,11316.0,6039
7070,Red River (1948),Action|Adventure|Western,3089.0,6040
7071,"Woman Under the Influence, A (1974)",Drama,29845.0,6041
7072,Stagecoach (1939),Action|Drama|Romance|Western,995.0,6042
7073,"Shot in the Dark, A (1964)",Comedy|Crime|Mystery,1594.0,6043
7074,"Navigator, The (1924)",Comedy,32318.0,6044
7075,"Court Jester, The (1956)",Adventure|Comedy|Musical,11839.0,6045
7076,Bullitt (1968),Action|Crime|Drama|Thriller,916.0,6046
7077,Way Down East (1920),Drama|Romance,31509.0,6047
7078,Jezebel (1938),Drama,1976.0,6048
7079,"Hunchback of Notre Dame, The (1939)",Drama,31685.0,6049
7080,42nd Street (1933),Drama|Musical|Romance,3062.0,6050
7081,I'm No Angel (1933),Comedy,34456.0,6051
7082,That Touch of Mink (1962),Comedy|Romance,12708.0,6052
7083,Sweet Dreams (1985),Drama,42045.0,6053
7084,"Play It Again, Sam (1972)",Comedy|Romance,11610.0,6054
7085,Send Me No Flowers (1964),Comedy|Romance,4939.0,6055
7086,Pygmalion (1938),Comedy|Drama,25016.0,6056
7087,"Passage to India, A (1984)",Adventure|Drama,15927.0,6057
7088,Black Orpheus (Orfeu Negro) (1959),Drama|Romance,40423.0,6058
7089,Amarcord (1973),Comedy|Drama,7857.0,6059
7090,Hero (Ying xiong) (2002),Action|Adventure|Drama,79.0,6060
7091,Horse Feathers (1932),Comedy,13912.0,6061
7092,Anna Karenina (1935),Drama|Romance,70881.0,6062
7093,"Front Page, The (1974)",Comedy,987.0,6063
7094,Attraction (2000),Drama|Romance|Thriller,65869.0,6064
7095,Looking for Mr. Goodbar (1977),Drama,37749.0,6065
7096,Rivers and Tides (2001),Documentary,30140.0,6066
7099,Nausicaä of the Valley of the Wind (Kaze no tani no Naushika) (1984),Adventure|Animation|Drama|Fantasy|Sci-Fi,81.0,6067
7101,Doc Hollywood (1991),Comedy|Romance,11821.0,6068
7102,Dragnet (1987),Comedy|Crime|Drama,10023.0,6069
7103,Madhouse (1990),Comedy,51036.0,6070
7104,1941 (1979),Comedy|War,11519.0,6071
7107,Foul Play (1978),Comedy|Thriller,15659.0,6072
7108,Crime Story (Zhong an zu) (1993),Action|Crime|Drama,18857.0,6073
7109,Beyond the Clouds (Al di là delle nuvole) (1996),Drama|Romance,33517.0,6074
7111,Ryan's Daughter (1970),Drama|Romance,38953.0,6075
7112,Accident (1967),Crime|Drama,74544.0,6076
7114,"Collector, The (1965)",Drama|Horror|Thriller,42740.0,6077
7115,Deep Red (Profondo rosso) (1975),Horror|Mystery|Thriller,20126.0,6078
7116,Diabolique (Les diaboliques) (1955),Horror|Mystery|Thriller,827.0,6079
7117,Leprechaun (1993),Comedy|Horror,11811.0,6080
7118,Wings of Honneamise (Ôritsu uchûgun Oneamisu no tsubasa) (1987),Animation|Drama|Sci-Fi|War,20043.0,6081
7119,Crazy People (1990),Comedy,16814.0,6082
7121,Adam's Rib (1949),Comedy|Romance,25431.0,6083
7122,King of Hearts (1966),Comedy|Drama|War,17685.0,6084
7123,Naked Lunch (1991),Drama|Fantasy|Mystery|Sci-Fi,2742.0,6085
7124,Grass (1999),Documentary,22010.0,6086
7125,Spring Forward (1999),Drama,51145.0,6087
7126,"Killing of a Chinese Bookie, The (1976)",Comedy|Crime|Drama|Film-Noir|Musical,32040.0,6088
7127,Run (1991),Action|Drama|Thriller,48129.0,6089
7128,Things to Come (1936),Sci-Fi,3596.0,6090
7130,Darling (1965),Drama,24134.0,6091
7131,"Summer Place, A (1959)",Drama,18904.0,6092
7132,"Night at the Opera, A (1935)",Comedy|Musical|Romance,37719.0,6093
7134,"Element of Crime, The (Forbrydelsens Element) (1984)",Drama|Thriller,9063.0,6094
7135,Shoot the Piano Player (Tirez sur le pianiste) (1960),Crime|Drama|Romance|Thriller,1818.0,6095
7136,Stolen Kisses (Baisers volés) (1968),Comedy|Drama|Romance,255.0,6096
7137,"Cooler, The (2003)",Comedy|Drama|Romance,10744.0,6097
7139,In America (2002),Drama|Romance,10511.0,6098
7141,My Flesh and Blood (2003),Documentary,22289.0,6099
7142,Honey (2003),Drama|Romance,10028.0,6100
7143,"Last Samurai, The (2003)",Action|Adventure|Drama|War,616.0,6101
7147,Big Fish (2003),Drama|Fantasy|Romance,587.0,6102
7148,Love Don't Cost a Thing (2003),Drama|Romance,21542.0,6103
7149,Something's Gotta Give (2003),Comedy|Drama|Romance,6964.0,6104
7150,Stuck on You (2003),Comedy,1792.0,6105
7151,Girl with a Pearl Earring (2003),Drama|Romance,3635.0,6106
7152,"Statement, The (2003)",Drama|Thriller,41488.0,6107
7153,"Lord of the Rings: The Return of the King, The (2003)",Action|Adventure|Drama|Fantasy,122.0,6108
7154,Mona Lisa Smile (2003),Drama|Romance,11820.0,6109
7155,Calendar Girls (2003),Comedy,8696.0,6110
7156,"Fog of War: Eleven Lessons from the Life of Robert S. McNamara, The (2003)",Documentary|War,12698.0,6111
7157,"Hebrew Hammer, The (2003)",Comedy,19187.0,6112
7158,House of Sand and Fog (2003),Drama,11093.0,6113
7160,Monster (2003),Crime|Drama,504.0,6114
7161,Cheaper by the Dozen (2003),Children|Comedy,11007.0,6115
7162,Cold Mountain (2003),Drama|Romance|War,2289.0,6116
7163,Paycheck (2003),Action|Sci-Fi|Thriller,9620.0,6117
7164,Peter Pan (2003),Action|Adventure|Children|Fantasy,10601.0,6118
7165,"Company, The (2003)",Drama|Musical,52036.0,6119
7167,Japanese Story (2003),Drama,13433.0,6120
7168,Secret Things (Choses secrètes) (2002),Drama,35712.0,6121
7169,Chasing Liberty (2004),Comedy|Romance,14844.0,6122
7171,Aileen: Life and Death of a Serial Killer (2003),Documentary,37088.0,6123
7172,Distant (Uzak) (2002),Drama,31026.0,6124
7173,Along Came Polly (2004),Comedy|Romance,5966.0,6125
7174,Teacher's Pet (2004),Animation|Children,24034.0,6126
7175,Torque (2004),Action|Crime,10718.0,6127
7176,Crimson Gold (Talaye sorgh) (2003),Drama,40427.0,6128
7177,Osama (2003),Drama,14757.0,6129
7178,"Great Gatsby, The (1974)",Drama,11034.0,6130
7179,Wuthering Heights (1992),Drama|Romance,25095.0,6131
7181,Ship of Fools (1965),Drama,30080.0,6132
7183,There's a Girl in My Soup (1970),Comedy,42599.0,6133
7185,Real Men (1987),Comedy|Sci-Fi,44801.0,6134
7186,Once Upon a Crime... (1992),Comedy|Mystery,27465.0,6135
7189,"Car 54, Where Are You? (1994)",Comedy,31395.0,6136
7190,Jane Eyre (1970),Drama,131313.0,6137
7191,Blame It on the Bellboy (1992),Comedy,34151.0,6138
7192,Only the Strong (1993),Action,15797.0,6139
7193,"Adventures of Ford Fairlane, The (1990)",Action|Comedy,9548.0,6140
7194,Bonjour tristesse (1958),Drama,1937.0,6141
7195,"Enforcer, The (1951)",Crime|Drama|Film-Noir,26712.0,6142
7198,The Pick-up Artist (1987),Comedy|Crime|Drama|Romance,17258.0,6143
7199,Melvin Goes to Dinner (2003),Comedy|Drama,34681.0,6144
7201,Crime Spree (2003),Comedy|Crime,6277.0,6145
7202,Beyond Re-Animator (2003),Horror,11429.0,6146
7204,Hells Angels on Wheels (1967),Drama,33642.0,6147
7205,"Wind and the Lion, The (1975)",Adventure,14815.0,6148
7206,Mon Oncle (My Uncle) (1958),Comedy,427.0,6149
7207,Where the Boys Are (1960),Comedy,43049.0,6150
7208,Dr. Jekyll and Mr. Hyde (1941),Drama|Horror,3022.0,6151
7209,"M. Hulot’s Holiday (Mr. Hulot's Holiday) (Vacances de Monsieur Hulot, Les) (1953)",Comedy,778.0,6152
7210,My Darling Clementine (1946),Western,3088.0,6153
7211,People Will Talk (1951),Comedy|Romance,23152.0,6154
7212,I Was a Male War Bride (1949),Comedy|Romance,23567.0,6155
7215,To Have and Have Not (1944),Adventure|Drama|Romance|Thriller|War,22584.0,6156
7216,High Sierra (1941),Crime|Drama|Film-Noir|Thriller,27725.0,6157
7217,Dark Passage (1947),Crime|Drama|Film-Noir|Romance|Thriller,16227.0,6158
7218,"Ox-Bow Incident, The (1943)",Drama|Western,980.0,6159
7219,They Drive by Night (1940),Drama,16933.0,6160
7220,Micki + Maude (1984),Comedy,42094.0,6161
7221,Platinum Blonde (1931),Comedy|Romance,26884.0,6162
7222,Reefer Madness (a.k.a. Tell Your Children) (1938),Comedy|Drama,37833.0,6163
7223,D.O.A. (1950),Drama|Film-Noir|Mystery,18995.0,6164
7224,"Boy with Green Hair, The (1948)",Children|Drama,43759.0,6165
7225,Pumping Iron (1977),Documentary,5205.0,6166
7226,No Good Deed (a.k.a. The House on Turk Street) (2002),Crime|Drama|Thriller,2017.0,6167
7227,"Trouble with Angels, The (1966)",Comedy,38606.0,6168
7228,Cool World (1992),Animation|Comedy|Fantasy,14239.0,6169
7229,Money for Nothing (1993),Comedy|Crime,55448.0,6170
7230,"Silencers, The (1966)",Action|Comedy,21779.0,6171
7234,"Strada, La (1954)",Drama,405.0,6172
7235,Ichi the Killer (Koroshiya 1) (2001),Action|Comedy|Crime|Drama|Horror|Thriller,9696.0,6173
7236,"Boy and His Dog, A (1975)",Sci-Fi,4917.0,6174
7237,"Last Tycoon, The (1976)",Drama|Romance,37774.0,6175
7238,Ashes and Diamonds (Popiól i diament) (1958),Drama|War,5055.0,6176
7239,Marooned (1969),Drama|Sci-Fi,40140.0,6177
7241,Kanal (1957),Drama|War,29933.0,6178
7243,Intolerance: Love's Struggle Throughout the Ages (1916),Drama,3059.0,6179
7244,"Beast of Yucca Flats, The (1961)",Horror|Sci-Fi,22727.0,6180
7247,Chitty Chitty Bang Bang (1968),Adventure|Children|Comedy|Fantasy|Musical,11708.0,6181
7249,Plaza Suite (1971),Comedy,42514.0,6182
7250,"Out of Towners, The (1970)",Comedy,20444.0,6183
7251,Where the Day Takes You (1992),Drama,17736.0,6184
7252,"Three Stooges in Orbit, The (1962)",Comedy|Sci-Fi,114046.0,6185
7253,It (1927),Comedy|Romance,82283.0,6186
7254,The Butterfly Effect (2004),Drama|Sci-Fi|Thriller,1954.0,6187
7255,Win a Date with Tad Hamilton! (2004),Comedy|Romance,13476.0,6188
7256,Touching the Void (2003),Adventure|Documentary,11194.0,6189
7257,"Big Bounce, The (2004)",Comedy|Crime|Thriller,12634.0,6190
7258,"Perfect Score, The (2004)",Comedy|Crime,13505.0,6191
7259,You Got Served (2004),Drama|Musical,14114.0,6192
7260,Latter Days (2003),Comedy|Drama|Romance,15708.0,6193
7261,Barbershop 2: Back in Business (2004),Comedy,21301.0,6194
7262,Catch That Kid (2004),Action|Adventure|Children|Comedy|Crime,20483.0,6195
7263,Miracle (2004),Drama,14292.0,6196
7265,"Dreamers, The (2003)",Drama,1278.0,6197
7266,"Lost Skeleton of Cadavra, The (2002)",Comedy|Horror|Sci-Fi,18841.0,6198
7270,Sleep with Me (1994),Comedy|Drama|Romance,19361.0,6199
7272,Super Fly (Superfly) (1972),Action|Crime|Drama,21968.0,6200
7275,Uptown Saturday Night (1974),Comedy,29464.0,6201
7280,Blacula (1972),Horror,30566.0,6202
7281,"Scream, Blacula, Scream! (1973)",Horror,42466.0,6203
7283,Swing Shift (1984),Drama,18446.0,6204
7284,Trespass (1992),Action|Crime|Thriller,22004.0,6205
7285,Thirteen (2003),Drama,11023.0,6206
7286,Simple Men (1992),Comedy|Drama,47802.0,6207
7287,"Sailor Who Fell from Grace with the Sea, The (1976)",Drama,92298.0,6208
7289,"Silent Night, Bloody Night (1973)",Horror,29852.0,6209
7292,Best Defense (1984),Comedy|War,11221.0,6210
7293,50 First Dates (2004),Comedy|Romance,1824.0,6211
7294,Welcome to Mooseport (2004),Comedy,16784.0,6212
7297,Kitchen Stories (Salmer fra kjøkkenet) (2003),Comedy|Drama,11083.0,6213
7299,Monsieur Ibrahim (Monsieur Ibrahim et les fleurs du Coran) (2003),Drama,337.0,6214
7300,Vanishing Point (1971),Action|Drama,11951.0,6215
7301,Diary of a Country Priest (Journal d'un curé de campagne) (1951),Drama,43376.0,6216
7302,"Thief of Bagdad, The (1924)",Action|Adventure|Fantasy,28963.0,6217
7303,The Diary of Anne Frank (1959),Drama|War,2576.0,6218
7304,Allegro non troppo (1977),Animation|Comedy|Fantasy|Musical,22561.0,6219
7305,Black Widow (1987),Crime|Drama|Mystery|Thriller,19345.0,6220
7306,"Herod's Law (Ley de Herodes, La) (2000)",Comedy|Crime|Mystery,14430.0,6221
7307,Flesh & Blood (1985),Action|Adventure|Drama|War,12775.0,6222
7308,King Solomon's Mines (1985),Adventure|Comedy,9838.0,6223
7310,Raw Deal (1986),Action,2099.0,6224
7311,"Goodbye, Mr. Chips (1939)",Drama|Romance,42852.0,6225
7312,"Follow Me, Boys! (1966)",Comedy|Drama,40454.0,6226
7313,Fire Birds (1990),Action|Adventure,6470.0,6227
7314,Robot Stories (2003),Drama|Sci-Fi,20032.0,6228
7315,Against the Ropes (2004),Comedy|Drama,8842.0,6229
7316,Confessions of a Teenage Drama Queen (2004),Comedy,11132.0,6230
7317,EuroTrip (2004),Adventure|Comedy,9352.0,6231
7318,"Passion of the Christ, The (2004)",Drama,615.0,6232
7319,Club Dread (2004),Comedy|Horror,11217.0,6233
7320,Dirty Dancing: Havana Nights (2004),Romance,10677.0,6234
7321,Twisted (2004),Thriller,13572.0,6235
7323,"Good bye, Lenin! (2003)",Comedy|Drama,338.0,6236
7324,Hidalgo (2004),Adventure|Drama,2023.0,6237
7325,Starsky & Hutch (2004),Action|Comedy|Crime|Thriller,9384.0,6238
7326,"Reckoning, The (2004)",Crime|Drama,25935.0,6239
7327,Persona (1966),Drama,797.0,6240
7328,"Passion of Anna, The (Passion, En) (1969)",Drama,42602.0,6241
7331,"Serpent's Egg, The (Schlangenei, Das) (1977)",Drama|Thriller,47474.0,6242
7333,"Corbeau, Le (Raven, The) (1943)",Crime|Drama|Thriller,29084.0,6243
7334,"Front, The (1976)",Comedy|Drama,1723.0,6244
7335,Pickup on South Street (1953),Film-Noir,25955.0,6245
7336,"Damned, The (La Caduta degli dei) (1969)",Drama|War,41876.0,6246
7338,Richard III (1955),Drama|War,43323.0,6247
7340,Just One of the Guys (1985),Comedy,24548.0,6248
7341,The Chase (1966),Crime|Drama|Thriller,31602.0,6249
7345,Agent Cody Banks 2: Destination London (2004),Action|Adventure|Children|Comedy,17047.0,6250
7346,"Girl Next Door, The (2004)",Comedy|Romance,10591.0,6251
7347,Secret Window (2004),Mystery|Thriller,1586.0,6252
7348,Spartan (2004),Thriller,11169.0,6253
7349,Broken Wings (Knafayim Shvurot) (2002),Drama,49689.0,6254
7352,Wilbur Wants to Kill Himself (2002),Comedy|Drama|Romance,156.0,6255
7353,Clifford (1994),Comedy,2778.0,6256
7354,Mad Dog and Glory (1993),Comedy|Drama|Romance,10433.0,6257
7355,Mr. Toad's Wild Ride (a.k.a. The Wind in the Willows) (1996),Adventure|Animation|Comedy,47168.0,6258
7357,Peyton Place (1957),Drama|Romance,43236.0,6259
7359,Walk Like a Man (1987),Comedy,40752.0,6260
7360,Dawn of the Dead (2004),Action|Drama|Horror|Thriller,924.0,6261
7361,Eternal Sunshine of the Spotless Mind (2004),Drama|Romance|Sci-Fi,38.0,6262
7362,Taking Lives (2004),Crime|Drama|Thriller,11081.0,6263
7364,Intermission (2003),Comedy|Crime|Drama,16941.0,6264
7365,Noi the Albino (Nói albinói) (2003),Drama,1720.0,6265
7366,Jersey Girl (2004),Comedy|Drama|Romance,9541.0,6266
7367,"Ladykillers, The (2004)",Comedy|Crime,5516.0,6267
7369,Scooby-Doo 2: Monsters Unleashed (2004),Action|Adventure|Children|Comedy|Mystery,11024.0,6268
7371,Dogville (2003),Drama|Mystery|Thriller,553.0,6269
7372,Ned Kelly (2003),Drama,10544.0,6270
7373,Hellboy (2004),Action|Adventure|Fantasy|Horror,1487.0,6271
7374,Home on the Range (2004),Animation|Children|Comedy|Musical|Western,13700.0,6272
7375,"Prince & Me, The (2004)",Comedy|Romance,11137.0,6273
7376,Walking Tall (2004),Action,11358.0,6274
7377,"United States of Leland, The (2003)",Crime|Drama,13573.0,6275
7378,Johnson Family Vacation (2004),Comedy,19084.0,6276
7379,The Alamo (2004),Drama|War|Western,10733.0,6277
7380,Ella Enchanted (2004),Comedy|Fantasy|Romance,14442.0,6278
7381,"Whole Ten Yards, The (2004)",Action|Comedy|Crime,2122.0,6279
7382,I'm Not Scared (Io non ho paura) (2003),Drama|Mystery|Thriller,25300.0,6280
7383,Shade (2003),Crime|Drama|Thriller,14576.0,6281
7384,Since Otar Left (Depuis qu'Otar est parti...) (2003),Drama,13432.0,6282
7385,Twentynine Palms (2003),Drama|Horror,26636.0,6283
7386,"Ten Commandments, The (1956)",Adventure|Drama,6844.0,6284
7387,Dawn of the Dead (1978),Action|Drama|Horror,923.0,6285
7388,"Brother Sun, Sister Moon (Fratello sole, sorella luna) (1972)",Drama,2587.0,6286
7389,One Million Years B.C. (1966),Adventure|Fantasy,3591.0,6287
7391,"Mother, Jugs & Speed (1976)",Comedy,26176.0,6288
7394,Those Magnificent Men in Their Flying Machines (1965),Action|Adventure|Comedy,10338.0,6289
7395,Cheaper by the Dozen (1950),Comedy|Drama,33839.0,6290
7396,Scenes From a Marriage (Scener ur ett äktenskap) (1973),Drama,133919.0,6291
7402,"Food of the Gods, The (1976)",Horror|Sci-Fi,42245.0,6292
7405,Road to Bali (1952),Comedy|Musical,34082.0,6293
7406,"Flying Deuces, The (1939)",Comedy,22999.0,6294
7408,Jack and the Beanstalk (1952),Children|Comedy|Fantasy,18698.0,6295
7410,"Osterman Weekend, The (1983)",Action|Thriller,12239.0,6296
7414,Going in Style (1979),Comedy|Drama,65066.0,6297
7415,"Late Show, The (1977)",Comedy|Crime|Drama|Mystery,42228.0,6298
7416,"Sunshine Boys, The (1975)",Comedy,16561.0,6299
7417,Jersey Girl (1992),Comedy|Romance,54655.0,6300
7418,"American Nightmare, The (2000)",Documentary,70779.0,6301
7419,After Hours (1985),Comedy|Thriller,10843.0,6302
7420,Viva Las Vegas (1964),Comedy|Musical|Romance,2098.0,6303
7437,Connie and Carla (2004),Comedy,15673.0,6304
7438,Kill Bill: Vol. 2 (2004),Action|Drama|Thriller,393.0,6305
7439,"Punisher, The (2004)",Action|Crime|Thriller,7220.0,6306
7440,Paper Clips (2004),Documentary,33823.0,6307
7442,Young Adam (2003),Crime|Drama|Thriller,237.0,6308
7444,13 Going on 30 (2004),Comedy|Fantasy|Romance,10096.0,6309
7445,Man on Fire (2004),Action|Crime|Drama|Mystery|Thriller,9509.0,6310
7448,Envy (2004),Comedy,10710.0,6311
7449,Godsend (2004),Drama|Horror|Thriller,11058.0,6312
7450,Laws of Attraction (2004),Comedy|Romance,11141.0,6313
7451,Mean Girls (2004),Comedy,10625.0,6314
7453,New York Minute (2004),Action|Adventure|Comedy,11025.0,6315
7454,Van Helsing (2004),Action|Adventure|Fantasy|Horror,7131.0,6316
7456,Valentin (Valentín) (2002),Drama,30125.0,6317
7457,Breakin' All the Rules (2004),Comedy|Romance,16428.0,6318
7458,Troy (2004),Action|Adventure|Drama|War,652.0,6319
7459,Carandiru (2003),Crime|Drama,8440.0,6320
7460,Coffee and Cigarettes (2003),Comedy|Drama,883.0,6321
7474,"Boys in the Band, The (1970)",Drama,34377.0,6322
7475,Raid (2003),Action|Crime|Drama|Thriller,20375.0,6323
7477,Eye See You (D-Tox) (2002),Horror|Thriller,10375.0,6324
7478,Swimming to Cambodia (1987),Drama,42015.0,6325
7479,Watch on the Rhine (1943),Drama,68440.0,6326
7480,Under Fire (1983),Drama|Thriller|War,12503.0,6327
7481,Enemy Mine (1985),Adventure|Drama|Sci-Fi,11864.0,6328
7482,Enter the Dragon (1973),Action|Crime,9461.0,6329
7484,Gimme Shelter (1970),Documentary,132.0,6330
7485,Good Morning (Ohayô) (1959),Comedy,28276.0,6331
7486,Happy Together (a.k.a. Buenos Aires Affair) (Chun gwong cha sit) (1997),Drama|Romance,18329.0,6332
7487,Henry & June (1990),Drama,17993.0,6333
7489,"Nasty Girl, The (schreckliche Mädchen, Das) (1990)",Comedy|Drama,4339.0,6334
7491,"Naked Prey, The (1966)",Adventure,18513.0,6335
7492,Martin (1977),Drama|Horror,26517.0,6336
7493,"Three Faces of Eve, The (1957)",Drama,28285.0,6337
7505,"Kingdom, The (Riget) (1994)",Drama|Horror|Mystery,22137.0,6338
7523,Desperate Hours (1990),Crime|Drama|Thriller,31676.0,6339
7541,100 Girls (2000),Comedy|Romance,10035.0,6340
7560,Fail-Safe (1964),Drama|Thriller|War,502.0,6341
7561,Paperhouse (1988),Fantasy|Horror|Thriller,41965.0,6342
7562,Dobermann (1997),Action|Crime,10347.0,6343
7564,Kwaidan (Kaidan) (1964),Horror,30959.0,6344
7566,28 Up (1985),Documentary,20561.0,6345
7569,You Only Live Twice (1967),Action|Adventure|Sci-Fi|Thriller,667.0,6346
7570,Octopussy (1983),Action|Adventure|Thriller,700.0,6347
7571,"Blue Gardenia, The (1953)",Crime|Drama|Film-Noir|Thriller,21594.0,6348
7572,Wit (2001),Drama,26976.0,6349
7573,Never Say Never Again (1983),Action|Adventure|Thriller,36670.0,6350
7574,Maborosi (Maboroshi no hikari) (1995),Drama,18872.0,6351
7577,"Magic Flute, The (Trollflöjten) (1975)",Comedy|Fantasy|Musical|Romance,44864.0,6352
7578,Midnight (1939),Comedy|Romance,31993.0,6353
7579,Pride and Prejudice (1940),Comedy|Drama|Romance,43818.0,6354
7580,"Man in the Gray Flannel Suit, The (1956)",Drama,28290.0,6355
7581,"Fountainhead, The (1949)",Drama,24650.0,6356
7584,Woman of the Year (1942),Comedy|Romance,20640.0,6357
7585,Summertime (1955),Drama|Romance,50363.0,6358
7586,Soldier of Orange (a.k.a. Survival Run) (Soldaat van Oranje) (1977),Drama|Thriller|War,633.0,6359
7587,"Samouraï, Le (Godson, The) (1967)",Crime|Drama|Thriller,5511.0,6360
7613,White Palace (1990),Drama,41003.0,6361
7614,Oklahoma! (1955),Musical|Romance|Western,13936.0,6362
7615,Desert Hearts (1985),Drama,294.0,6363
7616,Body Double (1984),Mystery|Thriller,11507.0,6364
7617,Rooster Cogburn (1975),Comedy|Western,17538.0,6365
7618,Chaplin (1992),Drama,10435.0,6366
7619,"Miracle Worker, The (1962)",Drama,1162.0,6367
7620,Monster in a Box (1992),Comedy|Drama,34328.0,6368
7624,School Ties (1992),Drama,14684.0,6369
7625,Girl (1998),Drama,58467.0,6370
7626,Switch (1991),Comedy|Crime|Fantasy,10261.0,6371
7636,Raising Cain (1992),Horror|Thriller,13937.0,6372
7637,Irma Vep (1996),Comedy|Drama,25355.0,6373
7638,Buck Privates (1941),Comedy|Musical,29601.0,6374
7646,Rose Red (2002),Horror|Mystery|Thriller,14980.0,6375
7647,Noises Off... (1992),Comedy,26670.0,6376
7650,"Witchfinder General (Conquerer Worm, The) (1968)",Horror,31965.0,6377
7657,Versus (2000),Action|Comedy|Fantasy|Horror,5842.0,6378
7669,Pride and Prejudice (1995),Drama|Romance,164721.0,6379
7675,"Canterville Ghost, The (1944)",Comedy|Fantasy,19463.0,6380
7697,"Prince and the Showgirl, The (1957)",Comedy|Romance,24012.0,6381
7698,"China Syndrome, The (1979)",Drama|Thriller,988.0,6382
7700,"Wages of Fear, The (Salaire de la peur, Le) (1953)",Action|Adventure|Drama|Thriller,204.0,6383
7701,Look Who's Talking Too (1990),Comedy|Romance,9356.0,6384
7702,"Bells of St. Mary's, The (1945)",Drama,32430.0,6385
7704,"Delta Force, The (1986)",Action,16113.0,6386
7705,Pat and Mike (1952),Comedy|Romance,33575.0,6387
7706,Animal Crackers (1930),Comedy|Musical,13913.0,6388
7707,"He Said, She Said (1991)",Comedy|Drama|Romance,17956.0,6389
7708,Bedazzled (1967),Comedy|Fantasy,18209.0,6390
7713,Cat People (1942),Drama|Horror|Romance|Thriller,25508.0,6391
7714,Camelot (1967),Drama|Musical|Romance,18978.0,6392
7716,"Lonely Guy, The (1984)",Comedy,27171.0,6393
7719,"Comedy of Terrors, The (1964)",Comedy|Horror,29486.0,6394
7720,"Four Musketeers, The (1974)",Action|Adventure|Comedy|Romance,12310.0,6395
7723,Good Guys Wear Black (1978),Action,42205.0,6396
7724,Steel Dawn (1987),Action|Sci-Fi,27786.0,6397
7725,On Deadly Ground (1994),Action|Adventure|Thriller,9624.0,6398
7727,Protocol (1984),Comedy,37296.0,6399
7728,"Postman Always Rings Twice, The (1946)",Crime|Drama|Film-Noir|Thriller,25736.0,6400
7730,Matinee (1993),Comedy|Drama,25389.0,6401
7742,Baxter (1989),Drama|Horror,52794.0,6402
7743,Explorers (1985),Adventure|Children|Sci-Fi,9872.0,6403
7745,"Scent of Green Papaya, The (Mùi du du xhan - L'odeur de la papaye verte) (1993)",Drama,19552.0,6404
7748,Pierrot le fou (1965),Crime|Drama,2786.0,6405
7749,Weekend (a.k.a. Le Week-end) (Week End) (1967),Drama,8075.0,6406
7753,Tuesdays with Morrie (1999),Drama,26133.0,6407
7756,Alexander Nevsky (Aleksandr Nevskiy) (1938),Action|Drama|War,10235.0,6408
7757,Jason and the Argonauts (1963),Action|Adventure|Fantasy,11533.0,6409
7759,Nostalghia (1983),Drama,1394.0,6410
7761,"Soft Skin, The (La peau douce) (1964)",Drama,1719.0,6411
7763,Winter Sleepers (Winterschläfer) (2000),Drama|Romance,781.0,6412
7764,"Driller Killer, The (1979)",Drama|Horror,13553.0,6413
7766,Throne of Blood (Kumonosu jô) (1957),Action|Drama|Thriller|War,3777.0,6414
7767,"Best of Youth, The (La meglio gioventù) (2003)",Drama,11659.0,6415
7770,Treasure Island (1990),Adventure,26612.0,6416
7771,Zorba the Greek (Alexis Zorbas) (1964),Adventure|Drama,10604.0,6417
7773,"Bang, Bang, You're Dead (2002)",Drama,16876.0,6418
7781,Twister (1990),Comedy,77780.0,6419
7782,Sniper (1993),Action|Drama,9545.0,6420
7784,Ghost in the Machine (1993),Horror|Sci-Fi|Thriller,41651.0,6421
7785,"Time for Drunken Horses, A (Zamani barayé masti asbha) (2000)",Drama,29270.0,6422
7786,Genghis Blues (1999),Documentary,28030.0,6423
7787,To Hell and Back (1955),Action|Drama|War,16514.0,6424
7789,"11'09""01 - September 11 (2002)",Drama,1926.0,6425
7790,"Bon Voyage, Charlie Brown (and Don't Come Back!) (1980)",Animation|Children|Comedy,31112.0,6426
7791,Internal Affairs (1990),Crime|Thriller,11060.0,6427
7792,"Parallax View, The (1974)",Thriller,17365.0,6428
7802,"Warriors, The (1979)",Action|Adventure|Crime|Thriller,11474.0,6429
7809,Ambush (Rukajärven tie) (1999),Drama|Romance|War,49320.0,6430
7814,Waterloo (1970),Action|Drama|War,33157.0,6431
7815,True Stories (1986),Comedy|Musical,24798.0,6432
7817,Zardoz (1974),Fantasy|Sci-Fi,4923.0,6433
7818,School For Scoundrels (1960),Comedy,36741.0,6434
7820,"Virgin Spring, The (Jungfrukällan) (1960)",Crime|Drama,11656.0,6435
7822,Mogambo (1953),Adventure|Drama|Romance,25009.0,6436
7826,"Secret Life of Walter Mitty, The (1947)",Comedy|Romance|Thriller,40092.0,6437
7827,Cypher (2002),Action|Sci-Fi|Thriller,10133.0,6438
7831,Another Thin Man (1939),Comedy|Crime|Drama|Mystery|Romance,14589.0,6439
7832,"Thin Man Goes Home, The (1945)",Comedy|Crime|Mystery,14594.0,6440
7833,Shadow of the Thin Man (1941),Comedy|Crime|Mystery,14590.0,6441
7834,After the Thin Man (1936),Comedy|Crime|Mystery|Romance,14588.0,6442
7835,Song of the Thin Man (1947),Comedy|Crime|Drama|Musical|Mystery|Romance,14595.0,6443
7836,Woodstock (1970),Documentary|Musical,9459.0,6444
7839,Love Crazy (1941),Comedy,20644.0,6445
7840,Gunga Din (1939),Adventure|Comedy|War,24965.0,6446
7844,"Legend, The (Legend of Fong Sai-Yuk, The) (Fong Sai Yuk) (1993)",Action|Comedy,17653.0,6447
7845,Tremors II: Aftershocks (1996),Comedy|Horror|Sci-Fi,11069.0,6448
7846,Tremors 3: Back to Perfection (2001),Comedy|Horror|Sci-Fi,10829.0,6449
7847,"Peanut Butter Solution, The (1985)",Children|Fantasy,19425.0,6450
7878,Straight to Hell (1987),Comedy|Crime|Western,9698.0,6451
7879,Notorious C.H.O. (2002),Comedy,57946.0,6452
7881,White Zombie (1932),Horror,26860.0,6453
7882,The Plague of the Zombies (1966),Horror,29049.0,6454
7883,I Walked with a Zombie (1943),Drama|Horror,27130.0,6455
7884,Highway 61 (1991),Comedy,8468.0,6456
7885,"Vampire Lovers, The (1970)",Horror,31952.0,6457
7886,Countess Dracula (1972),Horror,39043.0,6458
7888,How to Succeed in Business Without Really Trying (1967),Comedy|Musical,22682.0,6459
7889,Pat Garrett and Billy the Kid (1973),Western,11577.0,6460
7890,The Left Handed Gun (1958),Crime|Drama|Western,42402.0,6461
7891,"Last Man on Earth, The (Ultimo uomo della Terra, L') (1964)",Drama|Horror|Sci-Fi,21159.0,6462
7892,"Street Fighter, The (Gekitotsu! Satsujin ken) (1974)",Action,40810.0,6463
7893,Return of the Street Fighter (Satsujin ken 2) (1974),Action|Crime|Drama,40812.0,6464
7894,"Duck, You Sucker (1971)",Action|Western,336.0,6465
7895,Bring Me the Head of Alfredo Garcia (1974),Crime|Drama|Thriller,11942.0,6466
7896,Ride the High Country (1962),Adventure|Drama|Western,36206.0,6467
7897,"Ballad of Cable Hogue, The (1970)",Comedy|Western,23330.0,6468
7898,Junior Bonner (1972),Comedy|Drama|Western,5927.0,6469
7899,Master of the Flying Guillotine (Du bi quan wang da po xue di zi) (1975),Action,49636.0,6470
7900,Frankenstein Must Be Destroyed (1969),Drama|Horror|Sci-Fi,3075.0,6471
7901,"Haunted Palace, The (1963)",Horror,30137.0,6472
7914,Berlin: Symphony of a Great City (Berlin: Die Sinfonie der Großstadt) (1927),Documentary,222.0,6473
7915,Samurai Fiction (SF: Episode One) (1998),Action|Adventure|Comedy,10686.0,6474
7916,Gidget (1959),Comedy,43096.0,6475
7918,"Indian Runner, The (1991)",Drama,25598.0,6476
7919,Drunken Angel (Yoidore tenshi) (1948),Drama|Film-Noir,25858.0,6477
7920,Desperate Living (1977),Comedy|Crime,14262.0,6478
7923,Rolling Thunder (1977),Action|Drama,21948.0,6479
7924,Stray Dog (Nora inu) (1949),Drama|Film-Noir|Thriller,30368.0,6480
7925,"Hidden Fortress, The (Kakushi-toride no san-akunin) (1958)",Action|Adventure,1059.0,6481
7926,High and Low (Tengoku to jigoku) (1963),Crime|Drama|Film-Noir|Thriller,12493.0,6482
7930,"People Under the Stairs, The (1991)",Horror|Mystery|Thriller,13122.0,6483
7932,Dark Days (2000),Documentary,14273.0,6484
7933,"Night in Casablanca, A (1946)",Comedy,26940.0,6485
7934,Zelig (1983),Comedy,11030.0,6486
7935,Face to Face (Ansikte mot ansikte) (1976),Drama|Fantasy|Horror|Mystery,29454.0,6487
7936,Shame (Skammen) (1968),Drama|War,26372.0,6488
7937,"Silence, The (Tystnaden) (1963)",Drama,11506.0,6489
7938,Winter Light (Nattvardsgästerna) (1963),Drama,29455.0,6490
7939,Through a Glass Darkly (Såsom i en spegel) (1961),Drama,11602.0,6491
7940,The Magician (1958),Drama,29453.0,6492
7941,Smiles of a Summer Night (Sommarnattens leende) (1955),Comedy|Romance,11700.0,6493
7942,Summer with Monika (Sommaren med Monika) (1953),Drama|Romance,47735.0,6494
7943,"Killers, The (1946)",Crime|Film-Noir,14638.0,6495
7944,"Night of the Iguana, The (1964)",Drama|Thriller,14703.0,6496
7946,Reflections in a Golden Eye (1967),Drama,3547.0,6497
7947,Under the Volcano (1984),Drama,41089.0,6498
7948,Wise Blood (1979),Comedy|Drama,42179.0,6499
7949,"Yakuza, The (1975)",Drama,28415.0,6500
7951,Nightbreed (1990),Fantasy|Horror,20481.0,6501
7954,"Baron Blood (Orrori del castello di Norimberga, Gli) (1972)",Horror,5485.0,6502
7959,"Trip, The (1967)",Drama,22694.0,6503
7976,Ken Park (2002),Drama,7090.0,6504
7979,Monterey Pop (1968),Documentary|Musical,42632.0,6505
7980,"Bridge Too Far, A (1977)",Action|Drama|War,5902.0,6506
7981,Infernal Affairs (Mou gaan dou) (2002),Crime|Drama|Thriller,10775.0,6507
7982,"Tale of Two Sisters, A (Janghwa, Hongryeon) (2003)",Drama|Horror|Mystery|Thriller,4552.0,6508
7983,Broadway Danny Rose (1984),Comedy,12762.0,6509
7984,From Beyond (1986),Horror|Sci-Fi,14510.0,6510
7986,Robot Jox (1990),Sci-Fi,15618.0,6511
7987,Dolls (1987),Horror,24341.0,6512
7988,Space Truckers (1996),Comedy|Sci-Fi,10690.0,6513
7990,Rock 'N' Roll High School (1979),Comedy|Musical,26326.0,6514
7991,Death Race 2000 (1975),Action|Sci-Fi,13282.0,6515
7993,"Bucket Of Blood, A (1959)",Comedy|Horror,22642.0,6516
8003,Bedlam (1946),Drama|Horror,24111.0,6517
8004,Planet of the Vampires (Terrore nello spazio) (1965),Horror|Sci-Fi,17921.0,6518
8007,Pure Country (1992),Drama|Musical|Romance,22627.0,6519
8008,Brigadoon (1954),Fantasy|Musical|Romance,18283.0,6520
8010,"Power of One, The (1992)",Drama,13823.0,6521
8011,"Weather Underground, The (2002)",Documentary,14108.0,6522
8012,Kikujiro (Kikujirô no natsu) (1999),Comedy|Drama,4291.0,6523
8013,I'm with Lucy (2002),Comedy|Romance,20718.0,6524
8014,"Spring, Summer, Fall, Winter... and Spring (Bom yeoreum gaeul gyeoul geurigo bom) (2003)",Drama,113.0,6525
8015,"Phantom Tollbooth, The (1970)",Adventure|Animation|Children|Fantasy,28476.0,6526
8016,"Getaway, The (1972)",Action|Crime|Drama|Thriller,5916.0,6527
8017,10 Rillington Place (1971),Crime|Drama|Thriller,26234.0,6528
8019,Dark Water (Honogurai mizu no soko kara) (2002),Drama|Horror|Mystery|Thriller,12205.0,6529
8024,"Thing Called Love, The (1993)",Comedy|Drama|Romance,27804.0,6530
8025,The Thief (1997),Drama,46187.0,6531
8033,How to Steal a Million (1966),Comedy|Crime|Romance,3001.0,6532
8035,"Stendhal Syndrome, The (Sindrome di Stendhal, La) (1996)",Crime|Horror|Thriller,39434.0,6533
8039,Support Your Local Sheriff! (1969),Comedy|Western,11574.0,6534
8040,Brain Donors (1992),Comedy,32450.0,6535
8042,Mean Streets (1973),Crime|Drama,203.0,6536
8043,Jack the Bear (1993),Comedy|Drama,38749.0,6537
8044,I Am a Fugitive from a Chain Gang (1932),Crime|Drama|Film-Noir,29740.0,6538
8045,Hamburger Hill (1987),Action|Drama|War,10652.0,6539
8056,Harper (1966),Crime|Drama|Mystery,26268.0,6540
8057,Sweet Bird of Youth (1962),Drama,33632.0,6541
8062,Dahmer (2002),Drama|Horror|Thriller,25853.0,6542
8063,Paradise (1991),Drama,68430.0,6543
8092,Frankenstein Unbound (1990),Drama|Horror|Sci-Fi,3072.0,6544
8093,Shiri (Swiri) (1999),Action|Drama|Romance|Thriller,10355.0,6545
8094,Bad Day at Black Rock (1955),Drama|Thriller|Western,14554.0,6546
8117,In China They Eat Dogs (I Kina spiser de hunde) (1999),Action|Comedy,250.0,6547
8118,Delta Force 2 (Delta Force 2: The Colombian Connection) (1990),Action|Adventure|Thriller|War,19086.0,6548
8119,Crossroads (1986),Drama,15392.0,6549
8121,"Seducing Doctor Lewis (Grande séduction, La) (2003)",Comedy,41277.0,6550
8123,Sammy and Rosie Get Laid (1987),Comedy|Drama,42013.0,6551
8125,Sunrise: A Song of Two Humans (1927),Drama|Romance,631.0,6552
8126,Shock Corridor (1963),Drama,25504.0,6553
8127,"First $20 Million Is Always the Hardest, The (2002)",Comedy,23855.0,6554
8128,Au revoir les enfants (1987),Drama,1786.0,6555
8129,Sex: The Annabel Chong Story (1999),Documentary,51182.0,6556
8130,"Girl Next Door, The (1999)",Documentary,45042.0,6557
8131,Pursuit of Happiness (2001),Comedy|Romance,210937.0,6558
8132,Gladiator (1992),Action|Drama,16219.0,6559
8133,"Inheritance, The (Arven) (2003)",Drama,15824.0,6560
8134,Wonderful Days (a.k.a. Sky Blue) (2003),Animation|Sci-Fi,14258.0,6561
8138,Attack of the Giant Leeches (1959),Horror|Sci-Fi,22718.0,6562
8140,The Cruel Sea (1953),Drama|War,16914.0,6563
8142,Dead or Alive: Hanzaisha (1999),Action|Crime,11315.0,6564
8143,Lola Montès (1955),Drama,35987.0,6565
8147,Charly (1968),Drama|Sci-Fi,29146.0,6566
8153,Lust for Life (1956),Drama,29592.0,6567
8154,"Dolce Vita, La (1960)",Drama,439.0,6568
8157,Jin Roh: The Wolf Brigade (Jin-Rô) (1998),Animation|Fantasy|Thriller,823.0,6569
8158,Rush (1991),Crime|Drama,20289.0,6570
8167,Captain Blood (1935),Action|Adventure|Romance,16905.0,6571
8168,"Lift, De (1983)",Horror|Thriller,11417.0,6572
8169,*batteries not included (1987),Children|Comedy|Fantasy|Sci-Fi,11548.0,6573
8183,Educating Rita (1983),Comedy|Drama,38291.0,6574
8187,On Moonlight Bay (1951),Comedy|Musical,41204.0,6575
8188,Sansho the Bailiff (Sanshô dayû) (1954),Drama,20532.0,6576
8189,Zazie dans le métro (1960),Comedy,2546.0,6577
8190,"Americanization of Emily, The (1964)",Comedy|Drama|War,42791.0,6578
8191,Anne of the Thousand Days (1969),Drama,22522.0,6579
8194,Baby Doll (1956),Drama,40478.0,6580
8195,"Avventura, L' (Adventure, The) (1960)",Drama|Mystery|Romance,5165.0,6581
8196,Beyond the Valley of the Dolls (1970),Comedy|Horror,5722.0,6582
8197,Hiroshima Mon Amour (1959),Drama|Romance|War,5544.0,6583
8198,"1000 Eyes of Dr. Mabuse, The (Die 1000 Augen des Dr. Mabuse) (1960)",Crime|Horror|Mystery|Thriller,19128.0,6584
8199,Ugetsu (Ugetsu monogatari) (1953),Drama|Thriller,14696.0,6585
8201,At Play in the Fields of the Lord (1991),Drama,51515.0,6586
8206,Mystery of the Wax Museum (1933),Horror,32652.0,6587
8207,"Day of the Jackal, The (1973)",Crime|Thriller,4909.0,6588
8208,"Razor's Edge, The (1946)",Drama,56135.0,6589
8221,War of the Buttons (1994),Adventure|Children|Drama,38348.0,6590
8222,"Other, The (1972)",Drama|Horror|Mystery|Thriller,35280.0,6591
8225,Night of the Living Dead (1990),Horror,19185.0,6592
8227,Drums Along the Mohawk (1939),Adventure|War|Western,73194.0,6593
8228,"Maltese Falcon, The (a.k.a. Dangerous Female) (1931)",Mystery,28257.0,6594
8232,I Love You Again (1940),Comedy|Drama,20643.0,6595
8235,Safety Last! (1923),Action|Comedy|Romance,22596.0,6596
8236,While the City Sleeps (1956),Drama|Film-Noir,36786.0,6597
8239,Viridiana (1961),Comedy|Drama,4497.0,6598
8240,Totally F***ed Up (1993),Drama,33560.0,6599
8241,Masterminds (1997),Action|Comedy|Thriller,25224.0,6600
8253,Lupin III: The Castle Of Cagliostro (Rupan sansei: Kariosutoro no shiro) (1979),Action|Adventure|Animation|Comedy|Crime|Mystery,15371.0,6601
8254,Arizona Dream (1993),Comedy|Drama|Fantasy|Romance,11044.0,6602
8256,Queen Christina (1933),Drama|Romance,31526.0,6603
8257,Battleground (1949),Action|Drama|War,31623.0,6604
8258,Citizen Toxie: The Toxic Avenger IV (2000),Action|Comedy|Horror,27601.0,6605
8259,Hooper (1978),Action|Comedy,16214.0,6606
8260,"Crazy Stranger, The (Gadjo Dilo) (1997)",Comedy|Drama,5071.0,6607
8261,3 Women (Three Women) (1977),Drama,41662.0,6608
8263,Take Me Out to the Ball Game (1949),Comedy|Musical|Romance,33738.0,6609
8264,Grey Gardens (1975),Documentary,17346.0,6610
8265,Frogs (1972),Drama|Horror|Mystery|Thriller,18274.0,6611
8266,Purple Rain (1984),Drama|Musical,13763.0,6612
8268,Point of No Return (1993),Action|Thriller,10498.0,6613
8270,"Hairdresser's Husband, The (Le mari de la coiffeuse) (1990)",Comedy|Drama|Romance,11796.0,6614
8272,Cromwell (1970),Drama,31675.0,6615
8273,"Tale of Ham and Passion, A (Jamón, Jamón) (1992)",Comedy|Drama|Romance,4507.0,6616
8275,College (1927),Comedy,34847.0,6617
8290,Mitchell (1975),Action|Crime,32303.0,6618
8291,Agatha Christie's 'Ten Little Indians' (Ten Little Indians) (And Then There Were None) (1965),Mystery,4879.0,6619
8292,Hakuchi (1951),Crime|Drama|Romance,24774.0,6620
8295,"Most Dangerous Game, The (1932)",Adventure|Mystery|Thriller,1994.0,6621
8302,"Front Page, The (1931)",Comedy|Drama|Romance,42814.0,6622
8327,Dolls (2002),Drama|Romance,870.0,6623
8330,Our Man in Havana (1959),Comedy|Drama|Thriller,25495.0,6624
8331,"Man Who Came to Dinner, The (1942)",Comedy,26319.0,6625
8332,Sunday Bloody Sunday (1971),Drama,45938.0,6626
8334,"Cowboys, The (1972)",Western,15573.0,6627
8335,Make Way for Tomorrow (1937),Drama,41059.0,6628
8336,"Major and the Minor, The (1942)",Comedy|Romance,39871.0,6629
8337,"Caine Mutiny, The (1954)",Drama|War,10178.0,6630
8338,Black Narcissus (1947),Drama,16391.0,6631
8340,Escape from Alcatraz (1979),Drama|Thriller,10734.0,6632
8341,Oliver Twist (1948),Adventure|Crime|Drama,10949.0,6633
8360,Shrek 2 (2004),Adventure|Animation|Children|Comedy|Musical|Romance,809.0,6634
8361,"Day After Tomorrow, The (2004)",Action|Adventure|Drama|Sci-Fi|Thriller,435.0,6635
8362,Raising Helen (2004),Comedy|Drama|Romance,4599.0,6636
8363,Soul Plane (2004),Comedy,12657.0,6637
8364,Baadasssss! (How to Get the Man's Foot Outta Your Ass) (2003),Drama,28219.0,6638
8365,"Mother, The (2003)",Drama,59210.0,6639
8366,Saved! (2004),Comedy|Drama,13193.0,6640
8367,"Time of the Wolf, The (Le temps du loup) (2003)",Drama,24190.0,6641
8368,Harry Potter and the Prisoner of Azkaban (2004),Adventure|Fantasy|IMAX,673.0,6642
8369,Mindhunters (2004),Action|Crime|Horror|Mystery|Thriller,16617.0,6643
8370,"Blind Swordsman: Zatoichi, The (Zatôichi) (2003)",Action|Comedy|Crime|Drama,246.0,6644
8371,"Chronicles of Riddick, The (2004)",Action|Sci-Fi|Thriller,2789.0,6645
8372,Garfield: The Movie (2004),Animation|Children|Comedy,8920.0,6646
8373,"Stepford Wives, The (2004)",Comedy|Fantasy|Thriller,9890.0,6647
8375,"Hunting of the President, The (2004)",Documentary,26254.0,6648
8376,Napoleon Dynamite (2004),Comedy,8193.0,6649
8377,City of Joy (1992),Drama,47821.0,6650
8378,"Doctor, The (1991)",Drama,26142.0,6651
8379,"Dresser, The (1983)",Drama,42122.0,6652
8380,Father Hood (1993),Comedy,65137.0,6653
8382,Hello Again (1987),Comedy,35151.0,6654
8383,Hope Springs (2003),Comedy|Romance,21544.0,6655
8385,Lover Come Back (1961),Comedy|Romance,40894.0,6656
8387,Police Academy: Mission to Moscow (1994),Comedy|Crime,11546.0,6657
8391,Big Wednesday (1978),Comedy|Drama,18387.0,6658
8395,"Last of Sheila, The (1973)",Crime|Mystery|Thriller,26331.0,6659
8400,Wish You Were Here (1987),Comedy|Drama,46976.0,6660
8401,"Adventures of Sherlock Holmes, The (1939)",Crime|Mystery|Thriller,17481.0,6661
8404,"Hound of the Baskervilles, The (1939)",Crime|Mystery|Thriller,27118.0,6662
8405,Hour of the Wolf (Vargtimmen) (1968),Drama|Horror,18333.0,6663
8407,"Molly Maguires, The (1970)",Drama,42345.0,6664
8410,Suddenly (1954),Crime|Drama|Film-Noir,18398.0,6665
8422,Kings Row (1942),Drama|Romance,53779.0,6666
8423,"Kid Brother, The (1927)",Children|Comedy|Romance,16661.0,6667
8425,Meet the Applegates (1991),Comedy,76516.0,6668
8426,Robot Carnival (Roboto kânibauru) (1987),Animation|Comedy|Drama|Fantasy|Sci-Fi,33441.0,6669
8446,Sands of Iwo Jima (1949),Action|Drama|Romance|War,18712.0,6670
8447,This Island Earth (1955),Sci-Fi,831.0,6671
8451,Blackboard Jungle (1955),Drama,26516.0,6672
8456,Investigation of a Citizen Above Suspicion (Indagine su un cittadino al di sopra di ogni sospetto) (1970),Crime|Drama|Thriller,26451.0,6673
8459,"Heiress, The (1949)",Drama|Romance,28571.0,6674
8460,State Fair (1945),Musical|Romance,27686.0,6675
8463,Johnny Belinda (1948),Drama,62000.0,6676
8464,Super Size Me (2004),Comedy|Documentary|Drama,9372.0,6677
8477,"Jetée, La (1962)",Romance|Sci-Fi,662.0,6678
8481,Northwest Passage (1940),Action|Adventure|Drama|Romance|Thriller|Western,43805.0,6679
8482,"Picture of Dorian Gray, The (1945)",Drama|Fantasy|Horror,16559.0,6680
8484,"Human Condition I, The (Ningen no joken I) (1959)",Drama|War,31217.0,6681
8485,Samsara (2001),Adventure|Drama|Romance,8341.0,6682
8486,Bachelor Mother (1939),Comedy|Romance,36488.0,6683
8487,Please Don't Eat the Daisies (1960),Children|Comedy|Musical,19414.0,6684
8491,White Heat (1949),Crime|Drama|Film-Noir,15794.0,6685
8492,"Christmas Carol, A (Scrooge) (1951)",Drama|Fantasy,13188.0,6686
8493,Memphis Belle (1990),Action|Drama|War,12651.0,6687
8494,"Cincinnati Kid, The (1965)",Drama,886.0,6688
8495,Animal Factory (2000),Crime|Drama,9791.0,6689
8496,"Panic in Needle Park, The (1971)",Drama|Romance,27554.0,6690
8499,Pretty Baby (1978),Drama,26973.0,6691
8501,"Hitcher, The (1986)",Action|Thriller,9542.0,6692
8502,Show Boat (1951),Drama|Musical|Romance,17820.0,6693
8503,Ivanhoe (1952),Adventure|Drama|Romance,26175.0,6694
8504,Box of Moon Light (1996),Comedy|Drama,31146.0,6695
8505,"Eel, The (Unagi) (1997)",Drama|Romance,20506.0,6696
8506,Fear X (2003),Mystery|Thriller,37696.0,6697
8507,Freaks (1932),Crime|Drama|Horror,136.0,6698
8511,"Immigrant, The (1917)",Comedy,47653.0,6699
8512,Silent Movie (1976),Comedy,10970.0,6700
8516,"Matter of Life and Death, A (Stairway to Heaven) (1946)",Drama|Fantasy|Romance,28162.0,6701
8520,Deep Cover (1992),Action|Crime|Thriller,20676.0,6702
8521,Dr. Jekyll and Mr. Hyde (1931),Drama|Horror,3019.0,6703
8522,My Little Chickadee (1940),Comedy|Western,29353.0,6704
8524,"High and the Mighty, The (1954)",Drama,17761.0,6705
8525,"Ugly Dachshund, The (1966)",Children|Comedy,20277.0,6706
8526,Around the World in 80 Days (2004),Adventure|Children|Comedy,10204.0,6707
8527,I'll Sleep When I'm Dead (2003),Crime|Drama,3515.0,6708
8528,Dodgeball: A True Underdog Story (2004),Comedy,9472.0,6709
8529,"Terminal, The (2004)",Comedy|Drama|Romance,594.0,6710
8530,Dear Frankie (2004),Drama|Romance,8981.0,6711
8531,White Chicks (2004),Action|Comedy|Crime,12153.0,6712
8532,"Door in the Floor, The (2004)",Drama,1944.0,6713
8533,"Notebook, The (2004)",Drama|Romance,11036.0,6714
8534,Two Brothers (Deux frères) (2004),Adventure|Children|Drama,1997.0,6715
8535,De-Lovely (2004),Drama|Musical,15237.0,6716
8537,Kaena: The Prophecy (Kaena: La prophétie) (2003),Action|Adventure|Animation|Children|Sci-Fi,11572.0,6717
8540,Back to Bataan (1945),Drama|War,19096.0,6718
8542,"Day at the Races, A (1937)",Comedy|Musical,11939.0,6719
8543,"Flying Leathernecks, The (1951)",Action|Drama|War,47555.0,6720
8571,Bob & Carol & Ted & Alice (1969),Comedy|Drama,26520.0,6721
8572,"Littlest Rebel, The (1935)",Children|Drama,43897.0,6722
8573,Reconstruction (2003),Drama|Romance,29456.0,6723
8574,"Claymation Christmas Celebration, A (1987)",Animation|Children|Comedy|Musical,21386.0,6724
8575,"Happenstance (Battement d'ailes du papillon, Le) (2001)",Comedy|Drama,24908.0,6725
8576,Kopps (2003),Action|Comedy,9256.0,6726
8577,Comandante (2003),Documentary,25783.0,6727
8578,Undead (2003),Action|Comedy|Horror|Sci-Fi,8991.0,6728
8580,Into the Woods (1991),Adventure|Comedy|Fantasy|Musical,23378.0,6729
8581,Pirates of Silicon Valley (1999),Documentary|Drama,3293.0,6730
8582,Manufacturing Consent: Noam Chomsky and the Media (1992),Documentary|War,36947.0,6731
8583,"Clock, The (1945)",Adventure|Drama|Romance,54028.0,6732
8584,Leave Her to Heaven (1945),Drama|Film-Noir,17645.0,6733
8585,Rapa Nui (1994),Action|Adventure|Drama|Romance,10448.0,6734
8587,Mayor of the Sunset Strip (2003),Documentary,61487.0,6735
8589,Winter War (Talvisota) (1989),Drama|War,29383.0,6736
8591,"Philadelphia Experiment, The (1984)",Adventure|Drama|Sci-Fi,10606.0,6737
8593,Juice (1992),Action|Crime|Drama|Thriller,16136.0,6738
8595,"Flim-Flam Man, The (1967)",Action|Adventure|Comedy,42407.0,6739
8596,Revenge of the Pink Panther (1978),Comedy|Crime,6081.0,6740
8598,I Am Dina (2002),Crime|Drama|Mystery|Romance,36561.0,6741
8600,Angels with Dirty Faces (1938),Crime|Drama|Film-Noir|Thriller,13696.0,6742
8601,Zero de conduite (Zero for Conduct) (Zéro de conduite: Jeunes diables au collège) (1933),Comedy|Drama,44494.0,6743
8602,Shadows (1959),Drama,15484.0,6744
8604,Taxi (1998),Action|Comedy,2330.0,6745
8605,Taxi 3 (2003),Action|Comedy,2334.0,6746
8607,Tokyo Godfathers (2003),Adventure|Animation|Drama,13398.0,6747
8608,"Butcher, The (Boucher, Le) (1970)",Drama|Thriller,2912.0,6748
8609,Our Hospitality (1923),Comedy,701.0,6749
8610,All of Me (1984),Comedy|Fantasy,10631.0,6750
8611,"Farmer's Daughter, The (1947)",Comedy,43466.0,6751
8612,Lassie Come Home (1943),Adventure|Children|Drama,2202.0,6752
8614,Overboard (1987),Comedy|Romance,10780.0,6753
8615,"Mask of Fu Manchu, The (1932)",Adventure|Horror|Sci-Fi,3484.0,6754
8616,By the Light of the Silvery Moon (1953),Children|Musical|Romance,19590.0,6755
8617,Butterfield 8 (1960),Drama,23724.0,6756
8618,Johnny Guitar (1954),Drama|Western,26596.0,6757
8620,"Exterminating Angel, The (Ángel exterminador, El) (1962)",Comedy|Drama|Fantasy|Mystery,29264.0,6758
8622,Fahrenheit 9/11 (2004),Documentary,1777.0,6759
8623,Roxanne (1987),Comedy|Romance,11584.0,6760
8626,Dr. Terror's House of Horrors (1965),Horror|Sci-Fi,26811.0,6761
8629,"Book of Life, The (1998)",Comedy|Fantasy,23522.0,6762
8631,Hard Times (1975),Action|Drama,22094.0,6763
8633,"Last Starfighter, The (1984)",Action|Adventure|Comedy|Sci-Fi,11884.0,6764
8634,Tank (1984),Action|Comedy|Drama,21871.0,6765
8636,Spider-Man 2 (2004),Action|Adventure|Sci-Fi|IMAX,558.0,6766
8638,Before Sunset (2004),Drama|Romance,80.0,6767
8639,"Clearing, The (2004)",Drama|Thriller,10742.0,6768
8640,King Arthur (2004),Action|Adventure|Drama|War,9477.0,6769
8641,Anchorman: The Legend of Ron Burgundy (2004),Comedy,8699.0,6770
8642,Sleepover (2004),Comedy,9893.0,6771
8643,"Cinderella Story, A (2004)",Comedy|Romance,11247.0,6772
8644,"I, Robot (2004)",Action|Adventure|Sci-Fi|Thriller,2048.0,6773
8645,"Maria Full of Grace (Maria, Llena eres de gracia) (2004)",Crime|Drama,436.0,6774
8649,Gray Lady Down (1978),Drama|Thriller,31948.0,6775
8650,Long Day's Journey Into Night (1962),Drama,43004.0,6776
8651,Man of La Mancha (1972),Adventure|Comedy|Musical,45793.0,6777
8655,Rustlers' Rhapsody (1985),Comedy|Western,19014.0,6778
8656,"Short Film About Killing, A (Krótki film o zabijaniu) (1988)",Crime|Drama,10754.0,6779
8657,"Tin Star, The (1957)",Western,30054.0,6780
8658,Zandalee (1991),Drama|Thriller,36630.0,6781
8661,How the West Was Won (1962),Adventure|Drama|Western,11897.0,6782
8662,Joan of Arc (1948),Action|Drama|War,43443.0,6783
8663,Live Forever (2003),Comedy|Documentary,54300.0,6784
8665,"Bourne Supremacy, The (2004)",Action|Crime|Thriller,2502.0,6785
8666,Catwoman (2004),Action|Crime|Fantasy,314.0,6786
8667,A Home at the End of the World (2004),Drama|Romance,18923.0,6787
8669,Stay Hungry (1976),Comedy|Drama,5228.0,6788
8670,"Testament of Dr. Mabuse, The (Das Testament des Dr. Mabuse) (1933)",Crime|Horror|Mystery|Thriller,12206.0,6789
8674,Disco Pigs (2001),Drama,26126.0,6790
8675,"Enemy Below, The (1957)",Action|Drama|War,15876.0,6791
8676,Fist of the North Star (1995),Action|Thriller,26300.0,6792
8678,Guns of the Magnificent Seven (1969),Action|Adventure|Drama|Western,12625.0,6793
8680,In a Glass Cage (Tras el cristal) (1986),Drama|Horror,46767.0,6794
8681,Lancelot of the Lake (Lancelot du Lac) (1974),Drama|War,55848.0,6795
8684,"Man Escaped, A (Un  condamné à mort s'est échappé ou Le vent souffle où il veut) (1956)",Adventure|Drama,15244.0,6796
8689,"Shock to the System, A (1990)",Comedy|Crime|Thriller,20876.0,6797
8690,Slaughterhouse-Five (1972),Comedy|Drama|Sci-Fi|War,24559.0,6798
8695,"Bachelor and the Bobby-Soxer, The (1947)",Comedy,27437.0,6799
8698,"Comfort of Strangers, The (1990)",Drama,41925.0,6800
8700,Destination Tokyo (1943),Adventure|War,22871.0,6801
8701,Dr. Jekyll and Ms. Hyde (1995),Comedy|Horror,37019.0,6802
8709,How I Got Into College (1989),Comedy|Romance,27307.0,6803
8710,Map of the Human Heart (1993),Drama|Romance,36709.0,6804
8711,Mr. Blandings Builds His Dream House (1948),Comedy,32294.0,6805
8712,My Favorite Wife (1940),Comedy|Romance,41463.0,6806
8713,"New Adventures of Pippi Longstocking, The (1988)",Adventure|Children|Fantasy|Musical,19051.0,6807
8718,"Snake Pit, The (1948)",Drama,62694.0,6808
8720,"Super, The (1991)",Comedy,53287.0,6809
8722,Two of a Kind (1983),Comedy|Fantasy|Romance,32644.0,6810
8724,"Leopard, The (Gattopardo, Il) (1963)",Drama|War,1040.0,6811
8725,"Goodbye, Columbus (1969)",Comedy|Drama|Romance,42604.0,6812
8726,"President's Analyst, The (1967)",Comedy|Thriller,24214.0,6813
8727,"Day of the Locust, The (1975)",Drama,5122.0,6814
8730,To End All Wars (2001),Action|Drama|War,1783.0,6815
8731,Moulin Rouge (1952),Drama,10910.0,6816
8732,"Belly of an Architect, The (1987)",Drama,17238.0,6817
8733,"Nest, The (Nid de Guêpes) (2002)",Action|Crime|Thriller,22156.0,6818
8738,"Woman Is a Woman, A (femme est une femme, Une) (1961)",Comedy|Drama|Musical|Romance,31522.0,6819
8739,Mamma Roma (1962),Drama,47796.0,6820
8740,"Lower Depths, The (Donzoko) (1957)",Comedy|Drama,26893.0,6821
8746,King of the Ants (2003),Crime|Horror,21619.0,6822
8748,"Yesterday, Today and Tomorrow (Ieri, oggi, domani) (1963)",Comedy,42801.0,6823
8749,"Beautiful Troublemaker, The (La belle noiseuse) (1991)",Drama,12627.0,6824
8751,Gun Crazy (a.k.a. Deadly Is the Female) (1949),Crime|Drama|Film-Noir,18671.0,6825
8752,"Set-Up, The (1949)",Drama|Film-Noir|Romance,17218.0,6826
8753,Unprecedented: The 2000 Presidential Election (2002),Documentary,41316.0,6827
8754,"Prime of Miss Jean Brodie, The (1969)",Drama,5179.0,6828
8755,My Voyage to Italy (Il mio viaggio in Italia) (1999),Documentary,53198.0,6829
8761,"Three Lives of Thomasina, The (1964)",Children|Drama,15081.0,6830
8765,This Gun for Hire (1942),Crime|Film-Noir|Thriller,16703.0,6831
8767,"Big Clock, The (1948)",Crime|Film-Noir|Thriller,19974.0,6832
8768,Criss Cross (1949),Crime|Drama|Film-Noir,22112.0,6833
8772,"Spy Who Came in from the Cold, The (1965)",Drama|Thriller,13580.0,6834
8773,Sherlock Holmes and the Secret Weapon (1942),Crime|Mystery|Thriller,18706.0,6835
8774,Sherlock Holmes: The Woman in Green (1945),Mystery,34327.0,6836
8778,Sherlock Holmes: Dressed to Kill (1946),Crime|Mystery,20417.0,6837
8779,Bon Voyage (2003),Comedy|Drama,14652.0,6838
8780,"Assassination Bureau, The (1969)",Action|Adventure|Comedy|Crime|Sci-Fi,69526.0,6839
8781,"Manchurian Candidate, The (2004)",Thriller,14462.0,6840
8782,Thunderbirds (2004),Action|Adventure|Fantasy|Sci-Fi,14623.0,6841
8783,"Village, The (2004)",Drama|Mystery|Thriller,6947.0,6842
8784,Garden State (2004),Comedy|Drama|Romance,401.0,6843
8785,Early Summer (Bakushû) (1951),Drama,50247.0,6844
8786,Port of Shadows (Quai des brumes) (1938),Drama,46326.0,6845
8787,Thunderbirds Are GO (1966),Action|Sci-Fi,35780.0,6846
8793,PTU (2003),Crime|Drama,25536.0,6847
8795,Musa the Warrior (Musa) (2001),Action|Adventure|Drama|War,23305.0,6848
8796,"Funny Thing Happened on the Way to the Forum, A (1966)",Comedy|Musical,17768.0,6849
8797,Salesman (1969),Documentary,27375.0,6850
8798,Collateral (2004),Action|Crime|Drama|Thriller,1538.0,6851
8799,Little Black Book (2004),Comedy|Romance,14846.0,6852
8800,Code 46 (2003),Romance|Sci-Fi,2577.0,6853
8801,In the Soup (1992),Comedy|Drama,52936.0,6854
8805,Attack the Gas Station! (Juyuso seubgyuksageun) (1999),Comedy|Crime,16606.0,6855
8807,Harold and Kumar Go to White Castle (2004),Adventure|Comedy,11282.0,6856
8808,"Princess Diaries 2: Royal Engagement, The (2004)",Comedy|Romance,11130.0,6857
8809,Danny Deckchair (2003),Comedy|Romance,14389.0,6858
8810,AVP: Alien vs. Predator (2004),Action|Horror|Sci-Fi|Thriller,395.0,6859
8811,Yu-Gi-Oh! (2004),Action|Adventure|Animation|Fantasy,11052.0,6860
8813,We Don't Live Here Anymore (2004),Drama,23601.0,6861
8814,Without a Paddle (2004),Comedy,10762.0,6862
8815,Exorcist: The Beginning (2004),Horror|Thriller,11026.0,6863
8823,"Sting II, The (1983)",Comedy|Crime,36912.0,6864
8826,Human Resources (Ressources humaines) (1999),Drama,46831.0,6865
8827,"Bill Cosby, Himself (1983)",Comedy|Documentary,20120.0,6866
8828,Dead Ringer (1964),Drama|Thriller,22543.0,6867
8830,Anacondas: The Hunt for the Blood Orchid (2004),Adventure|Drama|Horror|Sci-Fi|Thriller,11237.0,6868
8831,Suspect Zero (2004),Crime|Thriller,8080.0,6869
8832,Warriors of Heaven and Earth (Tian di ying xiong) (2003),Action|Adventure|Drama,14797.0,6870
8833,Vanity Fair (2004),Drama|Romance,11632.0,6871
8835,Paparazzi (2004),Drama|Thriller,15644.0,6872
8836,Wicker Park (2004),Drama|Romance|Thriller,11208.0,6873
8838,Alice Doesn't Live Here Anymore (1974),Drama|Romance,16153.0,6874
8839,"Mangler, The (1995)",Horror,13559.0,6875
8840,Who's That Knocking at My Door? (1967),Drama,42694.0,6876
8841,Seeing Other People (2004),Comedy,32298.0,6877
8844,Camera Buff (Amator) (1979),Drama,42164.0,6878
8846,Highwaymen (2003),Action|Crime|Thriller,29979.0,6879
8847,Graffiti Bridge (1990),Drama|Musical,41762.0,6880
8848,"Vitelloni, I (a.k.a. The Young and the Passionate) (1953)",Drama,12548.0,6881
8849,Under the Cherry Moon (1986),Comedy|Drama|Musical|Romance,33345.0,6882
8850,Flipper (1963),Adventure|Children|Drama,19893.0,6883
8851,Smile (1975),Comedy,42264.0,6884
8852,Lord Jim (1965),Adventure|Drama,11387.0,6885
8854,Night of the Demons (1988),Horror,24924.0,6886
8855,Witchboard (1986),Horror|Mystery|Thriller,17994.0,6887
8859,SuperBabies: Baby Geniuses 2 (2004),Comedy,31117.0,6888
8860,Cellular (2004),Action|Crime|Drama|Mystery|Thriller,9759.0,6889
8861,Resident Evil: Apocalypse (2004),Action|Horror|Sci-Fi|Thriller,1577.0,6890
8862,Criminal (2004),Comedy|Drama,14198.0,6891
8864,Mr. 3000 (2004),Comedy|Drama,16232.0,6892
8865,Sky Captain and the World of Tomorrow (2004),Action|Adventure|Sci-Fi,5137.0,6893
8866,Wimbledon (2004),Comedy|Romance,11823.0,6894
8867,Anatomy of Hell (Anatomie de l'enfer) (2004),Drama,2003.0,6895
8868,Head in the Clouds (2004),Drama|Romance|War,18804.0,6896
8869,First Daughter (2004),Comedy|Romance,13969.0,6897
8870,"Forgotten, The (2004)",Drama|Mystery|Sci-Fi|Thriller,10145.0,6898
8871,"Last Shot, The (2004)",Comedy,26486.0,6899
8872,"Dirty Shame, A (2004)",Comedy,13702.0,6900
8873,"Motorcycle Diaries, The (Diarios de motocicleta) (2004)",Adventure|Drama,1653.0,6901
8874,Shaun of the Dead (2004),Comedy|Horror,747.0,6902
8875,"Come Back, Little Sheba (1952)",Drama,84214.0,6903
8879,Murder on the Orient Express (1974),Crime|Mystery|Thriller,4176.0,6904
8880,Mask (1985),Drama,11177.0,6905
8882,"Boston Strangler, The (1968)",Crime|Drama|Mystery|Thriller,26690.0,6906
8884,"Man with One Red Shoe, The (1985)",Comedy|Thriller,10905.0,6907
8885,"Sentinel, The (1977)",Drama|Horror|Mystery|Thriller,18196.0,6908
8886,SSSSSSS (1973),Horror|Sci-Fi,70345.0,6909
8892,Basket Case 3: The Progeny (1992),Comedy|Horror,27816.0,6910
8893,Basket Case 2 (1990),Comedy|Horror,27815.0,6911
8894,Orca: The Killer Whale (1977),Action|Drama|Horror|Thriller,12707.0,6912
8898,"Robinson Crusoe (Adventures of Robinson Crusoe, The) (1954)",Adventure|Drama,54979.0,6913
8899,Hardcore (1979),Drama,42172.0,6914
8900,Watermelon Man (1970),Comedy|Drama,42600.0,6915
8903,"Terror, The (1963)",Horror|Mystery,31655.0,6916
8905,1492: Conquest of Paradise (1992),Adventure|Drama,1492.0,6917
8906,Cannibal Holocaust (1980),Horror,8689.0,6918
8907,Shark Tale (2004),Animation|Children|Comedy,10555.0,6919
8908,Ladder 49 (2004),Action|Drama|Thriller,11128.0,6920
8910,I Heart Huckabees (2004),Comedy,1599.0,6921
8911,Raise Your Voice (2004),Romance,14024.0,6922
8912,Taxi (2004),Action|Comedy,11045.0,6923
8913,Around the Bend (2004),Drama,15503.0,6924
8914,Primer (2004),Drama|Sci-Fi,14337.0,6925
8915,Stage Beauty (2004),Drama,26108.0,6926
8916,Shall We Dance? (2004),Comedy|Romance,4380.0,6927
8917,Team America: World Police (2004),Action|Adventure|Animation|Comedy,3989.0,6928
8918,Eulogy (2004),Comedy|Crime|Drama,16358.0,6929
8919,P.S. (2004),Comedy|Drama|Fantasy|Romance,25313.0,6930
8920,"Country Girl, The (1954)",Drama,2438.0,6931
8921,"Rose Tattoo, The (1955)",Drama|Romance,65550.0,6932
8922,Epidemic (1988),Drama|Horror|Thriller,29445.0,6933
8923,Tess (1979),Drama|Romance,11121.0,6934
8924,I Wanna Hold Your Hand (1978),Comedy,55457.0,6935
8927,Cannonball (1976),Action|Comedy|Drama,21241.0,6936
8928,"Fearless Vampire Killers, The (1967)",Comedy|Horror,3053.0,6937
8929,Black Beauty (1971),Children|Drama,28356.0,6938
8930,"Five Obstructions, The (Fem benspænd, De) (2003)",Documentary,12456.0,6939
8931,Born Rich (2003),Documentary,55047.0,6940
8932,It's Alive (1974),Horror,28153.0,6941
8933,"Decline of the American Empire, The (Déclin de l'empire américain, Le) (1986)",Comedy|Drama,18499.0,6942
8934,Bebe's Kids (1992),Animation|Children|Comedy,36616.0,6943
8935,All I Want for Christmas (1991),Children|Comedy|Romance,13644.0,6944
8937,Friday Night Lights (2004),Action|Drama,13416.0,6945
8938,Tarnation (2003),Documentary,1435.0,6946
8939,"Final Cut, The (2004)",Sci-Fi|Thriller,11099.0,6947
8941,Riding the Bullet (2004),Horror|Thriller,12483.0,6948
8943,Being Julia (2004),Comedy|Drama,18701.0,6949
8946,Surviving Christmas (2004),Comedy,15566.0,6950
8947,"Grudge, The (2004)",Horror|Mystery|Thriller,1970.0,6951
8948,Alfie (2004),Comedy|Drama|Romance,8849.0,6952
8949,Sideways (2004),Comedy|Drama|Romance,9675.0,6953
8950,The Machinist (2004),Drama|Mystery|Thriller,4553.0,6954
8951,Vera Drake (2004),Drama,11109.0,6955
8955,Undertow (2004),Crime|Drama|Thriller,16131.0,6956
8956,Enduring Love (2004),Drama,9391.0,6957
8957,Saw (2004),Horror|Mystery|Thriller,176.0,6958
8958,Ray (2004),Drama,1677.0,6959
8959,Birth (2004),Drama|Mystery,10740.0,6960
8961,"Incredibles, The (2004)",Action|Adventure|Animation|Children|Comedy,9806.0,6961
8963,It's All About Love (2003),Drama|Romance|Sci-Fi|Thriller,12777.0,6962
8965,"Polar Express, The (2004)",Adventure|Animation|Children|Fantasy|IMAX,5255.0,6963
8966,Kinsey (2004),Drama,11184.0,6964
8967,Seed of Chucky (Child's Play 5) (2004),Comedy|Horror,11249.0,6965
8968,After the Sunset (2004),Action|Adventure|Comedy|Crime|Thriller,10589.0,6966
8969,Bridget Jones: The Edge of Reason (2004),Comedy|Drama|Romance,9801.0,6967
8970,Finding Neverland (2004),Drama,866.0,6968
8971,Veer Zaara (2004),Drama|Musical|Romance,4251.0,6969
8972,National Treasure (2004),Action|Adventure|Drama|Mystery|Thriller,2059.0,6970
8973,Bad Education (La mala educación) (2004),Drama|Thriller,140.0,6971
8974,"SpongeBob SquarePants Movie, The (2004)",Adventure|Animation|Children|Comedy,11836.0,6972
8977,Alexander (2004),Action|Adventure|Drama|War,1966.0,6973
8978,Christmas with the Kranks (2004),Children|Comedy,13673.0,6974
8979,Guerrilla: The Taking of Patty Hearst (2004),Documentary,174787.0,6975
8980,Our Music (Notre musique) (2004),Drama,26347.0,6976
8981,Closer (2004),Drama|Romance,2288.0,6977
8982,I Am David (2003),Drama,15397.0,6978
8983,House of Flying Daggers (Shi mian mai fu) (2004),Action|Drama|Romance,9550.0,6979
8984,Ocean's Twelve (2004),Action|Comedy|Crime|Thriller,163.0,6980
8985,Blade: Trinity (2004),Action|Fantasy|Horror|Thriller,36648.0,6981
8986,"Bellboy, The (1960)",Comedy,15788.0,6982
8987,Bush's Brain (2004),Documentary,33377.0,6983
8988,Cinderfella (1960),Comedy,18973.0,6984
8989,Damn Yankees! (1958),Comedy|Musical,41253.0,6985
8991,"Disorderly Orderly, The (1964)",Comedy|Romance,35188.0,6986
8994,"Ladies Man, The (1961)",Comedy,28333.0,6987
8998,That's Entertainment (1974),Documentary,33740.0,6988
8999,"That's Entertainment, Part II (1976)",Documentary,74719.0,6989
9000,That's Entertainment! III (1994),Documentary,77448.0,6990
9001,"Wackiest Ship in the Army, The (1960)",Comedy|War,43752.0,6991
9002,Alexander the Great (1956),Drama,42668.0,6992
9004,D.A.R.Y.L. (1985),Adventure|Children|Sci-Fi,16248.0,6993
9005,Fire in the Sky (1993),Drama|Mystery|Sci-Fi,15613.0,6994
9008,"Invisible Man Returns, The (1940)",Horror|Sci-Fi,28421.0,6995
9010,Love Me If You Dare (Jeux d'enfants) (2003),Drama|Romance,8424.0,6996
9011,Portrait of Jennie (1948),Drama|Fantasy|Mystery|Romance,32558.0,6997
9013,Secret Honor (1984),Drama,50034.0,6998
9018,Control Room (2004),Documentary|War,18889.0,6999
25737,"Golem, The (Golem, wie er in die Welt kam, Der) (1920)",Fantasy|Horror,2972.0,7000
25738,"Last of the Mohicans, The (1920)",Adventure|Drama,71065.0,7001
25741,"Phantom Carriage, The (Körkarlen) (1921)",Drama,58129.0,7002
25744,Haxan: Witchcraft Through the Ages (a.k.a. The Witches) (1922),Documentary|Horror,57283.0,7003
25746,"Hunchback of Notre Dame, The (1923)",Drama|Horror,18987.0,7004
25750,Sherlock Jr. (1924),Comedy|Fantasy|Romance,992.0,7005
25752,"Freshman, The (1925)",Comedy,42359.0,7006
25753,Greed (1924),Drama,1405.0,7007
25755,"Phantom of the Opera, The (1925)",Drama|Horror,964.0,7008
25757,"Jazz Singer, The (1927)",Drama|Musical|Romance,939.0,7009
25759,October (1928),Drama|War,697.0,7010
25762,"Unknown, The (a.k.a. Alonzo the Armless) (1927)",Drama|Horror|Romance,27503.0,7011
25763,"Pandora's Box (Büchse der Pandora, Die) (1929)",Drama,905.0,7012
25764,"Cameraman, The (1928)",Comedy|Drama|Romance,31411.0,7013
25766,"Crowd, The (1928)",Drama,3061.0,7014
25767,"Man Who Laughs, The (1928)",Drama|Romance,27517.0,7015
25769,"Steamboat Bill, Jr. (1928)",Comedy|Romance,25768.0,7016
25771,"Andalusian Dog, An (Chien andalou, Un) (1929)",Fantasy,626.0,7017
25773,Little Caesar (1931),Crime|Drama,27899.0,7018
25774,"Golden Age, The (Âge d'Or, L') (1930)",Comedy|Drama|Romance,5729.0,7019
25777,Monkey Business (1931),Comedy,13911.0,7020
25782,Boudu Saved From Drowning (Boudu sauvé des eaux) (1932),Comedy,48365.0,7021
25786,"Old Dark House, The (1932)",Drama|Horror|Thriller,31592.0,7022
25788,Scarface (1932),Crime|Drama,877.0,7023
25789,Shanghai Express (1932),Adventure|Drama|Romance,875.0,7024
25792,"I Was Born, But... (a.k.a. Children of Tokyo) (Otona no miru ehon - Umarete wa mita keredo) (1932)",Comedy|Drama,28268.0,7025
25793,Vampyr (1932),Fantasy|Horror,779.0,7026
25795,Dinner at Eight (1933),Comedy|Drama|Romance,39130.0,7027
25797,Gold Diggers of 1933 (1933),Musical,31511.0,7028
25798,Island of Lost Souls (1932),Adventure|Horror|Romance|Sci-Fi,3031.0,7029
25801,She Done Him Wrong (1933),Comedy|Romance,43595.0,7030
25802,"Son of Kong, The (1933)",Adventure|Comedy|Fantasy,43149.0,7031
25805,"Atalante, L' (1934)",Comedy|Drama|Romance,43904.0,7032
25807,"Black Cat, The (1934)",Adventure|Crime|Horror|Thriller,24106.0,7033
25818,"Informer, The (1935)",Crime|Drama,43896.0,7034
25825,Fury (1936),Drama|Film-Noir,14615.0,7035
25826,Libeled Lady (1936),Comedy|Romance,31773.0,7036
25827,Mr. Deeds Goes to Town (1936),Comedy|Romance,24807.0,7037
25828,"Petrified Forest, The (1936)",Crime|Drama|Romance,17030.0,7038
25833,Camille (1936),Drama|Romance,43874.0,7039
25834,Captains Courageous (1937),Adventure|Drama,16515.0,7040
25835,Dead End (1937),Crime|Drama|Film-Noir,27973.0,7041
25839,Nothing Sacred (1937),Comedy|Drama|Romance,37650.0,7042
25840,"Prisoner of Zenda, The (1937)",Action|Adventure|Romance,43867.0,7043
25841,Stage Door (1937),Drama,43864.0,7044
25842,Topper (1937),Comedy|Fantasy|Romance,23101.0,7045
25850,Holiday (1938),Comedy|Drama|Romance,16274.0,7046
25852,Gaslight (1940),Mystery|Thriller,55207.0,7047
25855,"Roaring Twenties, The (1939)",Crime|Drama|Thriller,37698.0,7048
25856,Wuthering Heights (1939),Drama|Romance,3084.0,7049
25865,"Letter, The (1940)",Drama|Film-Noir,17801.0,7050
25866,"Sea Hawk, The (1940)",Action|Adventure|Romance,26201.0,7051
25868,Ball of Fire (1941),Comedy|Romance,29884.0,7052
25870,Here Comes Mr. Jordan (1941),Comedy|Fantasy|Romance,38914.0,7053
25886,Random Harvest (1942),Drama|Romance,22387.0,7054
25891,Heaven Can Wait (1943),Comedy|Fantasy|Romance,18727.0,7055
25893,"Memphis Belle: A Story of a Flying Fortress, The (1944)",Documentary|War,41355.0,7056
25898,Day of Wrath (Vredens dag) (1943),Drama,41391.0,7057
25899,Cover Girl (1944),Comedy|Musical,21622.0,7058
25900,"Curse of the Cat People, The (1944)",Drama,28436.0,7059
25901,"Henry V (Chronicle History of King Henry the Fift with His Battell Fought at Agincourt in France, The) (1944)",Drama|War,22638.0,7060
25904,Ministry of Fear (1944),Drama|Film-Noir|Thriller,21451.0,7061
25905,"Miracle of Morgan's Creek, The (1944)",Comedy|Romance,42879.0,7062
25906,Mr. Skeffington (1944),Drama|Romance,43307.0,7063
25911,"Woman in the Window, The (1944)",Crime|Film-Noir|Thriller,17136.0,7064
25914,"Ivan the Terrible, Part One (Ivan Groznyy I) (1944)",Drama,9797.0,7065
25916,They Were Expendable (1945),Drama|War,18771.0,7066
25918,"Tree Grows in Brooklyn, A (1945)",Drama,30177.0,7067
25920,"Blue Dahlia, The (1946)",Crime|Drama|Film-Noir|Mystery|Thriller,16090.0,7068
25923,Great Expectations (1946),Drama,14320.0,7069
25927,"Stranger, The (1946)",Drama|Film-Noir|Thriller,20246.0,7070
25929,Nightmare Alley (1947),Drama|Film-Noir,19169.0,7071
25930,Odd Man Out (1947),Crime|Drama|Film-Noir|Thriller,43461.0,7072
25934,3 Godfathers (1948),Drama|Western,29244.0,7073
25937,Easter Parade (1948),Musical|Romance,29380.0,7074
25938,Fort Apache (1948),Western,37347.0,7075
25940,"Lady from Shanghai, The (1947)",Drama|Film-Noir|Mystery,3766.0,7076
25941,Letter from an Unknown Woman (1948),Drama|Romance,946.0,7077
25943,"Naked City, The (1948)",Crime|Drama|Film-Noir|Mystery,20482.0,7078
25945,They Live by Night (1949),Crime|Film-Noir|Romance,44190.0,7079
25946,"Three Musketeers, The (1948)",Action|Adventure|Drama|Romance,41609.0,7080
25947,Unfaithfully Yours (1948),Comedy,33115.0,7081
25952,"Letter to Three Wives, A (1949)",Comedy|Drama,45578.0,7082
25954,Orpheus (Orphée) (1950),Drama|Fantasy|Romance,4558.0,7083
25959,Annie Get Your Gun (1950),Comedy|Musical|Romance|Western,25209.0,7084
25961,"Gunfighter, The (1950)",Action|Western,17409.0,7085
25962,King Solomon's Mines (1950),Action|Adventure|Romance,43388.0,7086
25963,"Young and the Damned, The (Olvidados, Los) (1950)",Crime|Drama,800.0,7087
25971,Carrie (1952),Drama|Romance,43358.0,7088
25975,"Life of Oharu, The (Saikaku ichidai onna) (1952)",Drama,43364.0,7089
25977,Abbott and Costello Meet Dr. Jekyll and Mr. Hyde (1953),Comedy|Horror|Sci-Fi,3023.0,7090
25993,Magnificent Obsession (1954),Drama|Romance,13457.0,7091
25995,Samurai I: Musashi Miyamoto (Miyamoto Musashi) (1954),Action|Adventure|Drama,31372.0,7092
25996,"Star Is Born, A (1954)",Drama|Musical,3111.0,7093
25999,The Wild One (1953),Drama,28696.0,7094
26002,Confidential Report (1955),Crime|Drama|Mystery|Thriller,44026.0,7095
26003,Night and Fog (Nuit et brouillard) (1955),Crime|Documentary|War,803.0,7096
26005,Samurai II: Duel at Ichijoji Temple (Zoku Miyamoto Musashi: Ichijôji no kettô) (1955),Action|Adventure|Drama,31374.0,7097
26007,"Unknown Soldier, The (Tuntematon sotilas) (1955)",Drama|War,36439.0,7098
26009,"Burmese Harp, The (Biruma no tategoto) (1956)",Drama|War,33319.0,7099
26010,Carousel (1956),Musical|Romance,28100.0,7100
26012,Samurai III: Duel on Ganryu Island (a.k.a. Bushido) (Miyamoto Musashi kanketsuhen: kettô Ganryûjima) (1956),Action|Adventure|Drama,31378.0,7101
26021,Jailhouse Rock (1957),Crime|Drama|Musical|Romance,15697.0,7102
26025,"Spirit of St. Louis, The (1957)",Adventure|Drama,18776.0,7103
26038,Teacher's Pet (1958),Comedy|Romance,43137.0,7104
26043,"Vikings, The (1958)",Action|Adventure,42661.0,7105
26048,"Human Condition II, The (Ningen no joken II) (1959)",Drama|War,34528.0,7106
26049,Fires on the Plain (Nobi) (1959),Drama|War,31427.0,7107
26051,"Nun's Story, The (1959)",Drama,27029.0,7108
26052,Pickpocket (1959),Crime|Drama,690.0,7109
26055,Floating Weeds (Ukigusa) (1959),Drama,46918.0,7110
26064,"Bad Sleep Well, The (Warui yatsu hodo yoku nemuru) (1960)",Drama|Thriller,31589.0,7111
26073,"Human Condition III, The (Ningen no joken III) (1961)",Drama|War,34530.0,7112
26078,Advise and Consent (1962),Drama,17185.0,7113
26082,Harakiri (Seppuku) (1962),Drama,14537.0,7114
26083,"Loneliness of the Long Distance Runner, The (1962)",Drama,16103.0,7115
26084,"Music Man, The (1962)",Children|Comedy|Musical|Romance,13671.0,7116
26085,Mutiny on the Bounty (1962),Adventure|Drama|Romance,11085.0,7117
26090,"Easy Life, The (Il Sorpasso) (1962)",Comedy|Drama,24188.0,7118
26094,"Eclisse, L' (Eclipse) (1962)",Drama,21135.0,7119
26101,McLintock! (1963),Comedy|Western,15263.0,7120
26109,Crooks in Clover (a.k.a. Monsieur Gangster) (Les tontons flingueurs) (1963),Action|Comedy|Crime,25253.0,7121
26111,Becket (1964),Drama,15421.0,7122
26113,"Best Man, The (1964)",Comedy|Drama,37315.0,7123
26116,"Hush... Hush, Sweet Charlotte (1964)",Horror|Thriller,10299.0,7124
26117,"Killers, The (1964)",Action|Crime|Drama|Film-Noir|Thriller,24229.0,7125
26119,"Naked Kiss, The (1964)",Drama,26031.0,7126
26122,Onibaba (1964),Drama|Horror|War,3763.0,7127
26123,Robin and the 7 Hoods (1964),Comedy|Crime|Musical,17696.0,7128
26124,Robinson Crusoe on Mars (1964),Sci-Fi,7348.0,7129
26125,"Spider Baby or, The Maddest Story Ever Told (Spider Baby) (1968)",Comedy|Horror,28504.0,7130
26128,What a Way to Go! (1964),Comedy|Musical|Romance,23574.0,7131
26131,"Battle of Algiers, The (La battaglia di Algeri) (1966)",Drama|War,17295.0,7132
26133,"Charlie Brown Christmas, A (1965)",Animation|Children|Comedy,13187.0,7133
26134,Dracula: Prince of Darkness (1966),Horror|Mystery,17102.0,7134
26138,"Hill, The (1965)",Drama|War,24395.0,7135
26139,In Harm's Way (1965),Drama|War,37921.0,7136
26147,"Thousand Clowns, A (1965)",Comedy|Drama|Romance,42731.0,7137
26148,"Train, The (1964)",Action|Thriller|War,3482.0,7138
26150,Andrei Rublev (Andrey Rublyov) (1969),Drama|War,895.0,7139
26151,Au Hasard Balthazar (1966),Crime|Drama,20108.0,7140
26152,Batman (1966),Action|Adventure|Comedy,2661.0,7141
26153,Grand Prix (1966),Drama,20379.0,7142
26155,Khartoum (1966),Action|Adventure|Drama|War,29710.0,7143
26157,Manos: The Hands of Fate (1966),Horror,22293.0,7144
26158,Closely Watched Trains (Ostre sledované vlaky) (1966),Comedy|Drama|War,789.0,7145
26159,Tokyo Drifter (Tôkyô nagaremono) (1966),Action|Crime|Drama,45706.0,7146
26160,Asterix and the Gauls (Astérix le Gaulois) (1967),Action|Adventure|Animation|Children|Comedy,11047.0,7147
26163,Don't Look Back (1967),Documentary|Musical,135.0,7148
26164,Fando and Lis (Fando y Lis) (1968),Adventure|Fantasy,33257.0,7149
26169,Branded to Kill (Koroshi no rakuin) (1967),Action|Crime|Drama,17905.0,7150
26170,"Bride Wore Black, The (La mariée était en noir) (1968)",Crime|Drama,4191.0,7151
26171,Play Time (a.k.a. Playtime) (1967),Comedy,10227.0,7152
26172,Point Blank (1967),Action|Crime|Drama|Thriller,26039.0,7153
26174,The Shooting (1966),Western,42701.0,7154
26176,Titicut Follies (1967),Documentary|Drama,41212.0,7155
26178,Two for the Road (1967),Comedy|Drama|Romance,5767.0,7156
26181,"War Wagon, The (1967)",Action|Western,27277.0,7157
26183,Asterix and Cleopatra (Astérix et Cléopâtre) (1968),Action|Adventure|Animation|Children|Comedy,9929.0,7158
26184,"Diamond Arm, The (Brilliantovaya ruka) (1968)",Action|Adventure|Comedy|Crime|Thriller,20873.0,7159
26187,Head (1968),Comedy|Fantasy|Musical,18193.0,7160
26189,"I Love You, Alice B. Toklas! (1968)",Comedy,42623.0,7161
26198,"Yours, Mine and Ours (1968)",Children|Comedy,27983.0,7162
26199,Alice's Restaurant (1969),Comedy|Drama,5638.0,7163
26203,Colossus: The Forbin Project (1970),Sci-Fi|Thriller,14801.0,7164
26204,Death Rides a Horse (Da uomo a uomo) (1967),Action|Western,49397.0,7165
26208,My Night At Maud's (Ma Nuit Chez Maud) (1969),Comedy|Drama|Romance,48831.0,7166
26219,Brewster McCloud (1970),Comedy,26525.0,7167
26222,Dodes'ka-den (Clickety-Clack) (1970),Drama|Fantasy,33205.0,7168
26225,"Claire's Knee (Genou de Claire, Le) (1970)",Comedy|Romance,2860.0,7169
26226,"Hi, Mom! (1970)",Comedy,42589.0,7170
26228,"Swedish Love Story, A (Kärlekshistoria, En) (1970)",Drama|Romance,31304.0,7171
26230,On a Clear Day You Can See Forever (1970),Comedy|Musical|Romance,38222.0,7172
26231,Performance (1970),Crime|Drama|Thriller,26606.0,7173
26236,"White Sun of the Desert, The (Beloe solntse pustyni) (1970)",Action|Adventure|Comedy|Drama|Romance|War,20848.0,7174
26237,Zabriskie Point (1970),Drama|Romance,2998.0,7175
26240,"Beguiled, The (1971)",Drama|Thriller|War,31906.0,7176
26241,The Devils (1971),Drama,31767.0,7177
26242,Duel (1971),Action|Mystery|Thriller,839.0,7178
26246,Johnny Got His Gun (1971),Drama|War,16328.0,7179
26248,Let's Scare Jessica to Death (1971),Horror|Mystery,16154.0,7180
26249,They Call Me Trinity (1971),Comedy|Western,9394.0,7181
26252,"New Leaf, A (1971)",Comedy|Romance,36850.0,7182
26256,Support Your Local Gunfighter (1971),Comedy|Romance|Western,18287.0,7183
26257,Sweet Sweetback's Baadasssss Song (1971),Crime|Drama|Thriller,5822.0,7184
26258,"Topo, El (1970)",Fantasy|Western,13041.0,7185
26265,Dr. Phibes Rises Again (1972),Adventure|Comedy|Horror|Romance,18250.0,7186
26268,The Tall Blond Man with One Black Shoe (1972),Comedy|Mystery,12089.0,7187
26269,Lone Wolf and Cub: Sword of Vengeance (Kozure Ôkami: Kowokashi udekashi tsukamatsuru) (1972),Action|Crime,41471.0,7188
26270,Lone Wolf and Cub: Baby Cart at the River Styx (Kozure Ôkami: Sanzu no kawa no ubaguruma) (1972),Action|Adventure,17810.0,7189
26271,Lady Sings the Blues (1972),Drama|Musical,23148.0,7190
26280,Traffic (Trafic) (1971),Comedy,11378.0,7191
26282,"Mad Adventures of Rabbi Jacob, the (Les Aventures de Rabbi Jacob) (1973)",Comedy,760.0,7192
26283,Charley Varrick (1973),Crime|Drama|Thriller,27331.0,7193
26285,Dark Star (1974),Comedy|Sci-Fi|Thriller,1410.0,7194
26289,Emperor of the North (Emperor of the North Pole) (1973),Action|Drama|Thriller,31943.0,7195
26294,My Name Is Nobody (Il Mio nome è Nessuno) (1973),Comedy|Western,9474.0,7196
26299,Phase IV (1974),Horror|Sci-Fi|Thriller,59189.0,7197
26301,Save the Tiger (1973),Drama,38714.0,7198
26302,Scarecrow (1973),Drama,31587.0,7199
26303,Sisters (1973),Horror|Thriller,22307.0,7200
26306,Theatre of Blood (1973),Comedy|Horror|Mystery,28498.0,7201
26313,California Split (1974),Comedy|Drama,32044.0,7202
26317,Emmanuelle (1974),Drama|Romance,24402.0,7203
26318,"Phantom of Liberty, The (Fantôme de la liberté, Le) (1974)",Comedy|Drama,5558.0,7204
26320,Flesh for Frankenstein (a.k.a. Andy Warhol's Frankenstein) (1973),Drama|Horror|Sci-Fi,3043.0,7205
26322,Gone in 60 Seconds (1974),Action|Crime|Drama,16246.0,7206
26324,Harry and Tonto (1974),Comedy|Drama,42448.0,7207
26325,Hearts and Minds (1974),Documentary|War,42449.0,7208
26326,"Holy Mountain, The (Montaña sagrada, La) (1973)",Drama,8327.0,7209
26336,"Adventure of Sherlock Holmes' Smarter Brother, The (1975)",Comedy|Crime|Mystery,29859.0,7210
26340,"Twelve Tasks of Asterix, The (Les douze travaux d'Astérix) (1976)",Action|Adventure|Animation|Children|Comedy|Fantasy,9385.0,7211
26342,"Farewell, My Lovely (1975)",Crime|Mystery|Thriller,1835.0,7212
26344,French Connection II (1975),Action|Crime|Drama|Thriller,10711.0,7213
26345,"Great Waldo Pepper, The (1975)",Drama|Romance,19740.0,7214
26346,"Story of Adele H., The (Histoire d'Adèle H., L') (1975)",Drama,1829.0,7215
26347,"Irony of Fate, or Enjoy Your Bath! (Ironiya sudby, ili S legkim parom!) (1975)",Comedy|Drama|Romance,43430.0,7216
26349,Night Moves (1975),Crime|Thriller,32042.0,7217
26350,"Passenger, The (Professione: reporter) (1975)",Drama,9652.0,7218
26359,1900 (Novecento) (1976),Drama|War,3870.0,7219
26360,"Small Change (Argent de poche, L') (1976)",Comedy|Drama,1660.0,7220
26365,Futureworld (1976),Sci-Fi|Thriller,10640.0,7221
26366,Harlan County U.S.A. (1976),Documentary,33324.0,7222
26370,"Message, The (a.k.a. Mohammad: Messenger of God) (1976)",Adventure|Drama|War,26842.0,7223
26371,The Missouri Breaks (1976),Drama|Western,42252.0,7224
26375,Silver Streak (1976),Action|Comedy|Crime,11558.0,7225
26378,Who Can Kill a Child? (a.k.a. Island of the Damned) (¿Quién puede matar a un niño?) (1976),Horror|Mystery|Thriller,43751.0,7226
26379,Jesus of Nazareth (1977),Drama,2413.0,7227
26383,Demon Seed (1977),Horror|Sci-Fi|Thriller,18775.0,7228
26386,High Anxiety (1977),Comedy|Thriller,12535.0,7229
26391,"New York, New York (1977)",Drama|Musical|Romance,12637.0,7230
26393,Sorcerer (1977),Action|Thriller,38985.0,7231
26394,"Turning Point, The (1977)",Drama|Romance,61280.0,7232
26395,"Rutles: All You Need Is Cash, The (1978)",Comedy,16378.0,7233
26398,Capricorn One (1978),Drama|Sci-Fi|Thriller,11935.0,7234
26399,Five Deadly Venoms (1978),Action,13481.0,7235
26400,Gates of Heaven (1978),Documentary,24998.0,7236
26413,Snake in the Eagle's Shadow (Se ying diu sau) (1978),Action|Comedy,11537.0,7237
26414,"Wedding, A (1978)",Comedy|Drama,45695.0,7238
26417,French Fried Vacation 2 (Les bronzés font du ski) (1979),Comedy,33701.0,7239
26422,Hair (1979),Comedy|Drama|Musical,10654.0,7240
26425,"In-Laws, The (1979)",Action|Comedy,19827.0,7241
26431,Opening Night (1977),Drama,33665.0,7242
26462,Bad Boys (1983),Crime|Drama|Thriller,13633.0,7243
26463,Barefoot Gen (Hadashi no Gen) (1983),Animation|Drama|War,14087.0,7244
26464,Blue Thunder (1983),Action|Crime|Drama,6341.0,7245
26465,D.C. Cab (1983),Action|Comedy,27679.0,7246
26467,"Day After, The (1983)",Drama|Sci-Fi,7012.0,7247
26471,Eddie Murphy Delirious (1983),Comedy|Documentary,15251.0,7248
26472,"Norte, El (1984)",Adventure|Drama,17435.0,7249
26476,Merry Christmas Mr. Lawrence (1983),Drama|War,11948.0,7250
26479,"Pirates of Penzance, The (1983)",Adventure|Comedy|Musical|Romance,15716.0,7251
26485,Rumble Fish (1983),Drama,232.0,7252
26487,Star 80 (1983),Drama,30707.0,7253
26488,"Star Chamber, The (1983)",Action|Crime|Drama|Thriller,12633.0,7254
26491,To Be or Not to Be (1983),Comedy|Romance|War,22998.0,7255
26492,Twilight Zone: The Movie (1983),Fantasy|Horror|Sci-Fi|Thriller,15301.0,7256
26493,"4th Man, The (Fourth Man, The) (Vierde man, De) (1983)",Drama|Mystery|Thriller,29140.0,7257
26494,Suburbia (1984),Drama,28054.0,7258
26495,Yellowbeard (1983),Action|Adventure|Comedy,11609.0,7259
26497,Another Country (1984),Drama|Romance,31939.0,7260
26504,Cloak & Dagger (1984),Action|Adventure|Children|Crime|Mystery|Thriller,48677.0,7261
26509,Electric Dreams (1984),Comedy|Drama|Romance|Sci-Fi,19596.0,7262
26512,"Hit, The (1984)",Crime|Drama|Thriller,19621.0,7263
26513,"Ice Pirates, The (1984)",Action|Adventure|Comedy|Sci-Fi,10179.0,7264
26521,Racing with the Moon (1984),Comedy|Drama|Romance,47359.0,7265
26523,"Silent Night, Deadly Night (1984)",Horror|Thriller,27414.0,7266
26524,"Times of Harvey Milk, The (1984)",Documentary,33138.0,7267
26527,What Have I Done to Deserve This? (¿Qué he hecho yo para merecer esto!!) (1984),Comedy|Drama,8221.0,7268
26529,Asterix vs. Caesar (Astérix et la surprise de César) (1985),Adventure|Animation|Children|Comedy,8868.0,7269
26539,Death of a Salesman (1985),Drama,12615.0,7270
26540,Demons (Dèmoni) (1985),Horror,14029.0,7271
26547,Police Story (Ging chaat goo si) (1985),Action|Comedy|Crime|Thriller,9056.0,7272
26550,Mishima: A Life in Four Chapters (1985),Drama,27064.0,7273
26554,"Quiet Earth, The (1985)",Drama|Mystery|Sci-Fi,10176.0,7274
26555,Spies Like Us (1985),Comedy,9080.0,7275
26558,"Stuff, The (1985)",Comedy|Horror|Mystery|Sci-Fi,18502.0,7276
26560,"Unknown Soldier, The (Tuntematon sotilas) (1985)",Drama|War,41205.0,7277
26561,Vision Quest (1985),Drama|Romance,30069.0,7278
26562,White Nights (1985),Drama,16082.0,7279
26564,'Round Midnight (1986),Drama|Musical,14670.0,7280
26565,Asterix in Britain (Astérix chez les Bretons) (1986),Adventure|Animation|Children|Comedy,9318.0,7281
26567,Club Paradise (1986),Comedy,26555.0,7282
26578,"Sacrifice, The (Offret - Sacraficatio) (1986)",Drama,24657.0,7283
26585,"Better Tomorrow, A (Ying hung boon sik) (1986)",Crime|Drama|Thriller,11471.0,7284
26587,"Decalogue, The (Dekalog) (1989)",Crime|Drama|Romance,,7285
26599,"Law of Desire (Ley del deseo, La) (1987)",Comedy|Drama|Romance,4043.0,7286
26603,Prince of Darkness (1987),Fantasy|Horror|Sci-Fi|Thriller,8852.0,7287
26606,"Chinese Ghost Story, A (Sinnui yauwan) (1987)",Action|Fantasy|Horror|Romance,30421.0,7288
26612,"Better Tomorrow II, A (Ying hung boon sik II) (1987)",Crime|Drama|Thriller,18305.0,7289
26616,Cobra Verde (1987),Adventure|Drama,11513.0,7290
26629,Killer Klowns from Outer Space (1988),Comedy|Horror|Sci-Fi,16296.0,7291
26630,Moonwalker (1988),Musical,13192.0,7292
26631,Alice (Neco z Alenky) (1988),Animation|Fantasy|Mystery,18917.0,7293
26644,Landscape in the Mist (Topio stin omichli) (1988),Drama,47795.0,7294
26662,Kiki's Delivery Service (Majo no takkyûbin) (1989),Adventure|Animation|Children|Drama|Fantasy,16859.0,7295
26663,Monsieur Hire (1989),Crime|Romance|Thriller,38695.0,7296
26676,Almost an Angel (1990),Comedy,25943.0,7297
26680,Cry-Baby (1990),Comedy|Musical|Romance,9768.0,7298
26681,Bullet in the Head (1990),Action|Drama|War,11909.0,7299
26684,Frankenhooker (1990),Comedy|Horror,27274.0,7300
26686,Ghost Dad (1990),Comedy|Fantasy,10485.0,7301
26688,Hard to Kill (1990),Action|Crime|Drama,9569.0,7302
26691,I Hired a Contract Killer (1990),Comedy|Drama,7975.0,7303
26694,Ju Dou (1990),Drama,41821.0,7304
26695,"Krays, The (1990)",Drama,21344.0,7305
26696,Lionheart (1990),Action,9399.0,7306
26698,Narrow Margin (1990),Crime|Thriller,31597.0,7307
26699,Close-Up (Nema-ye Nazdik) (1990),Drama,30017.0,7308
26700,Nuns on the Run (1990),Comedy|Crime,11131.0,7309
26702,"Reflecting Skin, The (1990)",Drama|Horror|Thriller,21168.0,7310
26704,State of Grace (1990),Crime|Drama|Thriller,1662.0,7311
26710,"Welcome Home, Roxy Carmichael (1990)",Comedy|Drama,31923.0,7312
26712,35 Up (1991),Documentary,20562.0,7313
26713,Days of Being Wild (A Fei jingjyuhn) (1990),Drama|Romance,18311.0,7314
26717,Begotten (1990),Drama|Horror,1483.0,7315
26726,Dutch (1991),Comedy,25330.0,7316
26729,Hearts of Darkness: A Filmmakers Apocalypse (1991),Documentary,4539.0,7317
26731,Homicide (1991),Crime|Drama|Thriller,22828.0,7318
26732,Johnny Stecchino (1991),Comedy,12776.0,7319
26734,"Kiss Before Dying, A (1991)",Thriller,31696.0,7320
26736,Riki-Oh: The Story of Ricky (Lik Wong) (1991),Action|Crime|Thriller,17467.0,7321
26741,Mannequin 2: On the Move (1991),Comedy|Fantasy|Romance,34376.0,7322
26744,Once Around (1991),Drama,39233.0,7323
26745,Other People's Money (1991),Comedy|Drama|Romance,6463.0,7324
26746,Out for Justice (1991),Action|Crime|Drama|Thriller,14362.0,7325
26749,Prospero's Books (1991),Drama|Fantasy,5048.0,7326
26750,Quigley Down Under (1990),Adventure|Drama|Western,9588.0,7327
26758,All the Mornings of the World (Tous les matins du monde) (1991),Drama|Romance,41804.0,7328
26760,Wild Hearts Can't Be Broken (1991),Drama|Romance,23438.0,7329
26764,Captain America (1990),Action|Fantasy|Sci-Fi|Thriller|War,13995.0,7330
26770,Diggstown (1992),Drama,19143.0,7331
26774,Innocent Blood (1992),Comedy|Horror,27381.0,7332
26776,Porco Rosso (Crimson Pig) (Kurenai no buta) (1992),Adventure|Animation|Comedy|Fantasy|Romance,11621.0,7333
26778,Ladybugs (1992),Comedy,19087.0,7334
26782,"Mambo Kings, The (1992)",Drama|Musical,40082.0,7335
26788,"Story of Qiu Ju, The (Qiu Ju da guan si) (1992)",Comedy|Drama,38143.0,7336
26791,Shining Through (1992),Drama|Romance|Thriller|War,31962.0,7337
26792,Sidekicks (1992),Action|Adventure|Children|Comedy,22590.0,7338
26796,"Heart in Winter, A (Un coeur en hiver) (1992)",Drama|Romance,48150.0,7339
26797,Visions of Light: The Art of Cinematography (1992),Documentary,41778.0,7340
26803,House of Angels (Änglagård) (1992),Comedy|Drama,34683.0,7341
26812,Barbarians at the Gate (1993),Drama,27678.0,7342
26819,Fortress (1992),Action|Sci-Fi,12088.0,7343
26828,Mr. Nanny (1993),Action|Children|Comedy,19371.0,7344
26838,"Snapper, The (1993)",Comedy|Drama,12664.0,7345
26840,Sonatine (Sonachine) (1993),Action|Comedy|Crime|Drama,7500.0,7346
26841,Splitting Heirs (1993),Comedy,20339.0,7347
26842,Tai Chi Master (Twin Warriors) (Tai ji: Zhang San Feng) (1993),Action|Adventure|Comedy|Drama,11143.0,7348
26850,71 Fragments of a Chronology of Chance (71 Fragmente einer Chronologie des Zufalls) (1994),Drama,32764.0,7349
26861,Freaked (1993),Comedy|Sci-Fi,17796.0,7350
26865,Fist of Legend (Jing wu ying xiong) (1994),Action|Drama,17809.0,7351
26870,Major League II (1994),Comedy,11067.0,7352
26871,My Father the Hero (1994),Comedy|Romance,10486.0,7353
26875,"Pure Formality, A (Pura formalità, Una) (1994)",Crime|Film-Noir|Mystery|Thriller,19223.0,7354
26903,Whisper of the Heart (Mimi wo sumaseba) (1995),Animation|Drama|Romance,37797.0,7355
26914,Trinity and Beyond (1995),Documentary,21846.0,7356
26915,Tromeo and Juliet (1996),Comedy|Drama,16233.0,7357
26925,Cannibal! The Musical (a.k.a. Alferd Packer: The Musical) (1996),Comedy|Horror|Musical|Western,13063.0,7358
26939,Drifting Clouds (Kauas pilvet karkaavat) (1996),Comedy|Drama,8214.0,7359
26940,"Late Shift, The (1996)",Comedy,30330.0,7360
26947,Pusher (1996),Crime|Thriller,2061.0,7361
26965,"Boxer, The (1997)",Drama|Thriller,16992.0,7362
26966,"Brave, The (1997)",Drama,9956.0,7363
26974,Gummo (1997),Drama,18415.0,7364
26985,Nirvana (1997),Action|Sci-Fi,8765.0,7365
27003,Beowulf (1999),Action|Horror|Sci-Fi,5470.0,7366
27005,"Interview, The (1998)",Crime|Drama|Mystery|Thriller,19846.0,7367
27006,RKO 281 (1999),Drama,50008.0,7368
27020,Gia (1998),Drama|Romance,14533.0,7369
27022,Thursday (1998),Action|Crime|Thriller,9812.0,7370
27032,Who Am I? (Wo shi shei) (1998),Action|Adventure|Comedy|Sci-Fi|Thriller,8697.0,7371
27033,"Kingdom II, The (Riget II) (1997)",Drama|Horror|Mystery,22140.0,7372
27040,Rogue Trader (1999),Crime|Drama,21039.0,7373
27044,Breast Men (1997),Comedy|Drama,19850.0,7374
27067,"Pentagon Wars, The (1998)",Comedy|War,14439.0,7375
27073,Two Hands (1999),Comedy|Crime|Thriller,13428.0,7376
27109,Lady Snowblood (Shurayukihime) (1973),Action|Crime|Drama|Thriller,2487.0,7377
27134,Dark Portals: The Chronicles of Vidocq  (Vidocq) (2001),Action|Crime|Fantasy,9597.0,7378
27152,Pitkä kuuma kesä (1999),Comedy|Drama,62825.0,7379
27156,"Neon Genesis Evangelion: The End of Evangelion (Shin seiki Evangelion Gekijô-ban: Air/Magokoro wo, kimi ni) (1997)",Action|Animation|Drama|Fantasy|Sci-Fi,18491.0,7380
27162,He Died With a Felafel in His Hand (2001),Comedy,13777.0,7381
27163,Something Is Happening (Kuch Kuch Hota Hai) (1998),Comedy|Musical|Romance,11854.0,7382
27170,Cherry Falls (2000),Comedy|Horror|Mystery,12619.0,7383
27178,In July (Im Juli) (2000),Comedy|Romance,3716.0,7384
27180,Joan of Arc (1999),Adventure|Drama,11944.0,7385
27186,Kirikou and the Sorceress (Kirikou et la sorcière) (1998),Adventure|Animation|Children|Fantasy,21348.0,7386
27193,Taxi 2 (2000),Action|Comedy,2332.0,7387
27216,Katsastus (1988),Comedy|Drama,38203.0,7388
27246,If These Walls Could Talk 2 (2000),Drama|Romance,28031.0,7389
27255,"Wind Will Carry Us, The (Bad ma ra khahad bord) (1999)",Drama,43423.0,7390
27266,2046 (2004),Drama|Fantasy|Romance|Sci-Fi,844.0,7391
27271,Taboo (Gohatto) (1999),Drama,97206.0,7392
27309,Restless (Levottomat) (2000),Drama|Romance,20160.0,7393
27316,6ixtynin9 (Ruang Talok 69) (1999),Action|Comedy|Thriller,33253.0,7394
27317,Audition (Ôdishon) (1999),Drama|Horror|Mystery|Romance|Thriller,11075.0,7395
27326,Devdas (2002),Musical|Romance,15917.0,7396
27327,Mimic 2 (2001),Horror|Sci-Fi|Thriller,10706.0,7397
27329,Paradise Lost 2: Revelations (2000),Documentary,17208.0,7398
27338,The Hole (2001),Drama|Horror|Mystery|Thriller,467.0,7399
27351,Spiral (2000),Horror,11366.0,7400
27357,Old Men in New Cars (Gamle mænd i nye biler) (2002),Action|Comedy,10751.0,7401
27362,"Sometimes Happiness, Sometimes Sorrow (Kabhi Khushi Kabhie Gham) (2001)",Drama|Musical|Romance,10757.0,7402
27366,Werckmeister Harmonies (Werckmeister harmóniák) (2000),Drama,23160.0,7403
27368,Asterix & Obelix: Mission Cleopatra (Astérix & Obélix: Mission Cléopâtre) (2002),Adventure|Comedy|Fantasy,2899.0,7404
27369,Daria: Is It Fall Yet? (2000),Animation|Comedy,44756.0,7405
27370,Late Night Shopping (2001),Comedy,18088.0,7406
27373,61* (2001),Drama,20536.0,7407
27376,"Tunnel, The (Tunnel, Der) (2001)",Action|Drama|Thriller,3577.0,7408
27391,"Laramie Project, The (2002)",Crime|Drama,19448.0,7409
27392,Run Ronnie Run (2002),Comedy,14923.0,7410
27397,Joint Security Area (Gongdong gyeongbi guyeok JSA) (2000),Crime|Drama|Mystery|Thriller|War,2440.0,7411
27402,Dagon (2001),Fantasy|Horror|Mystery|Thriller,10836.0,7412
27408,Ripley's Game (2002),Drama|Thriller,10955.0,7413
27416,Jalla! Jalla! (2000),Comedy|Drama|Romance,10978.0,7414
27423,"O Auto da Compadecida (Dog's Will, A) (2000)",Adventure|Comedy,40096.0,7415
27426,"Accidental Spy, The (Dak miu mai shing) (2001)",Action|Comedy|Thriller,11847.0,7416
27432,"Beautiful Country, The (2004)",Drama,41714.0,7417
27434,Darkness (2002),Horror|Mystery,11056.0,7418
27441,Blood: The Last Vampire (2000),Action|Animation|Horror,919.0,7419
27450,Blueberry (2004),Adventure|Western,10046.0,7420
27456,Shackleton's Antarctic Adventure (2001),Documentary|IMAX,45538.0,7421
27461,My Little Eye (2002),Horror|Mystery|Thriller,16077.0,7422
27473,American Psycho II: All American Girl (2002),Comedy|Crime|Horror|Mystery|Thriller,10726.0,7423
27478,Ali G Indahouse (2002),Comedy,9298.0,7424
27482,Cube 2: Hypercube (2002),Horror|Mystery|Sci-Fi,437.0,7425
27491,Pulse (Kairo) (2001),Horror|Mystery|Thriller,27324.0,7426
27509,Carolina (2005),Comedy|Romance,4592.0,7427
27513,Dog Days (Hundstage) (2001),Drama,9025.0,7428
27515,Balzac and the Little Chinese Seamstress (Xiao cai feng) (2002),Drama|Romance,2111.0,7429
27518,D.C.H. (Dil Chahta Hai) (2001),Comedy|Drama,14752.0,7430
27523,My Sassy Girl (Yeopgijeogin geunyeo) (2001),Comedy|Romance,11178.0,7431
27524,"Gathering, The (2002)",Horror|Mystery|Thriller,10943.0,7432
27537,Nothing (2003),Comedy|Fantasy|Mystery|Sci-Fi,10981.0,7433
27550,Hell House (2001),Documentary,33068.0,7434
27555,Fubar (2002),Comedy,13984.0,7435
27563,"Happiness of the Katakuris, The (Katakuri-ke no kôfuku) (2001)",Comedy|Horror|Musical,16184.0,7436
27564,Sex Is Comedy (2002),Comedy|Drama|Romance,53244.0,7437
27584,Dead End (2003),Comedy|Horror|Mystery|Thriller,11427.0,7438
27592,Sympathy for Mr. Vengeance (Boksuneun naui geot) (2002),Crime|Drama,4689.0,7439
27604,Suicide Club (Jisatsu saakuru) (2001),Horror|Mystery|Thriller,12720.0,7440
27608,Immortel (ad vitam) (Immortal) (2004),Action|Adventure|Animation|Fantasy|Sci-Fi,5552.0,7441
27618,"Sound of Thunder, A (2005)",Action|Adventure|Drama|Sci-Fi|Thriller,10077.0,7442
27620,Fear and Trembling (Stupeur et tremblements) (2003),Comedy,31076.0,7443
27627,Oasis (2002),Drama|Romance,26955.0,7444
27636,Herr Lehmann (2003),Comedy|Drama,4326.0,7445
27641,Upswing (Nousukausi) (2003),Comedy|Drama,55496.0,7446
27643,Pahat pojat (2003),Action|Crime|Drama,20164.0,7447
27647,Tipping the Velvet (2002),Comedy|Drama|Romance,26491.0,7448
27648,Bright Young Things (2003),Comedy|Drama,15271.0,7449
27660,"Animatrix, The (2003)",Action|Animation|Drama|Sci-Fi,55931.0,7450
27664,"Brown Bunny, The (2003)",Drama,12703.0,7451
27671,As If I Didn't Exist (Elina - Som om jag inte fanns) (2002),Children|Drama,46814.0,7452
27674,11:14 (2003),Comedy|Crime|Drama|Mystery|Thriller,9282.0,7453
27685,Bring It On Again (2004),Comedy,12540.0,7454
27689,"Crimson Rivers 2: Angels of the Apocalypse (Rivières pourpres II - Les anges de l'apocalypse, Les) (2004)",Action|Crime|Thriller,60672.0,7455
27695,Nicotina (2003),Action|Comedy|Drama,11556.0,7456
27700,Evil (Ondskan) (2003),Drama,11197.0,7457
27704,Battle Royale 2: Requiem (Batoru rowaiaru II: Chinkonka) (2003),Action|Drama|Thriller|War,3177.0,7458
27706,Lemony Snicket's A Series of Unfortunate Events (2004),Adventure|Children|Comedy|Fantasy,11774.0,7459
27713,Bukowski: Born into This (2003),Documentary,16765.0,7460
27716,"Green Butchers, The (Grønne slagtere, De) (2003)",Comedy|Crime|Drama|Romance,4972.0,7461
27717,Pearls and Pigs (Helmiä ja sikoja) (2003),Comedy,54764.0,7462
27721,"Very Long Engagement, A (Un long dimanche de fiançailles) (2004)",Drama|Mystery|Romance|War,2841.0,7463
27722,Last Life in the Universe (Ruang rak noi nid mahasan) (2003),Drama|Romance,11606.0,7464
27724,Hitler: The Rise of Evil (2003),Drama,2518.0,7465
27727,Head-On (Gegen die Wand) (2004),Drama|Romance,363.0,7466
27728,Ghost in the Shell 2: Innocence (a.k.a. Innocence) (Inosensu) (2004),Action|Animation|Drama|Sci-Fi|Thriller,12140.0,7467
27729,Kal Ho Naa Ho (2003),Comedy|Drama|Romance,4254.0,7468
27731,"Cat Returns, The (Neko no ongaeshi) (2002)",Adventure|Animation|Children|Fantasy,15370.0,7469
27735,Unstoppable (2004),Action|Adventure|Comedy|Drama|Thriller,23520.0,7470
27738,"Cathedral, The (Katedra) (2002)",Animation,15990.0,7471
27741,"Twilight Samurai, The (Tasogare Seibei) (2002)",Drama|Romance,12496.0,7472
27744,"Facing Windows (Finestra di fronte, La) (2003)",Drama|Romance,29987.0,7473
27746,Ginger Snaps: Unleashed (2004),Horror|Thriller,10361.0,7474
27751,'Salem's Lot (2004),Drama|Horror|Mystery|Thriller,36763.0,7475
27754,Foolproof (2003),Action|Comedy|Crime|Thriller,14527.0,7476
27758,"Easy Riders, Raging Bulls: How the Sex, Drugs and Rock 'N' Roll Generation Saved Hollywood (2003)",Documentary,32276.0,7477
27768,Intimate Strangers (Confidences trop intimes) (2004),Drama,21200.0,7478
27772,Ju-on: The Grudge (2002),Horror,11838.0,7479
27773,Old Boy (2003),Mystery|Thriller,670.0,7480
27776,Red Lights (Feux rouges) (2004),Drama,25500.0,7481
27778,Ginger Snaps Back: The Beginning (2004),Fantasy|Horror,12583.0,7482
27784,One Missed Call (Chakushin ari) (2003),Horror|Mystery,9694.0,7483
27788,"Jacket, The (2005)",Drama|Mystery|Sci-Fi|Thriller,9667.0,7484
27790,Millions (2004),Children|Comedy|Crime|Drama|Fantasy,13373.0,7485
27792,"Saddest Music in the World, The (2003)",Comedy|Drama|Fantasy|Musical|Romance,37209.0,7486
27793,Starship Troopers 2: Hero of the Federation (2004),Action|Horror|Sci-Fi|War,10304.0,7487
27797,"Man Who Copied, The (Homem Que Copiava, O) (2003)",Comedy|Crime|Drama|Romance,40823.0,7488
27798,Ju-on: The Grudge 2 (2003),Horror,9666.0,7489
27800,Interstella 5555: The 5tory of the 5ecret 5tar 5ystem (2003),Adventure|Animation|Fantasy|Musical|Sci-Fi,11049.0,7490
27801,Ong-Bak: The Thai Warrior (Ong Bak) (2003),Action|Thriller,9316.0,7491
27802,Infernal Affairs 2 (Mou gaan dou II) (2003),Action|Crime|Drama|Thriller,11647.0,7492
27803,"Sea Inside, The (Mar adentro) (2004)",Drama,1913.0,7493
27808,Spanglish (2004),Comedy|Drama|Romance,2539.0,7494
27812,Festival Express (2003),Documentary|Musical,14770.0,7495
27815,"Chorus, The (Choristes, Les) (2004)",Drama,5528.0,7496
27816,Saints and Soldiers (2003),Action|Adventure|Drama|War,10105.0,7497
27820,"Story of the Weeping Camel, The (Geschichte vom weinenden Kamel, Die) (2003)",Documentary|Drama,1114.0,7498
27821,"Interpreter, The (2005)",Drama|Thriller,179.0,7499
27822,Open Water (2003),Drama|Thriller,83.0,7500
27826,Touch of Pink (2004),Comedy|Drama|Romance,55177.0,7501
27827,Infernal Affairs III (Mou gaan dou III: Jung gik mou gaan) (2003),Action|Crime|Drama|Thriller,14310.0,7502
27828,"Memory of a Killer, The (Zaak Alzheimer, De) (2003)",Action|Crime|Drama|Thriller,24860.0,7503
27830,"Bobby Jones, Stroke of Genius (2004)",Drama,24747.0,7504
27831,Layer Cake (2004),Crime|Drama|Thriller,4836.0,7505
27833,Silver City (2004),Comedy|Drama|Mystery|Thriller,18711.0,7506
27834,"Return, The (Vozvrashcheniye) (2003)",Drama,11190.0,7507
27837,Flight of the Phoenix (2004),Action|Adventure,11866.0,7508
27838,Mean Creek (2004),Drama|Thriller,12281.0,7509
27839,"Ring Two, The (2005)",Drama|Horror|Mystery|Thriller,10320.0,7510
27843,Machuca (2004),Drama,12086.0,7511
27846,"Corporation, The (2003)",Documentary,11420.0,7512
27850,"Yes Men, The (2003)",Documentary,3396.0,7513
27851,"Fond Kiss, A (Ae Fond Kiss...) (2004)",Drama|Romance,1404.0,7514
27856,Bummer (Bumer) (2003),Action|Drama|Thriller,62276.0,7515
27857,As it is in Heaven (Så som i himmelen) (2004),Drama|Musical|Romance,464.0,7516
27864,She Hate Me (2004),Comedy|Drama,20912.0,7517
27865,Azumi (2003),Action|Adventure|Drama|Thriller,5889.0,7518
27866,In My Father's Den (2004),Drama,1126.0,7519
27869,Tae Guk Gi: The Brotherhood of War (Taegukgi hwinalrimyeo) (2004),Action|Drama|War,11658.0,7520
27871,Something the Lord Made (2004),Drama,20544.0,7521
27873,Metallica: Some Kind of Monster (2004),Documentary,11401.0,7522
27875,Redemption: The Stan Tookie Williams Story (2004),Crime|Documentary|Drama,31781.0,7523
27876,Schultze Gets the Blues (2003),Comedy|Drama,9483.0,7524
27878,Born into Brothels (2004),Documentary,1392.0,7525
27879,DiG! (2004),Documentary,1843.0,7526
27882,Riding Giants (2004),Documentary,291.0,7527
27884,Word Wars (2004),Comedy|Documentary|Drama,28105.0,7528
27888,When Will I Be Loved (2004),Drama,51363.0,7529
27899,What the #$*! Do We Know!? (a.k.a. What the Bleep Do We Know!?) (2004),Comedy|Documentary|Drama,8357.0,7530
27904,"Scanner Darkly, A (2006)",Animation|Drama|Mystery|Sci-Fi|Thriller,3509.0,7531
27905,Casshern (2004),Action|Drama|Fantasy|Sci-Fi,11662.0,7532
27912,Outfoxed: Rupert Murdoch's War on Journalism (2004),Documentary,13372.0,7533
27922,Jerry Seinfeld: 'I'm Telling You for the Last Time' (1998),Comedy|Documentary,23319.0,7534
30659,Noel (2004),Drama,41171.0,7535
30701,Chimes at Midnight (Campanadas a medianoche) (1965),Comedy|Drama|War,986.0,7536
30707,Million Dollar Baby (2004),Drama,70.0,7537
30712,"Narrow Margin, The (1952)",Crime|Drama|Film-Noir,31713.0,7538
30721,Hell Is for Heroes (1962),Drama|War,32041.0,7539
30745,Gozu (Gokudô kyôfu dai-gekijô: Gozu) (2003),Comedy|Crime|Drama|Horror|Mystery,12487.0,7540
30747,"Goodbye, Dragon Inn (Bu san) (2003)",Comedy|Drama,56616.0,7541
30749,Hotel Rwanda (2004),Drama|War,205.0,7542
30783,Blood and Black Lace (Sei donne per l'assassino) (1964),Horror|Thriller,28055.0,7543
30791,Hellraiser: Inferno (2000),Horror,12597.0,7544
30793,Charlie and the Chocolate Factory (2005),Adventure|Children|Comedy|Fantasy|IMAX,118.0,7545
30803,3-Iron (Bin-jip) (2004),Drama|Romance,1280.0,7546
30810,"Life Aquatic with Steve Zissou, The (2004)",Adventure|Comedy|Fantasy,421.0,7547
30812,"Aviator, The (2004)",Drama,2567.0,7548
30816,"Phantom of the Opera, The (2004)",Drama|Musical|Romance,9833.0,7549
30818,Beyond the Sea (2004),Drama|Musical,6478.0,7550
30820,"Woodsman, The (2004)",Drama,9692.0,7551
30822,In Good Company (2004),Comedy|Drama,1901.0,7552
30825,Meet the Fockers (2004),Comedy,693.0,7553
30846,"Assassination of Richard Nixon, The (2004)",Crime|Drama|Thriller,842.0,7554
30848,"Love Song for Bobby Long, A (2004)",Drama,9953.0,7555
30850,"Merchant of Venice, The (2004)",Drama,11162.0,7556
30867,Kamikaze Girls (Shimotsuma monogatari) (2004),Comedy,26275.0,7557
30883,Fat Albert (2004),Comedy|Fantasy,15045.0,7558
30892,In the Realms of the Unreal (2004),Animation|Documentary,1853.0,7559
30894,White Noise (2005),Drama|Horror|Mystery|Sci-Fi|Thriller,11804.0,7560
30898,"Upside of Anger, The (2005)",Comedy|Drama|Romance,11354.0,7561
30949,"Grateful Dead Movie, The (1977)",Documentary|Musical,41384.0,7562
30952,Last Train from Gun Hill (1959),Drama|Western,14677.0,7563
30991,Powwow Highway (1989),Drama,64699.0,7564
30996,Little Miss Marker (1934),Comedy|Drama,43150.0,7565
31000,Sweet Liberty (1986),Comedy,66600.0,7566
31026,"Phantom of the Opera, The (1989)",Drama|Horror|Musical,69234.0,7567
31030,I Remember Mama (1948),Children|Drama,43442.0,7568
31032,"Last Horror Movie, The (2003)",Horror|Thriller,25033.0,7569
31035,Testament (1983),Drama,21259.0,7570
31038,Smooth Talk (1985),Drama|Romance,33766.0,7571
31042,Hell's Angels (1930),Drama|War,22301.0,7572
31079,Son of Godzilla (Kaijûtô no kessen: Gojira no musuko) (1967),Sci-Fi,18627.0,7573
31086,Battles Without Honor & Humanity (Jingi naki tatakai) (1973),Crime|Drama,34326.0,7574
31101,Stander (2003),Action|Crime|Drama,18927.0,7575
31104,Hester Street (1975),Drama,42257.0,7576
31107,Mikey and Nicky (1976),Drama,59143.0,7577
31114,Imaginary Heroes (2004),Comedy|Drama,25350.0,7578
31116,Sergeant York (1941),Drama|War,16442.0,7579
31123,Ruby & Quentin (Tais-toi!) (2003),Comedy|Crime,7229.0,7580
31133,Deathwatch (2002),Drama|Horror|Thriller|War,12576.0,7581
31148,Day of the Wacko (Dzien swira) (2002),Comedy|Drama,20719.0,7582
31150,Wizards (1977),Animation|Fantasy|Sci-Fi|War,16220.0,7583
31156,Abbott and Costello Meet the Invisible Man (1951),Comedy|Sci-Fi,33475.0,7584
31160,"Abbott and Costello Meet the Killer, Boris Karloff (1949)",Comedy|Mystery|Thriller,33477.0,7585
31162,"Life and Death of Peter Sellers, The (2004)",Comedy|Drama,10609.0,7586
31184,Appleseed (Appurushîdo) (2004),Action|Animation|Fantasy|Sci-Fi,11633.0,7587
31188,"Milky Way, The (Voie lactée, La) (1969)",Comedy|Drama,35031.0,7588
31193,"Many Adventures of Winnie the Pooh, The (1977)",Animation|Children|Musical,13716.0,7589
31221,Elektra (2005),Action|Adventure|Crime|Drama,9947.0,7590
31223,Racing Stripes (2005),Children|Comedy,6439.0,7591
31225,Coach Carter (2005),Drama,7214.0,7592
31251,Iceman (1984),Drama|Sci-Fi,24749.0,7593
31255,Ice Station Zebra (1968),Action|Thriller,17657.0,7594
31260,Boys Town (1938),Drama,42390.0,7595
31263,Torremolinos 73 (2003),Comedy|Drama,26488.0,7596
31270,Shivers (They Came from Within) (1975),Drama|Horror|Sci-Fi,27429.0,7597
31284,"Star Is Born, A (1976)",Drama|Musical|Romance,19610.0,7598
31309,Rocco and His Brothers (Rocco e i suoi fratelli) (1960),Crime|Drama,8422.0,7599
31347,Christmas in July (1940),Comedy|Romance,34778.0,7600
31349,I Married a Witch (1942),Comedy|Fantasy|Romance,25970.0,7601
31359,Moolaadé (2004),Drama,39504.0,7602
31364,Memories of Murder (Salinui chueok) (2003),Crime|Drama|Mystery|Thriller,11423.0,7603
31367,"Chase, The (1994)",Action|Adventure|Comedy|Crime|Romance|Thriller,10694.0,7604
31374,Hobson's Choice (1954),Comedy|Drama|Romance,16410.0,7605
31408,Summer Storm (Sommersturm) (2004),Drama|Romance,342.0,7606
31410,"Downfall (Untergang, Der) (2004)",Drama|War,613.0,7607
31420,Assault on Precinct 13 (2005),Action|Crime|Drama|Thriller,8978.0,7608
31422,Are We There Yet? (2005),Children|Comedy,11637.0,7609
31424,Alone in the Dark (2005),Action|Horror|Sci-Fi|Thriller,12142.0,7610
31427,Hide and Seek (2005),Horror|Mystery|Thriller,11096.0,7611
31429,Aliens of the Deep (2005),Documentary|IMAX,22559.0,7612
31431,Boogeyman (2005),Drama|Horror|Mystery|Thriller,8968.0,7613
31433,"Wedding Date, The (2005)",Comedy|Romance,6961.0,7614
31435,Rory O'Shea Was Here (Inside I'm Dancing) (2004),Drama,31165.0,7615
31437,Nobody Knows (Dare mo shiranai) (2004),Drama,2517.0,7616
31445,Employee of the Month (2004),Comedy|Drama,11413.0,7617
31467,"Great White Hope, The (1970)",Action|Drama,17978.0,7618
31485,"Professionals, The (1966)",Western,22383.0,7619
31502,Salem's Lot (1979),Drama|Horror|Mystery|Thriller,11343.0,7620
31522,"Marriage of Maria Braun, The (Ehe der Maria Braun, Die) (1979)",Drama,661.0,7621
31524,"Bitter Tears of Petra von Kant, The (bitteren Tränen der Petra von Kant, Die) (1972)",Drama,10310.0,7622
31528,Beau Geste (1939),Action|Adventure|Drama|War,36851.0,7623
31539,Overnight (2003),Documentary,27007.0,7624
31545,"Trou, Le (Hole, The) (Night Watch, The) (1960)",Crime|Film-Noir,29259.0,7625
31547,Lessons of Darkness (Lektionen in Finsternis) (1992),Documentary|War,53200.0,7626
31553,Double Dragon (1994),Action|Adventure|Sci-Fi,2436.0,7627
31555,Mac and Me (1988),Children|Fantasy|Sci-Fi,20196.0,7628
31584,Rosenstrasse (2003),Drama|War,6317.0,7629
31588,Casque d'or (1952),Crime|Drama|Romance,68822.0,7630
31590,Hands Off the Loot (Touchez pas au grisbi) (1954),Crime|Drama|Thriller,27430.0,7631
31617,El Cid (1961),Action|Adventure|Drama|Romance|War,16638.0,7632
31658,Howl's Moving Castle (Hauru no ugoku shiro) (2004),Adventure|Animation|Fantasy|Romance,4935.0,7633
31660,Steamboy (Suchîmubôi) (2004),Action|Animation|Drama|Sci-Fi,8953.0,7634
31664,Gorgeous (Boh lee chun) (1999),Action|Comedy|Romance,10951.0,7635
31685,Hitch (2005),Comedy|Romance,8488.0,7636
31687,Pooh's Heffalump Movie (2005),Animation|Children,13682.0,7637
31689,Inside Deep Throat (2005),Documentary,12228.0,7638
31694,Bride & Prejudice (2004),Comedy|Musical|Romance,57825.0,7639
31696,Constantine (2005),Action|Fantasy|Horror|Thriller,561.0,7640
31698,Son of the Mask (2005),Adventure|Children|Comedy|Fantasy,10214.0,7641
31700,Because of Winn-Dixie (2005),Children|Comedy|Drama,17880.0,7642
31702,Turtles Can Fly (Lakposhtha hâm parvaz mikonand) (2004),Drama|War,8340.0,7643
31705,Beautiful Boxer (2003),Action|Drama,6414.0,7644
31724,Pauly Shore Is Dead (2003),Comedy,27202.0,7645
31737,Bunny Lake Is Missing (1965),Mystery|Thriller,1942.0,7646
31747,The Boyfriend School (1990),Comedy|Romance,21433.0,7647
31770,Night and the City (1950),Film-Noir|Thriller,19119.0,7648
31785,Frozen Land (Paha maa) (2005),Drama,18279.0,7649
31804,Night Watch (Nochnoy dozor) (2004),Action|Fantasy|Horror|Mystery|Sci-Fi|Thriller,3040.0,7650
31807,Dot the I (2003),Drama|Film-Noir|Thriller,18538.0,7651
31851,Sons of the Desert (1933),Comedy,43128.0,7652
31854,Morocco (1930),Drama|Romance,42641.0,7653
31867,Man of the House (2005),Action|Comedy,13498.0,7654
31878,Kung Fu Hustle (Gong fu) (2004),Action|Comedy,9470.0,7655
31889,"Five People You Meet in Heaven, The (2004)",Drama|Fantasy,30698.0,7656
31892,"No Retreat, No Surrender (1986)",Action|Drama,12721.0,7657
31894,"ChubbChubbs!, The (2002)",Animation|Comedy|Sci-Fi,27042.0,7658
31903,Zelary (2003),Drama|Romance,19765.0,7659
31909,Dr. Giggles (1992),Comedy|Horror,37527.0,7660
31921,"Seven-Per-Cent Solution, The (1976)",Adventure|Comedy|Crime|Drama|Mystery|Thriller,29578.0,7661
31923,"Three Musketeers, The (1973)",Action|Adventure|Comedy,2926.0,7662
31930,Masculin Féminin (1966),Drama,4710.0,7663
31934,"Four Feathers, The (1939)",Adventure|War,10568.0,7664
31948,"Phone Box, The (Cabina, La) (1972)",Comedy|Drama|Mystery|Thriller,52943.0,7665
31950,Curse of the Demon (Night of the Demon) (1957),Fantasy|Horror|Mystery,25103.0,7666
31952,Control (Kontroll) (2003),Comedy|Crime|Drama|Mystery,5204.0,7667
31956,5x2 (2004),Drama|Romance,4974.0,7668
31963,Bed & Board (Domicile conjugal) (1970),Comedy|Drama,258.0,7669
31973,Germany Year Zero (Germania anno zero) (Deutschland im Jahre Null) (1948),Drama|War,8016.0,7670
31991,Love Me Tonight (1932),Comedy|Musical,31532.0,7671
32009,Tyler Perry's Diary of a Mad Black Woman (2005),Comedy|Drama|Romance,16186.0,7672
32011,Cursed (2005),Horror|Thriller,10012.0,7673
32017,"Pacifier, The (2005)",Action|Comedy,10022.0,7674
32019,Be Cool (2005),Comedy|Crime|Musical,4551.0,7675
32022,Gunner Palace (2004),Documentary|War,30856.0,7676
32025,Walk on Water (2004),Drama|Thriller,26.0,7677
32029,Hostage (2005),Action|Crime|Drama|Thriller,2026.0,7678
32031,Robots (2005),Adventure|Animation|Children|Comedy|Fantasy|Sci-Fi|IMAX,9928.0,7679
32058,Class Action (1991),Drama,15771.0,7680
32076,Godzilla vs. The Sea Monster (Gojira-Ebira-Mosura: Nankai no daiketto) (1966),Action|Adventure|Fantasy|Sci-Fi,3115.0,7681
32078,Godzilla vs. Mechagodzilla II (Gojira VS Mekagojira) (1993),Action|Drama|Sci-Fi,6593.0,7682
32116,"Oh, God! You Devil (1984)",Comedy,38148.0,7683
32124,God Is Brazilian (Deus É Brasileiro) (2003),Adventure|Comedy|Fantasy,34196.0,7684
32128,Blackball (2003),Comedy|Drama,15443.0,7685
32139,"Agony and the Ecstasy, The (1965)",Drama,36815.0,7686
32153,Once Upon a Forest (1993),Adventure|Animation|Children|Fantasy,33539.0,7687
32160,Twentieth Century (1934),Comedy,31835.0,7688
32170,Chronicles (Crónicas) (2004),Crime|Drama,20511.0,7689
32174,"Green Berets, The (1968)",Action|Drama|War,22377.0,7690
32179,Elevator to the Gallows (a.k.a. Frantic) (Ascenseur pour l'échafaud) (1958),Crime|Drama|Thriller,1093.0,7691
32196,"Violent Cop (Sono otoko, kyôbô ni tsuki) (1989)",Action|Crime|Drama|Thriller,12622.0,7692
32203,Brian's Song (1971),Drama,18047.0,7693
32211,Thriller: A Cruel Picture (Thriller - en grym film) (1974),Action|Crime|Drama|Thriller,15018.0,7694
32213,Cube Zero (2004),Horror|Mystery|Sci-Fi|Thriller,438.0,7695
32234,Julia (1977),Drama,42222.0,7696
32239,Save the Green Planet! (Jigureul jikyeora!) (2003),Comedy|Drama|Horror|Sci-Fi|Thriller,11297.0,7697
32261,Thirty Seconds Over Tokyo (1944),Drama|War,18770.0,7698
32289,Ice Princess (2005),Children|Comedy|Drama,13374.0,7699
32291,Melinda and Melinda (2004),Comedy|Drama,9688.0,7700
32296,Miss Congeniality 2: Armed and Fabulous (2005),Adventure|Comedy|Crime,10040.0,7701
32298,Guess Who (2005),Comedy|Romance,11638.0,7702
32300,D.E.B.S. (2004),Action|Comedy,540.0,7703
32302,"League of Ordinary Gentlemen, A (2004)",Documentary,77120.0,7704
32314,Incident at Loch Ness (2004),Adventure|Comedy|Documentary,48463.0,7705
32316,"River, The (1951)",Drama|Romance,45218.0,7706
32349,Stella Dallas (1937),Drama,43865.0,7707
32352,"Thief and the Cobbler, The (a.k.a. Arabian Knight) (1995)",Adventure|Animation|Comedy|Fantasy,185441.0,7708
32369,Panic in the Streets (1950),Crime|Drama|Film-Noir|Thriller,32078.0,7709
32371,Call Northside 777 (1948),Crime|Drama|Film-Noir,26038.0,7710
32381,Bells Are Ringing (1960),Comedy|Musical|Romance,43029.0,7711
32383,Finian's Rainbow (1968),Fantasy|Musical,42622.0,7712
32387,"Sword of Doom, The (Dai-bosatsu tôge) (1966)",Action|Drama,19884.0,7713
32392,800 Bullets (800 Balas) (2002),Comedy|Crime|Drama|Western,37748.0,7714
32395,Attack of the Mushroom People (Matango) (1963),Fantasy|Horror|Sci-Fi|Thriller,52302.0,7715
32442,Greedy (1994),Comedy,12778.0,7716
32452,My Neighbors the Yamadas (Hôhokekyo tonari no Yamada-kun) (1999),Animation|Comedy,16198.0,7717
32460,Knockin' on Heaven's Door (1997),Action|Comedy|Crime|Drama,158.0,7718
32469,We're No Angels (1955),Comedy|Crime|Drama,5996.0,7719
32493,End of the Century: The Story of the Ramones (2003),Documentary|Musical,16301.0,7720
32511,"Touch of Zen, A (Xia nu) (1971)",Action|Adventure,44154.0,7721
32525,The Earrings of Madame de... (1953),Drama|Romance,27030.0,7722
32562,Harvie Krumpet (2003),Animation|Comedy|Drama,21131.0,7723
32582,"Wild Parrots of Telegraph Hill, The (2003)",Documentary,17592.0,7724
32584,"Ballad of Jack and Rose, The (2005)",Drama,17113.0,7725
32587,Sin City (2005),Action|Crime|Film-Noir|Mystery|Thriller,187.0,7726
32589,Beauty Shop (2005),Comedy,14177.0,7727
32591,Look at Me (Comme une image) (2004),Comedy|Drama|Romance,11399.0,7728
32596,Sahara (2005),Action|Adventure|Comedy,7364.0,7729
32598,Fever Pitch (2005),Comedy|Romance,11431.0,7730
32600,Eros (2004),Drama,,7731
32627,Rhinestone (1984),Comedy,16551.0,7732
32632,Electra Glide in Blue (1973),Action|Crime,26332.0,7733
32649,"Special Day, A (Giornata particolare, Una) (1977)",Drama|War,42229.0,7734
32657,"Man Who Planted Trees, The (Homme qui plantait des arbres, L') (1987)",Animation|Drama,49565.0,7735
32659,Tanguy (2001),Comedy,2029.0,7736
32666,National Lampoon's Lady Killers (National Lampoon's Gold Diggers) (2003),Comedy,44181.0,7737
32668,Blind Horizon (2003),Drama|Thriller,24619.0,7738
32721,Battle of the Bulge (1965),Action|Drama|War,13524.0,7739
32728,"Little Girl Who Lives Down the Lane, The (1976)",Drama|Mystery|Thriller,19971.0,7740
32735,Arabian Nights (Il fiore delle mille e una notte) (1974),Comedy|Drama|Fantasy,47406.0,7741
32743,Ringu 0: Bâsudei (2000),Drama|Horror|Thriller,9674.0,7742
32770,Brothers (Brødre) (2004),Drama,3875.0,7743
32781,Hawaii (1966),Drama,14689.0,7744
32792,"Red Desert (Deserto rosso, Il) (1964)",Drama,26638.0,7745
32825,Sexmission (Seksmisja) (1984),Adventure|Comedy|Sci-Fi,19673.0,7746
32834,Macbeth (1948),Drama,27883.0,7747
32840,Vincent (1982),Animation,32085.0,7748
32844,Waterloo Bridge (1940),Drama|Romance|War,43824.0,7749
32853,"Sorrow and the Pity, The (Le chagrin et la pitié) (1969)",Documentary|War,42611.0,7750
32862,With Six You Get Eggroll (1968),Comedy|Romance,39225.0,7751
32875,Holiday (Jour de fête) (1949),Comedy,4595.0,7752
32882,"Big Store, The (1941)",Comedy|Musical,26182.0,7753
32892,Ivan's Childhood (a.k.a. My Name is Ivan) (Ivanovo detstvo) (1962),Drama|War,31442.0,7754
32898,"Trip to the Moon, A (Voyage dans la lune, Le) (1902)",Action|Adventure|Fantasy|Sci-Fi,775.0,7755
32906,"Ascent, The (Voskhozhdeniye) (1977)",Drama|War,50183.0,7756
32914,Carrie (2002),Drama|Horror|Thriller,7342.0,7757
32943,Life Is Sweet (1990),Comedy|Drama,36843.0,7758
32988,Clean (2004),Drama,39851.0,7759
33004,"Hitchhiker's Guide to the Galaxy, The (2005)",Adventure|Comedy|Sci-Fi,7453.0,7760
33019,Barefoot (Barfuss) (2005),Comedy|Drama|Romance,6183.0,7761
33036,"Eiger Sanction, The (1975)",Action|Adventure|Drama|Thriller,20187.0,7762
33072,F for Fake (Vérités et mensonges) (1973),Documentary|Mystery,43003.0,7763
33081,Love Comes Softly (2003),Drama|Romance|Western,16250.0,7764
33085,"Amityville Horror, The (2005)",Horror|Thriller,10065.0,7765
33113,Act of Violence (1948),Drama|Film-Noir|Thriller,32850.0,7766
33119,Miracle in Milan (Miracolo a Milano) (1951),Comedy|Drama|Fantasy,43379.0,7767
33124,Before the Fall (NaPolA - Elite für den Führer) (2004),Drama|War,9393.0,7768
33126,"Frisco Kid, The (1979)",Comedy|Western,16972.0,7769
33136,House of D (2004),Drama,24363.0,7770
33138,Palindromes (2004),Adventure|Comedy|Drama,13073.0,7771
33145,"Lot Like Love, A (2005)",Comedy|Drama|Romance,8976.0,7772
33154,Enron: The Smartest Guys in the Room (2005),Documentary,13020.0,7773
33158,xXx: State of the Union (2005),Action|Crime|Thriller,11679.0,7774
33162,Kingdom of Heaven (2005),Action|Drama|Romance|War,1495.0,7775
33164,House of Wax (2005),Horror|Thriller,10066.0,7776
33166,Crash (2004),Crime|Drama,1640.0,7777
33171,Mysterious Skin (2004),Drama|Mystery,11171.0,7778
33188,Mischief (1985),Comedy|Romance,14750.0,7779
33237,San Francisco (1936),Drama|Musical|Romance,43881.0,7780
33264,Satan's Tango (Sátántangó) (1994),Drama,31414.0,7781
33270,"Taste of Tea, The (Cha no aji) (2004)",Comedy|Drama,15318.0,7782
33288,Kes (1969),Drama,13384.0,7783
33294,Vampire Hunter D (1985),Animation|Fantasy|Horror,9463.0,7784
33312,"Cocoanuts, The (1929)",Comedy|Musical,20625.0,7785
33358,Off the Map (2003),Comedy|Drama,24078.0,7786
33410,Crackerjack (2002),Comedy,14672.0,7787
33421,Dear Wendy (2005),Drama,10913.0,7788
33437,Unleashed (Danny the Dog) (2005),Action|Crime|Drama|Thriller,10027.0,7789
33451,"Ugly, Dirty and Bad (Brutti sporchi e cattivi) (1976)",Comedy|Drama,19413.0,7790
33454,Léolo (1992),Comedy|Drama,11139.0,7791
33463,DuckTales: The Movie - Treasure of the Lost Lamp (1990),Adventure|Animation|Children|Comedy|Fantasy,10837.0,7792
33487,Samaritan Girl (Samaria) (2004),Drama,1279.0,7793
33493,Star Wars: Episode III - Revenge of the Sith (2005),Action|Adventure|Sci-Fi,1895.0,7794
33495,Kicking & Screaming (2005),Comedy,9981.0,7795
33499,Monster-in-Law (2005),Comedy|Romance,4379.0,7796
33539,Deep Blue (2003),Documentary,11019.0,7797
33558,"Snow Walker, The (2003)",Adventure|Drama,14694.0,7798
33564,Divorce - Italian Style (Divorzio all'italiana) (1961),Comedy,20271.0,7799
33585,9 Songs (2004),Drama|Romance,27.0,7800
33587,"Uninvited, The (1944)",Horror|Mystery|Romance,16373.0,7801
33592,Bad Guy (Nabbeun namja) (2001),Drama,25649.0,7802
33603,Simon (2004),Comedy|Drama,19398.0,7803
33615,Madagascar (2005),Adventure|Animation|Children|Comedy,953.0,7804
33621,Somersault (2004),Drama,16605.0,7805
33629,Airborne (1993),Adventure|Comedy,13064.0,7806
33639,Mad Hot Ballroom (2005),Children|Documentary,14358.0,7807
33644,Dominion: Prequel to the Exorcist (2005),Horror|Thriller,12700.0,7808
33646,"Longest Yard, The (2005)",Comedy|Drama,9291.0,7809
33649,Saving Face (2004),Comedy|Drama|Romance,19316.0,7810
33660,Cinderella Man (2005),Drama|Romance,921.0,7811
33669,"Sisterhood of the Traveling Pants, The (2005)",Adventure|Comedy|Drama,9779.0,7812
33672,Lords of Dogtown (2005),Action|Comedy|Drama,9787.0,7813
33675,After You (Après vous...) (2003),Comedy|Romance,16932.0,7814
33677,Rock School (2005),Documentary,23825.0,7815
33679,Mr. & Mrs. Smith (2005),Action|Adventure|Comedy|Romance,787.0,7816
33681,"Adventures of Sharkboy and Lavagirl 3-D, The (2005)",Action|Adventure|Children|Fantasy,14199.0,7817
33683,High Tension (Haute tension) (Switchblade Romance) (2003),Horror|Thriller,10226.0,7818
33685,"Honeymooners, The (2005)",Comedy,21295.0,7819
33722,Ladies in Lavender (2004),Comedy|Drama|Romance,9528.0,7820
33725,It's All Gone Pete Tong (2004),Comedy|Drama|Musical,12109.0,7821
33750,Innocent Voices (Voces inocentes) (2004),Drama|War,20941.0,7822
33779,Eddie Izzard: Dress to Kill (1999),Comedy,13589.0,7823
33781,Quo Vadis (1951),Drama|Romance,11620.0,7824
33794,Batman Begins (2005),Action|Crime|IMAX,272.0,7825
33815,"Perfect Man, The (2005)",Comedy|Drama|Romance,15648.0,7826
33817,My Summer of Love (2004),Drama|Romance,9709.0,7827
33819,Heights (2004),Drama,29080.0,7828
33826,Saint Ralph (2004),Comedy|Drama,25248.0,7829
33830,Herbie: Fully Loaded (2005),Adventure|Comedy|Romance,11451.0,7830
33832,Yes (2004),Drama,25312.0,7831
33834,Land of the Dead (2005),Action|Horror|Thriller,11683.0,7832
33836,Bewitched (2005),Comedy|Fantasy|Romance,9722.0,7833
33838,Rize (2005),Documentary,2287.0,7834
33861,Danger: Diabolik (Diabolik) (1968),Action|Crime|Thriller,2994.0,7835
33880,Me and You and Everyone We Know (2005),Comedy|Drama,1382.0,7836
33893,"Perfect Crime, The (Crimen Ferpecto) (Ferpect Crime) (2004)",Comedy|Crime|Thriller,9534.0,7837
33896,3 Extremes (Three... Extremes) (Saam gaang yi) (2004),Horror,33908.0,7838
33903,"Edukators, The (Die Fetten Jahre sind vorbei) (2004)",Comedy|Crime|Drama|Romance,276.0,7839
33905,Somebody Up There Likes Me (1956),Action|Crime|Drama,28000.0,7840
33912,"Unmarried Woman, An (1978)",Comedy|Drama|Romance,38731.0,7841
33966,Cop and ½ (1993),Comedy,12574.0,7842
34002,Room Service (1938),Comedy,15938.0,7843
34018,At the Circus (1939),Comedy|Musical,22553.0,7844
34045,"I Inside, The (2004)",Fantasy|Mystery|Sci-Fi,11588.0,7845
34048,War of the Worlds (2005),Action|Adventure|Sci-Fi|Thriller,74.0,7846
34051,My Brilliant Career (1979),Drama|Romance,16659.0,7847
34063,Gambit (1966),Comedy|Crime,28270.0,7848
34065,Billion Dollar Brain (1967),Drama|Thriller,4889.0,7849
34072,"March of the Penguins (Marche de l'empereur, La) (2005)",Documentary,1667.0,7850
34111,"God Who Wasn't There, The (2005)",Documentary,13014.0,7851
34129,Rebound (2005),Comedy,7233.0,7852
34143,Dark Water (2005),Drama|Horror|Thriller,9009.0,7853
34148,"Beat That My Heart Skipped, The (battre mon coeur s'est arrêté, De) (2005)",Drama,1553.0,7854
34150,Fantastic Four (2005),Action|Adventure|Sci-Fi,9738.0,7855
34153,Murderball (2005),Documentary,14278.0,7856
34155,Saraband (2003),Drama,55650.0,7857
34162,Wedding Crashers (2005),Comedy|Romance,9522.0,7858
34164,Happy Endings (2005),Comedy|Drama,14922.0,7859
34177,"Hindenburg, The (1975)",Drama|Thriller,17599.0,7860
34198,Russian Dolls (Les poupées russes) (2005),Comedy|Romance,1826.0,7861
34271,Hustle & Flow (2005),Crime|Drama,10476.0,7862
34292,Hardware (1990),Action|Horror|Sci-Fi,11309.0,7863
34314,Funny Ha Ha (2002),Comedy|Drama,33693.0,7864
34319,"Island, The (2005)",Action|Sci-Fi|Thriller,1635.0,7865
34321,Bad News Bears (2005),Children|Comedy,13341.0,7866
34323,"Devil's Rejects, The (2005)",Action|Crime|Horror,1696.0,7867
34326,Last Days (2005),Drama,1665.0,7868
34330,November (2004),Drama|Mystery,9775.0,7869
34332,Sky High (2005),Action|Adventure|Children|Comedy,11459.0,7870
34334,Stealth (2005),Action|Adventure|Sci-Fi|Thriller,10048.0,7871
34336,Must Love Dogs (2005),Comedy|Romance,11648.0,7872
34338,"Aristocrats, The (2005)",Comedy|Documentary,15258.0,7873
34359,Georgy Girl (1966),Comedy,42719.0,7874
34375,"Touch of Spice, A (Politiki kouzina) (2003)",Comedy|Drama,12497.0,7875
34405,Serenity (2005),Action|Adventure|Sci-Fi,16320.0,7876
34435,Sholay (1975),Action|Adventure|Comedy|Musical|Romance|Thriller,12259.0,7877
34437,Broken Flowers (2005),Comedy|Drama,308.0,7878
34469,Baby Face (1933),Drama,27449.0,7879
34482,"Browning Version, The (1951)",Drama,39946.0,7880
34499,"Heart Is Deceitful Above All Things, The (2004)",Drama,26579.0,7881
34520,"Dukes of Hazzard, The (2005)",Action|Adventure|Comedy,6519.0,7882
34523,The Chumscrubber (2005),Comedy|Drama,13919.0,7883
34528,Junebug (2005),Comedy|Drama,1444.0,7884
34530,Deuce Bigalow: European Gigolo (2005),Comedy,11453.0,7885
34532,"Skeleton Key, The (2005)",Drama|Horror|Mystery|Thriller,9913.0,7886
34534,Four Brothers (2005),Action|Crime|Drama,8292.0,7887
34536,The Great Raid (2005),Action|Drama|War,13922.0,7888
34538,Asylum (2005),Romance|Thriller,24461.0,7889
34540,Pretty Persuasion (2005),Comedy|Drama,14166.0,7890
34542,Grizzly Man (2005),Documentary,501.0,7891
34552,"Girl in the Café, The (2005)",Drama|Romance,28201.0,7892
34579,"24th Day, The (2004)",Drama|Thriller,18165.0,7893
34583,Prime Cut (1972),Action|Crime|Drama,27292.0,7894
34645,Race with the Devil (1975),Action|Horror|Mystery,32051.0,7895
34648,Acacia (2003),Horror,37284.0,7896
34696,Dirty Money (Un flic) (1972),Crime|Drama,42741.0,7897
34767,My Date with Drew (2004),Comedy|Documentary|Romance,25975.0,7898
34811,Pusher II: With Blood on My Hands (2004),Action|Crime|Drama|Thriller,11328.0,7899
35015,Duma (2005),Adventure|Drama,15907.0,7900
35347,Animal Farm (1954),Animation|Drama,11848.0,7901
35636,Teen Witch (1989),Comedy,25199.0,7902
35836,"40-Year-Old Virgin, The (2005)",Comedy|Romance,6957.0,7903
35957,Red Eye (2005),Horror|Thriller,11460.0,7904
36056,Man of the West (1958),Western,14674.0,7905
36083,Main Hoon Na (2004),Action|Comedy|Drama,14134.0,7906
36086,Dilwale Dulhania Le Jayenge (1995),Comedy|Musical|Romance,19404.0,7907
36276,Hidden (a.k.a. Cache) (Caché) (2005),Drama|Mystery|Thriller,445.0,7908
36289,Asterix & Obelix vs. Caesar (Astérix et Obélix contre César) (1999),Adventure|Children|Comedy|Fantasy,9564.0,7909
36363,Kin-Dza-Dza! (1986),Comedy|Drama|Sci-Fi,20874.0,7910
36397,Valiant (2005),Adventure|Animation|Children|Comedy|Fantasy|War,14175.0,7911
36401,"Brothers Grimm, The (2005)",Comedy|Fantasy|Horror|Thriller,4442.0,7912
36477,"Baxter, The (2005)",Comedy|Drama|Romance,13169.0,7913
36509,"Cave, The (2005)",Action|Adventure|Horror|Mystery|Sci-Fi|Thriller,9042.0,7914
36513,Dirty Deeds (2005),Comedy,15022.0,7915
36517,"Constant Gardener, The (2005)",Drama|Thriller,1985.0,7916
36519,Transporter 2 (2005),Action|Crime|Thriller,9335.0,7917
36523,Margaret Cho: Assassin (2005),Comedy,56214.0,7918
36525,Just Like Heaven (2005),Comedy|Fantasy|Romance,9007.0,7919
36527,Proof (2005),Drama,9777.0,7920
36529,Lord of War (2005),Action|Crime|Drama|Thriller|War,1830.0,7921
36531,Venom (2005),Horror|Thriller,7182.0,7922
36533,Cry_Wolf (a.k.a. Cry Wolf) (2005),Drama|Horror|Mystery|Thriller,10092.0,7923
36535,Everything Is Illuminated (2005),Comedy|Drama,340.0,7924
36537,Thumbsucker (2005),Comedy|Drama,1546.0,7925
36850,Police Story 2 (Ging chaat goo si juk jaap) (1988),Action|Comedy|Crime|Thriller,10753.0,7926
37211,Go West (1940),Comedy|Musical|Western,22575.0,7927
37240,Why We Fight (2005),Documentary,14286.0,7928
37287,Gertrud (1964),Drama,34181.0,7929
37335,Come Drink with Me (Da zui xia) (1966),Action|Adventure|Crime,26259.0,7930
37380,Doom (2005),Action|Horror|Sci-Fi,8814.0,7931
37382,Domino (2005),Crime|Drama|Thriller,9923.0,7932
37384,Waiting... (2005),Comedy,7553.0,7933
37386,Aeon Flux (2005),Action|Sci-Fi,8202.0,7934
37475,"Unfinished Life, An (2005)",Drama,1947.0,7935
37477,"Man, The (2005)",Action|Comedy|Crime,9074.0,7936
37495,Survive Style 5+ (2004),Fantasy|Mystery|Romance|Thriller,16133.0,7937
37545,Woyzeck (1979),Drama,10319.0,7938
37626,It's a Gift (1934),Comedy,28001.0,7939
37720,"Exorcism of Emily Rose, The (2005)",Crime|Drama|Horror|Thriller,8643.0,7940
37727,Flightplan (2005),Action|Drama|Thriller,9315.0,7941
37729,Corpse Bride (2005),Animation|Comedy|Fantasy|Musical|Romance,3933.0,7942
37731,Green Street Hooligans (a.k.a. Hooligans) (2005),Crime|Drama,8923.0,7943
37733,"History of Violence, A (2005)",Action|Crime|Drama|Thriller,59.0,7944
37736,Oliver Twist (2005),Drama,257.0,7945
37739,"Greatest Game Ever Played, The (2005)",Drama,15487.0,7946
37741,Capote (2005),Crime|Drama,398.0,7947
37785,"Anderson Tapes, The (1971)",Crime|Drama|Thriller,30941.0,7948
37830,Final Fantasy VII: Advent Children (2004),Action|Adventure|Animation|Fantasy|Sci-Fi,647.0,7949
37844,Roll Bounce (2005),Comedy|Drama|Romance,14544.0,7950
37853,Into the Blue (2005),Action|Adventure|Crime|Thriller,11968.0,7951
37855,"Prize Winner of Defiance Ohio, The (2005)",Drama,27176.0,7952
37857,MirrorMask (2005),Adventure|Children|Drama|Fantasy,14517.0,7953
37955,Innocence (2004),Drama|Fantasy|Mystery,33623.0,7954
38038,Wallace & Gromit in The Curse of the Were-Rabbit (2005),Adventure|Animation|Children|Comedy,533.0,7955
38046,Seven Swords (Chat gim) (2005),Action|Drama,10703.0,7956
38061,Kiss Kiss Bang Bang (2005),Comedy|Crime|Mystery|Thriller,5236.0,7957
38095,"Bittersweet Life, A (Dalkomhan insaeng) (2005)",Action|Crime|Drama,11344.0,7958
38097,Dumplings (Gaau ji) (2004),Drama|Horror|Thriller,9060.0,7959
38159,"Short Film About Love, A (Krótki film o milosci) (1988)",Drama|Romance,31056.0,7960
38188,Bubble (2006),Crime|Drama|Mystery,14788.0,7961
38198,Darwin's Nightmare (2004),Documentary,10700.0,7962
38294,Beowulf & Grendel (2005),Action|Adventure|Drama|Fantasy,5471.0,7963
38304,No Direction Home: Bob Dylan (2005),Documentary,19082.0,7964
38320,Valerie and Her Week of Wonders (Valerie a týden divu) (1970),Adventure|Drama|Fantasy,46315.0,7965
38384,Hail the Conquering Hero (1944),Comedy,36498.0,7966
38388,Goal! The Dream Begins (Goal!) (2005),Drama,9763.0,7967
38538,Speak (2004),Drama,15058.0,7968
38583,"Wraith, The (1986)",Action|Horror|Sci-Fi|Thriller,10017.0,7969
38600,Factotum (2005),Drama,10475.0,7970
38656,Sweet Movie (1974),Comedy|Drama,1559.0,7971
38701,Don't Come Knocking (2005),Drama|Western,3527.0,7972
38798,In Her Shoes (2005),Comedy|Drama,11931.0,7973
38881,Punishment Park (1971),Drama|Thriller,26513.0,7974
38886,"Squid and the Whale, The (2005)",Comedy|Drama,10707.0,7975
38992,Two for the Money (2005),Drama,9910.0,7976
38994,Separate Lies (2005),Drama|Romance|Thriller,38583.0,7977
39183,Brokeback Mountain (2005),Drama|Romance,142.0,7978
39231,Elizabethtown (2005),Comedy|Drama|Romance,9621.0,7979
39234,North Country (2005),Drama,9701.0,7980
39292,"Good Night, and Good Luck. (2005)",Crime|Drama,3291.0,7981
39307,Dreamer: Inspired by a True Story (2005),Children|Drama,12920.0,7982
39369,Detective Story (1951),Crime|Drama|Film-Noir,20853.0,7983
39381,"Proposition, The (2005)",Crime|Drama|Western,16608.0,7984
39398,C.S.A.: The Confederate States of America (2004),Comedy|Drama,24408.0,7985
39400,"Fog, The (2005)",Action|Horror|Mystery|Thriller,791.0,7986
39408,Left Behind: World at War (2005),Drama,38828.0,7987
39414,Shopgirl (2005),Comedy|Drama|Romance,2610.0,7988
39419,Where the Truth Lies (2005),Drama|Thriller,9729.0,7989
39421,After School Special (a.k.a. Barely Legal) (2003),Comedy,15276.0,7990
39427,Stay (2005),Thriller,8066.0,7991
39435,"Legend of Zorro, The (2005)",Action|Adventure|Drama|Western,1656.0,7992
39441,New York Doll (2005),Documentary,41566.0,7993
39444,"Weather Man, The (2005)",Comedy|Drama,6963.0,7994
39446,Saw II (2005),Horror|Thriller,215.0,7995
39449,Prime (2005),Comedy|Drama|Romance,2313.0,7996
39529,"Race for Your Life, Charlie Brown (1977)",Adventure|Animation|Children,31718.0,7997
39659,Teorema (1968),Drama,5335.0,7998
39703,Little Fish (2005),Crime|Drama|Romance|Thriller,9993.0,7999
39768,Life is a Miracle (Zivot je cudo) (2004),Comedy|Drama|Musical|Romance|War,20128.0,8000
39869,Manderlay (2005),Drama,1951.0,8001
39886,Nine Lives (2005),Drama,16022.0,8002
40010,Duck Season (Temporada de patos) (2004),Comedy,34207.0,8003
40033,"Adventures of Prince Achmed, The (Abenteuer des Prinzen Achmed, Die) (1926)",Adventure|Animation|Fantasy|Romance,19354.0,8004
40148,Revolver (2005),Crime|Drama|Thriller,10851.0,8005
40226,Wild Zero (2000),Action|Comedy|Horror|Romance|Sci-Fi,16231.0,8006
40278,Jarhead (2005),Action|Drama|War,25.0,8007
40337,Holy Guests (Ha-Ushpizin) (2004),Drama,15083.0,8008
40339,Chicken Little (2005),Action|Adventure|Animation|Children|Comedy|Sci-Fi,9982.0,8009
40342,Romance & Cigarettes (2005),Comedy|Drama|Musical|Romance,13994.0,8010
40412,Dead Man's Shoes (2004),Crime|Thriller,12877.0,8011
40414,Joyeux Noël (Merry Christmas) (2005),Drama|War,11661.0,8012
40491,"Match Factory Girl, The (Tulitikkutehtaan tyttö) (1990)",Comedy|Drama,7974.0,8013
40574,Get Rich or Die Tryin' (2005),Action|Crime|Drama,10060.0,8014
40581,Just Friends (2005),Comedy|Romance,10033.0,8015
40583,Syriana (2005),Drama|Thriller,231.0,8016
40586,Calamari Union (1985),Comedy,59388.0,8017
40591,"Bohemian Life, The (La vie de bohème) (1992)",Comedy|Drama,28212.0,8018
40614,Derailed (2005),Drama|Thriller,8999.0,8019
40617,Creep (2004),Horror|Thriller,8555.0,8020
40629,Pride & Prejudice (2005),Drama|Romance,4348.0,8021
40723,Wolf Creek (2005),Crime|Horror|Thriller,9885.0,8022
40732,"Descent, The (2005)",Adventure|Drama|Horror|Thriller,9392.0,8023
40815,Harry Potter and the Goblet of Fire (2005),Adventure|Fantasy|Thriller|IMAX,674.0,8024
40817,Dinner with Friends (2001),Comedy|Drama,24625.0,8025
40819,Walk the Line (2005),Drama|Musical|Romance,69.0,8026
40826,Rent (2005),Drama|Musical|Romance,1833.0,8027
40851,Zathura (2005),Action|Adventure|Children|Fantasy,6795.0,8028
40870,C.R.A.Z.Y. (2005),Drama,11421.0,8029
40887,Lonesome Jim (2005),Drama|Romance,7301.0,8030
40946,Sarah Silverman: Jesus Is Magic (2005),Comedy|Musical,16156.0,8031
40952,Bee Season (2005),Drama,24618.0,8032
40955,Breakfast on Pluto (2005),Comedy|Drama,1420.0,8033
40959,"Ice Harvest, The (2005)",Action|Comedy|Crime|Thriller,9005.0,8034
40962,"Yours, Mine and Ours (2005)",Comedy|Romance,13499.0,8035
40966,"Libertine, The (2004)",Drama,7548.0,8036
40973,"Wild Geese, The (1978)",Action|Adventure|Drama|War,7010.0,8037
40988,Hondo (1953),Western,6529.0,8038
41014,"Bird with the Crystal Plumage, The (Uccello dalle piume di cristallo, L') (1970)",Crime|Horror|Mystery|Thriller,20345.0,8039
41025,"Good Woman, A (2004)",Comedy|Drama|Romance,15184.0,8040
41136,"Driver, The (1978)",Action|Crime|Film-Noir,2153.0,8041
41226,Sounder (1972),Drama,42489.0,8042
41285,Match Point (2005),Crime|Drama|Romance,116.0,8043
41336,Nazarin (Nazarín) (1959),Drama,35124.0,8044
41411,"Deep, The (1977)",Adventure|Horror|Mystery|Thriller,20416.0,8045
41425,"Dying Gaul, The (2005)",Drama|Romance,41189.0,8046
41527,Paradise Now (2005),Crime|Drama|Thriller|War,67.0,8047
41566,"Chronicles of Narnia: The Lion, the Witch and the Wardrobe, The (2005)",Adventure|Children|Fantasy,411.0,8048
41569,King Kong (2005),Action|Adventure|Drama|Fantasy|Thriller,254.0,8049
41571,Memoirs of a Geisha (2005),Drama|Romance,1904.0,8050
41573,"Family Stone, The (2005)",Comedy|Drama|Romance,9043.0,8051
41575,"Promise, The (Wu ji) (2005)",Action|Drama|Fantasy,2008.0,8052
41585,Kiss of Death (1947),Crime|Drama|Film-Noir,21454.0,8053
41617,Havoc (2005),Crime|Drama|Romance,14695.0,8054
41627,Samurai Rebellion (Jôi-uchi: Hairyô tsuma shimatsu) (1967),Action|Drama,27031.0,8055
41699,"Ivan the Terrible, Part Two (Ivan Groznyy II: Boyarsky zagovor) (1958)",Drama,43118.0,8056
41712,"Room for Romeo Brass, A (1999)",Comedy|Drama,22908.0,8057
41716,"Matador, The (2005)",Comedy|Drama|Thriller,9515.0,8058
41721,Look Both Ways (2005),Drama|Romance,16151.0,8059
41724,Wal-Mart: The High Cost of Low Price (2005),Documentary,29595.0,8060
41769,Mozart and the Whale (2005),Comedy|Drama|Romance,23478.0,8061
41828,Don't Look Now: We're Being Shot At (La grande vadrouille) (1966),Comedy|War,8290.0,8062
41831,They Died with Their Boots On (1941),Drama|Romance|War|Western,17382.0,8063
41863,"Three Burials of Melquiades Estrada, The (2006)",Adventure|Crime|Drama,8053.0,8064
41912,Slim Susie (Smala Sussie) (2003),Comedy|Crime|Mystery,11466.0,8065
41941,"Aura, The (Aura, El) (2005)",Crime|Drama|Thriller,13653.0,8066
41997,Munich (2005),Action|Crime|Drama|Thriller,612.0,8067
42002,"Producers, The (2005)",Comedy|Musical,9899.0,8068
42004,Transamerica (2005),Adventure|Comedy|Drama,546.0,8069
42007,Rumor Has It... (2005),Comedy|Drama|Romance,2800.0,8070
42009,Cheaper by the Dozen 2 (2005),Adventure|Comedy,9641.0,8071
42011,Fun with Dick and Jane (2005),Comedy|Crime,7552.0,8072
42013,"Ringer, The (2005)",Comedy,9927.0,8073
42015,Casanova (2005),Action|Adventure|Comedy|Drama|Romance,9681.0,8074
42018,Mrs. Henderson Presents (2005),Comedy|Drama,10773.0,8075
42021,"White Countess, The (2005)",Drama,18840.0,8076
42053,Dirty Love (2005),Comedy|Romance,18189.0,8077
42094,"Spirit of the Beehive, The (Espíritu de la colmena, El) (1973)",Drama|Horror|Mystery,4495.0,8078
42163,Richard Pryor: Live in Concert (1979),Comedy|Documentary,22975.0,8079
42197,Keeping Mum (2005),Comedy|Crime,9687.0,8080
42213,"Goodnight, Mister Tom (1999)",Drama,20546.0,8081
42217,Late Spring (Banshun) (1949),Drama,20530.0,8082
42285,"Dentist, The (1996)",Horror|Thriller,9568.0,8083
42385,Yamakasi - Les samouraïs des temps modernes (2001),Action|Crime|Drama,6935.0,8084
42418,"New World, The (2005)",Adventure|Drama|Romance,11400.0,8085
42518,Christmas in Connecticut (1945),Comedy|Romance,13669.0,8086
42556,7 Faces of Dr. Lao (1964),Fantasy|Mystery|Western,14241.0,8087
42632,Lady Vengeance (Sympathy for Lady Vengeance) (Chinjeolhan geumjassi) (2005),Crime|Drama|Mystery|Thriller,4550.0,8088
42634,Boys Don't Cry (Chlopaki nie placza) (2000),Comedy,36380.0,8089
42681,49th Parallel (1941),Adventure|Drama|Thriller|War,21735.0,8090
42710,Ted Bundy (2002),Crime|Drama|Thriller,34081.0,8091
42718,District 13 (Banlieue 13) (2004),Action|Crime|Sci-Fi,10045.0,8092
42721,BloodRayne (2005),Action|Fantasy,168705.0,8093
42723,Hostel (2005),Horror,1690.0,8094
42725,Grandma's Boy (2006),Comedy,9900.0,8095
42728,Tristan & Isolde (2006),Drama|Romance,9044.0,8096
42730,Glory Road (2006),Drama,9918.0,8097
42732,Last Holiday (2006),Comedy,17379.0,8098
42734,Hoodwinked! (2005),Animation|Children|Comedy,10982.0,8099
42738,Underworld: Evolution (2006),Action|Fantasy|Horror,834.0,8100
42740,Looking for Comedy in the Muslim World (2005),Comedy,25890.0,8101
42783,Shadows of Our Forgotten Ancestors (Tini zabutykh predkiv) (1964),Drama|Romance,26782.0,8102
42900,Cul-de-sac (1966),Comedy|Crime|Drama|Thriller,4772.0,8103
42946,Project A ('A' gai waak) (1983),Action|Comedy,21519.0,8104
42958,Little Manhattan (2005),Children|Comedy|Romance,16553.0,8105
43009,"Ordeal, The (Calvaire) (2004)",Drama|Horror,12517.0,8106
43022,Hellraiser: Hellseeker (2002),Horror,11246.0,8107
43177,Over the Edge (1979),Crime|Drama,23957.0,8108
43333,Water (2005),Drama|Romance,7509.0,8109
43376,Sophie Scholl: The Final Days (Sophie Scholl - Die letzten Tage) (2005),Drama|War,2117.0,8110
43391,Matti: Hell Is for Heroes (Matti) (2006),Comedy|Drama,29040.0,8111
43396,"World's Fastest Indian, The (2005)",Drama,9912.0,8112
43415,As Tears Go By (Wong gok ka moon) (1988),Crime|Drama,24163.0,8113
43419,Bandidas (2006),Action|Comedy|Crime|Western,1969.0,8114
43444,Made in Britain (1982),Crime|Drama,31858.0,8115
43460,Tristram Shandy: A Cock and Bull Story (2005),Comedy|Drama,8435.0,8116
43497,Love in the Afternoon (Chloe in the Afternoon)  (L'amour l'après-midi) (1972),Drama|Romance,12116.0,8117
43552,French Fried Vacation (Les Bronzés) (1978),Comedy,11183.0,8118
43556,Annapolis (2006),Drama,13275.0,8119
43558,Big Momma's House 2 (2006),Action|Comedy|Crime,11565.0,8120
43560,Nanny McPhee (2005),Children|Comedy|Fantasy,11283.0,8121
43589,"Dark, The (2005)",Horror|Mystery|Thriller,17.0,8122
43635,Bye Bye Birdie (1963),Comedy|Musical,25167.0,8123
43652,"Comedians of Comedy, The (2005)",Comedy|Documentary,16452.0,8124
43677,"Tuskegee Airmen, The (1995)",Drama|War,31894.0,8125
43679,Final Destination 3 (2006),Horror|Mystery|Thriller,9286.0,8126
43684,Something New (2006),Comedy|Drama|Romance,15363.0,8127
43699,"Wind, The (1928)",Drama|Western,31416.0,8128
43708,Block Party (a.k.a. Dave Chappelle's Block Party) (2005),Comedy|Documentary,292.0,8129
43744,Imagine Me & You (2005),Comedy|Drama|Romance,1544.0,8130
43832,"Call of Cthulhu, The (2005)",Horror|Thriller,20981.0,8131
43836,"Pink Panther, The (2006)",Adventure|Comedy|Crime,12096.0,8132
43838,Troll (1986),Comedy|Fantasy|Horror,33061.0,8133
43853,"Business, The (2005)",Action|Comedy|Crime|Drama|Thriller,5145.0,8134
43869,Curious George (2006),Adventure|Animation|Children|Comedy,9975.0,8135
43871,Firewall (2006),Crime|Drama|Thriller,9754.0,8136
43897,"White Diamond, The (2004)",Documentary,23965.0,8137
43899,Tony Takitani (2004),Drama,29269.0,8138
43904,When a Stranger Calls (2006),Horror|Thriller,10053.0,8139
43906,Tamara (2005),Fantasy|Horror|Thriller,10263.0,8140
43908,London (2005),Drama,7515.0,8141
43910,Neil Young: Heart of Gold (2006),Documentary|Musical,15675.0,8142
43912,Freedomland (2006),Crime|Drama,9959.0,8143
43914,Winter Passing (2005),Drama,14256.0,8144
43917,Eight Below (2006),Action|Adventure|Drama|Romance,9036.0,8145
43919,Date Movie (2006),Comedy|Romance,10073.0,8146
43921,Running Scared (2006),Action|Crime|Thriller,7304.0,8147
43923,Tyler Perry's Madea's Family Reunion (2006),Comedy|Drama,16781.0,8148
43926,Doogal (2006),Animation|Children,24432.0,8149
43928,Ultraviolet (2006),Action|Fantasy|Sci-Fi|Thriller,9920.0,8150
43930,Just My Luck (2006),Comedy|Romance,10025.0,8151
43932,Pulse (2006),Action|Drama|Fantasy|Horror|Mystery|Sci-Fi|Thriller,9682.0,8152
43934,Deep Sea 3D (2006),Documentary|IMAX,17700.0,8153
43936,16 Blocks (2006),Crime|Thriller,2207.0,8154
43983,Election (Hak se wui) (2005),Crime|Drama|Thriller,18747.0,8155
43987,Half Light (2006),Romance|Thriller,9756.0,8156
44004,Failure to Launch (2006),Comedy|Romance,6877.0,8157
44022,Ice Age 2: The Meltdown (2006),Adventure|Animation|Children|Comedy,950.0,8158
44041,All Quiet on the Western Front (1979),Action|Drama|War,10912.0,8159
44058,"Big White, The (2005)",Comedy|Crime|Drama,9968.0,8160
44073,Stromboli (1950),Drama,4173.0,8161
44100,Cyrano de Bergerac (1950),Drama|Romance,43386.0,8162
44115,Shinobi: Heart Under Blade (2005),Action|Drama|Fantasy|Romance,10116.0,8163
44168,"Naked Spur, The (1953)",Western,20442.0,8164
44187,"Prince & Me II: The Royal Wedding, The (2006)",Comedy|Romance,15590.0,8165
44189,Ask the Dust (2006),Drama|Romance,1967.0,8166
44191,V for Vendetta (2006),Action|Sci-Fi|Thriller|IMAX,752.0,8167
44193,She's the Man (2006),Comedy|Romance,9655.0,8168
44195,Thank You for Smoking (2006),Comedy|Drama,9388.0,8169
44197,Find Me Guilty (2006),Comedy|Crime|Drama,9950.0,8170
44199,Inside Man (2006),Crime|Drama|Thriller,388.0,8171
44204,Tsotsi (2005),Crime|Drama,868.0,8172
44225,Aquamarine (2006),Children|Comedy|Fantasy,14191.0,8173
44238,Leprechaun 2 (1994),Comedy|Fantasy|Horror,18009.0,8174
44241,Leprechaun 3 (1995),Comedy|Fantasy|Horror,19286.0,8175
44243,Leprechaun 4: In Space (1997),Comedy|Fantasy|Horror|Sci-Fi,19287.0,8176
44301,Lights in the Dusk (Laitakaupungin valot) (2006),Crime|Drama,1379.0,8177
44317,Kummeli Stories (1995),Comedy,62719.0,8178
44397,"Hills Have Eyes, The (2006)",Drama|Horror|Thriller,9792.0,8179
44399,"Shaggy Dog, The (2006)",Adventure|Children|Comedy|Fantasy,10067.0,8180
44421,"Personal Journey with Martin Scorsese Through American Movies, A (1995)",Documentary,55676.0,8181
44494,Son of the Pink Panther (1993),Comedy,46828.0,8182
44555,"Lives of Others, The (Das leben der Anderen) (2006)",Drama|Romance|Thriller,582.0,8183
44582,City on Fire (Lung fu fong wan) (1987),Action|Crime|Drama|Thriller,42120.0,8184
44587,Nanook of the North (1922),Documentary|Drama,669.0,8185
44590,Don't Torture a Duckling (Non si sevizia un paperino) (1972),Horror|Mystery|Thriller,49361.0,8186
44597,Youth of the Beast (Yaju no seishun) (1963),Action|Crime|Mystery,37939.0,8187
44613,Take the Lead (2006),Drama,12763.0,8188
44633,"Devil and Daniel Johnston, The (2005)",Documentary,13222.0,8189
44653,Money (L'argent) (1983),Crime|Drama,42112.0,8190
44657,Mouchette (1967),Drama,1561.0,8191
44665,Lucky Number Slevin (2006),Crime|Drama|Mystery,186.0,8192
44694,Volver (2006),Comedy|Drama,219.0,8193
44709,Akeelah and the Bee (2006),Drama,13751.0,8194
44729,Larry the Cable Guy: Health Inspector (2006),Comedy,15639.0,8195
44731,Stay Alive (2006),Horror|Sci-Fi|Thriller,10069.0,8196
44759,Basic Instinct 2 (2006),Crime|Drama|Mystery|Thriller,3093.0,8197
44761,Brick (2005),Crime|Drama|Film-Noir|Mystery,9270.0,8198
44788,This Film Is Not Yet Rated (2006),Documentary,16070.0,8199
44800,Fragile (2005),Horror|Thriller,11348.0,8200
44815,ATL (2006),Drama,13960.0,8201
44828,Slither (2006),Comedy|Horror|Sci-Fi,9035.0,8202
44840,"Benchwarmers, The (2006)",Comedy,9957.0,8203
44844,Phat Girlz (2006),Comedy,30139.0,8204
44849,Renaissance (2006),Action|Animation|Film-Noir|Sci-Fi|Thriller,9389.0,8205
44864,Friends with Money (2006),Comedy|Drama|Romance,8998.0,8206
44889,Reefer Madness: The Movie Musical (2005),Comedy|Drama|Musical,20521.0,8207
44900,Beauty and the Bastard (Tyttö sinä olet tähti) (2005),Drama|Musical|Romance,53296.0,8208
44911,Magic (1978),Drama|Horror|Romance|Thriller,34193.0,8209
44929,Candy (2006),Drama|Romance,4441.0,8210
44937,"Child, The (L'enfant) (2005)",Crime|Drama,11490.0,8211
44943,9/11 (2002),Documentary,11304.0,8212
44947,Lacombe Lucien (1974),Drama,55368.0,8213
44949,Hoot (2006),Children|Comedy,18276.0,8214
44966,Where the Red Fern Grows (1974),Children|Drama,26514.0,8215
44972,Scary Movie 4 (2006),Comedy|Horror,4257.0,8216
44974,Hard Candy (2005),Drama|Thriller,2652.0,8217
45000,"Chinoise, La (1967)",Comedy|Drama,1629.0,8218
45003,Shutter (2004),Fantasy|Horror|Mystery|Thriller,17111.0,8219
45028,"Prairie Home Companion, A (2006)",Comedy|Drama|Musical,9526.0,8220
45062,"Sentinel, The (2006)",Crime|Drama|Thriller,5820.0,8221
45074,"Wild, The (2006)",Adventure|Animation|Children|Comedy|Fantasy,9904.0,8222
45081,Silent Hill (2006),Fantasy|Horror|Thriller,588.0,8223
45106,American Dreamz (2006),Comedy|Drama,9310.0,8224
45172,23 (23 - Nichts ist so wie es scheint) (1998),Drama|Thriller,1557.0,8225
45175,Kinky Boots (2005),Comedy|Drama,16367.0,8226
45183,"Protector, The (a.k.a. Warrior King) (Tom yum goong) (2005)",Action|Comedy|Crime|Thriller,8982.0,8227
45186,Mission: Impossible III (2006),Action|Adventure|Thriller,956.0,8228
45208,RV (2006),Adventure|Children|Comedy,9530.0,8229
45210,United 93 (2006),Crime|Drama,9829.0,8230
45221,Stick It (2006),Comedy,10115.0,8231
45335,Footlight Parade (1933),Comedy|Musical|Romance,28432.0,8232
45361,"American Haunting, An (2005)",Drama|Horror|Mystery|Thriller,10008.0,8233
45382,Down in the Valley (2005),Drama|Romance,7870.0,8234
45412,"Hidden Blade, The (Kakushi ken oni no tsume) (2004)",Action|Drama|Romance,34019.0,8235
45431,Over the Hedge (2006),Adventure|Animation|Children|Comedy,7518.0,8236
45440,Art School Confidential (2006),Comedy|Drama,9786.0,8237
45442,Poseidon (2006),Action|Adventure|Thriller|IMAX,503.0,8238
45447,"Da Vinci Code, The (2006)",Drama|Mystery|Thriller,591.0,8239
45499,X-Men: The Last Stand (2006),Action|Sci-Fi|Thriller,36668.0,8240
45501,"Break-Up, The (2006)",Comedy|Drama|Romance,9767.0,8241
45503,Peaceful Warrior (2006),Drama,13689.0,8242
45506,Twelve and Holding (2005),Drama,18164.0,8243
45517,Cars (2006),Animation|Children|Comedy,920.0,8244
45525,"Lost City, The (2005)",Drama,9700.0,8245
45611,Vera Cruz (1954),Adventure|Western,12766.0,8246
45635,"Notorious Bettie Page, The (2005)",Drama,15402.0,8247
45658,On a Clear Day (2005),Drama,38344.0,8248
45662,"Omen, The (2006)",Horror|Thriller,806.0,8249
45664,"King, The (2005)",Drama,20021.0,8250
45666,Nacho Libre (2006),Comedy,9353.0,8251
45668,"Lake House, The (2006)",Drama|Fantasy|Romance,2044.0,8252
45672,Click (2006),Adventure|Comedy|Drama|Fantasy|Romance,9339.0,8253
45679,"Seventh Victim, The (1943)",Drama|Film-Noir|Horror|Mystery,20945.0,8254
45720,"Devil Wears Prada, The (2006)",Comedy|Drama,350.0,8255
45722,Pirates of the Caribbean: Dead Man's Chest (2006),Action|Adventure|Fantasy,58.0,8256
45726,"You, Me and Dupree (2006)",Comedy,1819.0,8257
45728,Clerks II (2006),Comedy,2295.0,8258
45730,Lady in the Water (2006),Drama|Fantasy|Mystery,9697.0,8259
45732,My Super Ex-Girlfriend (2006),Comedy|Fantasy|Romance,4474.0,8260
45837,Let It Be (1970),Documentary,20556.0,8261
45852,See No Evil (2006),Horror,10007.0,8262
45880,Marie Antoinette (2006),Drama|Romance,1887.0,8263
45891,Lady in the Lake (1947),Crime|Drama|Film-Noir|Mystery|Romance,1841.0,8264
45928,Who Killed the Electric Car? (2006),Documentary,13508.0,8265
45950,"Inconvenient Truth, An (2006)",Documentary,1781.0,8266
45969,Career Opportunities (1991),Comedy|Romance,16270.0,8267
46062,High School Musical (2006),Children|Comedy|Drama|Musical|Romance,10947.0,8268
46194,Adam & Steve (2005),Comedy|Romance,17021.0,8269
46322,Jet Li's Fearless (Huo Yuan Jia) (2006),Action|Drama,7549.0,8270
46335,"Fast and the Furious: Tokyo Drift, The (Fast and the Furious 3, The) (2006)",Action|Crime|Drama|Thriller,9615.0,8271
46337,Garfield: A Tail of Two Kitties (2006),Animation|Children|Comedy,9513.0,8272
46347,Metal: A Headbanger's Journey (2005),Documentary,20604.0,8273
46430,Waist Deep (2006),Action|Crime|Drama|Thriller,9917.0,8274
46530,Superman Returns (2006),Action|Adventure|Sci-Fi|IMAX,1452.0,8275
46559,"Road to Guantanamo, The (2006)",Drama|War,7872.0,8276
46572,Edmond (2005),Drama|Thriller,18191.0,8277
46574,"OH in Ohio, The (2006)",Comedy,14474.0,8278
46578,Little Miss Sunshine (2006),Adventure|Comedy|Drama,773.0,8279
46604,Curse of the Pink Panther (1983),Comedy|Crime|Mystery,36576.0,8280
46653,"300 Spartans, The (1962)",Adventure|Drama|War,19972.0,8281
46664,"Fallen Idol, The (1948)",Drama|Mystery|Thriller,21631.0,8282
46723,Babel (2006),Drama|Thriller,1164.0,8283
46770,Krrish (2006),Adventure|Musical|Romance|Sci-Fi,32740.0,8284
46772,Strangers with Candy (2005),Comedy,13141.0,8285
46803,Young Mr. Lincoln (1939),Drama,43838.0,8286
46850,Wordplay (2006),Documentary,35199.0,8287
46855,Army of Shadows (L'armée des ombres) (1969),Action|Drama|Thriller|War,15383.0,8288
46865,Little Man (2006),Comedy,9072.0,8289
46912,Memento Mori (Yeogo goedam II) (1999),Horror,54111.0,8290
46919,End of the Spear (2005),Drama,14120.0,8291
46948,Monster House (2006),Animation|Children|Fantasy|Mystery,9297.0,8292
46959,Colour Me Kubrick: A True...ish Story (2005),Comedy|Drama,13802.0,8293
46965,Snakes on a Plane (2006),Action|Comedy|Horror|Thriller,326.0,8294
46967,Scoop (2006),Comedy|Fantasy|Mystery,512.0,8295
46970,Talladega Nights: The Ballad of Ricky Bobby (2006),Action|Comedy,9718.0,8296
46972,Night at the Museum (2006),Action|Comedy|Fantasy|IMAX,1593.0,8297
46974,World Trade Center (2006),Drama,1852.0,8298
46976,Stranger than Fiction (2006),Comedy|Drama|Fantasy|Romance,1262.0,8299
47044,Miami Vice (2006),Action|Crime|Drama|Thriller,82.0,8300
47099,"Pursuit of Happyness, The (2006)",Drama,1402.0,8301
47117,Tears of the Black Tiger (Fah talai jone) (2000),Action|Comedy|Romance|Western,2805.0,8302
47122,John Tucker Must Die (2006),Comedy|Romance,9293.0,8303
47124,"Ant Bully, The (2006)",Adventure|Animation|Children|Comedy|Fantasy|IMAX,9906.0,8304
47148,Mrs. Palfrey at the Claremont (2005),Comedy|Drama,47880.0,8305
47150,"Death of Mr. Lazarescu, The (Moartea domnului Lazarescu) (2005)",Drama,31032.0,8306
47152,Cria Cuervos (1976),Drama,51857.0,8307
47200,Crank (2006),Action|Thriller,1948.0,8308
47202,"Secret Life of Words, The (2005)",Drama|Romance,148.0,8309
47254,Chaos (2005),Action|Crime|Drama|Thriller,5289.0,8310
47261,"Night Listener, The (2006)",Fantasy|Mystery|Thriller,9782.0,8311
47264,Barnyard: The Original Party Animals (2006),Animation|Children|Comedy,9907.0,8312
47274,Murmur of the Heart (Le souffle au coeur) (1971),Drama,42501.0,8313
47287,Compulsion (1959),Crime|Drama|Thriller,35921.0,8314
47306,"Canterbury Tale, A (1944)",Drama|Mystery|War,15696.0,8315
47330,Dirty Mary Crazy Larry (1974),Action|Crime|Drama|Romance,19017.0,8316
47382,Step Up (2006),Drama|Romance,9762.0,8317
47384,Zoom (2006),Adventure|Comedy|Drama|Fantasy,14113.0,8318
47394,"Bon Cop, Bad Cop (2006)",Action|Comedy|Crime|Thriller,15049.0,8319
47404,Mind Game (2004),Adventure|Animation|Comedy|Fantasy|Romance|Sci-Fi,21712.0,8320
47423,Half Nelson (2006),Drama,7859.0,8321
47446,"Moustache, La (2005)",Drama|Mystery|Thriller,16998.0,8322
47465,Tideland (2005),Drama|Fantasy|Thriller,11559.0,8323
47491,Adam's Apples (Adams æbler) (2005),Comedy|Drama,1023.0,8324
47493,Cabin in the Sky (1943),Fantasy|Musical,59964.0,8325
47503,2:37 (2006),Drama,2168.0,8326
47516,Material Girls (2006),Children|Comedy|Drama,10118.0,8327
47518,Accepted (2006),Comedy,9788.0,8328
47525,Lie with Me (2005),Drama|Romance,14174.0,8329
47610,"Illusionist, The (2006)",Drama|Fantasy|Mystery|Romance,1491.0,8330
47629,The Queen (2006),Drama,1165.0,8331
47634,36 Quai des Orfèvres (Department 36) (2004),Action|Crime|Drama|Thriller,7291.0,8332
47640,Beerfest (2006),Comedy,9988.0,8333
47642,How to Eat Fried Worms (2006),Children|Drama,24115.0,8334
47644,Invincible (2006),Drama,11652.0,8335
47646,Idlewild (2006),Crime|Drama|Musical,13816.0,8336
47714,Blithe Spirit (1945),Comedy|Drama|Fantasy|Romance,19072.0,8337
47721,"Red Balloon, The (Ballon rouge, Le) (1956)",Children|Fantasy,15265.0,8338
47723,Way Out West (1937),Comedy|Western,25599.0,8339
47725,Angel-A (2005),Comedy|Drama|Fantasy|Romance,11227.0,8340
47728,Green for Danger (1946),Crime|Mystery,29589.0,8341
47778,Quinceañera (2006),Drama,64499.0,8342
47793,"Puffy Chair, The (2006)",Drama|Romance,24055.0,8343
47805,Lassie (2005),Adventure|Children,14597.0,8344
47810,"Wicker Man, The (2006)",Horror|Mystery|Thriller,9708.0,8345
47830,"Quiet, The (2005)",Crime|Drama|Mystery|Thriller,9813.0,8346
47836,Sketches of Frank Gehry (2005),Documentary,27453.0,8347
47868,Ronja Robbersdaughter (Ronja Rövardotter) (1984),Adventure|Children|Drama,271.0,8348
47894,"Wind That Shakes the Barley, The (2006)",Drama|War,1116.0,8349
47904,"Notti bianche, Le (White Nights) (1957)",Drama|Romance,43231.0,8350
47937,Severance (2006),Comedy|Horror|Thriller,5072.0,8351
47940,Time to Leave (2005),Drama,2566.0,8352
47950,Hollywoodland (2006),Crime|Drama|Mystery|Thriller,1249.0,8353
47952,"Covenant, The (2006)",Action|Horror|Thriller,9954.0,8354
47956,Jesse James (1939),Action|Crime|Drama|Romance|Western,43829.0,8355
47970,"Last Kiss, The (2006)",Comedy|Drama,7511.0,8356
47976,Trust the Man (2005),Comedy|Drama|Romance,14057.0,8357
47978,SherryBaby (2006),Drama,13075.0,8358
47997,Idiocracy (2006),Adventure|Comedy|Sci-Fi|Thriller,7512.0,8359
47999,Jesus Camp (2006),Documentary|Drama,1776.0,8360
48001,"Bow, The (Hwal) (2005)",Drama|Romance,1963.0,8361
48032,"Tiger and the Snow, The (La tigre e la neve) (2005)",Comedy|Drama|Romance|War,10846.0,8362
48043,"Fountain, The (2006)",Drama|Fantasy|Romance,1381.0,8363
48045,Fear City: A Family-Style Comedy (La cité de la peur) (1994),Comedy,15097.0,8364
48059,"Boy Named Charlie Brown, A (1969)",Animation|Children|Comedy|Drama,15374.0,8365
48061,Snoopy Come Home (1972),Animation|Children|Comedy|Musical,15242.0,8366
48082,"Science of Sleep, The (La science des rêves) (2006)",Comedy|Drama|Fantasy|Romance,300.0,8367
48142,"Black Dahlia, The (2006)",Crime|Drama|Mystery|Thriller,9676.0,8368
48159,Everyone's Hero (2006),Adventure|Animation|Children|Comedy,15213.0,8369
48161,Gridiron Gang (2006),Drama,9766.0,8370
48165,"Seventh Continent, The (Der siebente Kontinent) (1989)",Drama,32761.0,8371
48231,Taxidermia (2006),Comedy|Drama|Horror,15742.0,8372
48262,"Bridge, The (2006)",Documentary,1666.0,8373
48301,"Private Life of Henry VIII, The (1933)",Comedy|Drama,43122.0,8374
48304,Apocalypto (2006),Adventure|Drama|Thriller,1579.0,8375
48319,Flyboys (2006),Action|Adventure|Drama|War,9664.0,8376
48322,Jackass Number Two (2006),Comedy|Documentary,12094.0,8377
48326,All the King's Men (2006),Drama,1717.0,8378
48342,Conversations with Other Women (2005),Comedy|Drama|Romance,15624.0,8379
48385,Borat: Cultural Learnings of America for Make Benefit Glorious Nation of Kazakhstan (2006),Comedy,496.0,8380
48394,"Pan's Labyrinth (Laberinto del fauno, El) (2006)",Drama|Fantasy|Thriller,1417.0,8381
48412,"Guardian, The (2006)",Action|Adventure|Drama,4643.0,8382
48414,Open Season (2006),Adventure|Animation|Children|Comedy|IMAX,7484.0,8383
48416,School for Scoundrels (2006),Comedy|Crime,9842.0,8384
48501,G.O.R.A. (2004),Adventure|Comedy|Sci-Fi,27275.0,8385
48516,"Departed, The (2006)",Crime|Drama|Thriller,1422.0,8386
48518,"Texas Chainsaw Massacre: The Beginning, The (2006)",Horror|Thriller,10781.0,8387
48520,Employee of the Month (2006),Comedy,9794.0,8388
48522,Stormbreaker (Alex Rider: Operation Stormbreaker) (2006),Action|Children,9978.0,8389
48543,Antibodies (Antikörper) (2005),Crime|Drama|Horror|Thriller,8332.0,8390
48560,Running With Scissors (2006),Comedy|Drama,7510.0,8391
48575,Brute Force (1947),Drama|Film-Noir|Thriller,28297.0,8392
48591,"Grudge 2, The (2006)",Drama|Horror|Mystery|Thriller,1975.0,8393
48593,Man of the Year (2006),Comedy|Thriller,9895.0,8394
48596,"Marine, The (2006)",Action|Drama|Thriller,8975.0,8395
48598,Infamous (2006),Drama,9672.0,8396
48600,One Night with the King (2006),Drama,15005.0,8397
48638,Fellini's Casanova (Il Casanova di Federico Fellini) (1976),Drama|Romance,42236.0,8398
48660,"Elementary Particles, The (Elementarteilchen) (2006)",Drama|Romance,86.0,8399
48673,Kummelin jackpot (2006),Comedy,78479.0,8400
48678,Feast (2005),Action|Comedy|Horror|Thriller,10070.0,8401
48682,Offside (2006),Comedy|Drama,13209.0,8402
48696,Little Children (2006),Drama|Romance,1440.0,8403
48698,Deliver Us from Evil (2006),Documentary,13364.0,8404
48711,Facing the Giants (2006),Action|Drama,18925.0,8405
48738,"Last King of Scotland, The (2006)",Drama|Thriller,1523.0,8406
48741,"U.S. vs. John Lennon, The (2006)",Documentary,14201.0,8407
48744,Shortbus (2006),Comedy|Drama|Romance,1378.0,8408
48774,Children of Men (2006),Action|Adventure|Drama|Sci-Fi|Thriller,9693.0,8409
48780,"Prestige, The (2006)",Drama|Mystery|Sci-Fi|Thriller,1124.0,8410
48783,Flags of Our Fathers (2006),Drama|War,3683.0,8411
48791,Flicka (2006),Children|Drama,14012.0,8412
48825,9th Company (2005),Action|Drama|War,14097.0,8413
48856,"Guide to Recognizing Your Saints, A (2006)",Crime|Drama,8194.0,8414
48872,13 Tzameti (2005),Film-Noir|Thriller,6077.0,8415
48877,Saw III (2006),Crime|Horror|Thriller,214.0,8416
48879,Catch a Fire (2006),Drama|Thriller,1123.0,8417
48883,Death of a President (2006),Crime|Drama|Mystery|Thriller,21173.0,8418
48909,5 Fingers (1952),Drama|Thriller,59087.0,8419
48982,Flushed Away (2006),Animation|Comedy,11619.0,8420
48997,Perfume: The Story of a Murderer (2006),Crime|Drama|Thriller,1427.0,8421
49007,Arabesque (1966),Adventure|Drama|Romance|Thriller,23030.0,8422
49013,"Santa Clause 3: The Escape Clause, The (2006)",Comedy|Fantasy,13767.0,8423
49060,Ocean Waves (Umi ga kikoeru) (1993),Animation|Drama|Romance,21057.0,8424
49110,Mom and Dad Save the World (1992),Comedy|Sci-Fi,27295.0,8425
49130,"Good Year, A (2006)",Comedy|Drama|Romance,9726.0,8426
49132,Shut Up & Sing (2006),Documentary,2152.0,8427
49200,"Foreign Affair, A (1948)",Comedy|Drama|Romance,61650.0,8428
49205,"Return, The (2006)",Sci-Fi|Thriller,10093.0,8429
49220,For Your Consideration (2006),Comedy,14799.0,8430
49225,Street Fight (2005),Documentary,29044.0,8431
49263,Fuck (2005),Comedy|Documentary,21710.0,8432
49265,Shooting Dogs (a.k.a. Beyond the Gates) (2005),Documentary|Drama|War,8588.0,8433
49272,Casino Royale (2006),Action|Adventure|Thriller,36557.0,8434
49274,Happy Feet (2006),Adventure|Animation|Children|Comedy|IMAX,9836.0,8435
49276,Let's Go to Prison (2006),Comedy,9809.0,8436
49278,Déjà Vu (Deja Vu) (2006),Action|Sci-Fi|Thriller,7551.0,8437
49280,Bobby (2006),Drama,10741.0,8438
49282,Deck the Halls (2006),Comedy,9969.0,8439
49284,10 Items or Less (2006),Comedy|Drama|Romance,2357.0,8440
49286,"Holiday, The (2006)",Comedy|Romance,1581.0,8441
49312,Snow Cake (2006),Drama,313.0,8442
49314,Harsh Times (2006),Action|Crime|Drama,7873.0,8443
49330,London to Brighton (2006),Crime|Drama|Thriller,14823.0,8444
49347,Fast Food Nation (2006),Drama,8324.0,8445
49355,"Bête humaine, La (1938)",Drama,29415.0,8446
49359,Celine and Julie Go Boating (Celine et Julie vont en bateau) (1974),Drama|Fantasy|Mystery,27019.0,8447
49389,The Great Train Robbery (1903),Crime|Western,5698.0,8448
49394,Simon of the Desert (Simón del desierto) (1965),Drama,36265.0,8449
49396,Tenacious D in The Pick of Destiny (2006),Adventure|Comedy|Musical,2179.0,8450
49412,It's A Wonderful World (1939),Comedy|Crime|Romance,47156.0,8451
49422,"OSS 117: Cairo, Nest of Spies (OSS 117: Le Caire nid d'espions) (2006)",Adventure|Comedy|Crime,15152.0,8452
49524,"Nativity Story, The (2006)",Drama,2447.0,8453
49526,National Lampoon's Van Wilder: The Rise of Taj (2006),Comedy,10032.0,8454
49528,Turistas (2006),Adventure|Drama|Horror|Mystery|Thriller,9796.0,8455
49530,Blood Diamond (2006),Action|Adventure|Crime|Drama|Thriller|War,1372.0,8456
49571,Dracula's Daughter (1936),Drama|Horror,22440.0,8457
49615,Triad Election (Election 2) (Hak se wui yi wo wai kwai) (2006),Crime|Drama|Thriller,15077.0,8458
49642,Unaccompanied Minors (2006),Children|Comedy,18147.0,8459
49647,Charlotte's Web (2006),Children|Comedy|Drama|Fantasy,9986.0,8460
49649,Eragon (2006),Action|Adventure|Fantasy,2486.0,8461
49651,Rocky Balboa (2006),Action|Drama,1246.0,8462
49666,Fur: An Imaginary Portrait of Diane Arbus (2006),Drama|Fantasy|Romance,18615.0,8463
49688,"Dam Busters, The (1955)",Action|Drama|War,13210.0,8464
49735,Another Gay Movie (2006),Comedy,12795.0,8465
49772,"Painted Veil, The (2006)",Drama|Romance,14202.0,8466
49793,We Are Marshall (2006),Drama,11170.0,8467
49815,"Place Promised in Our Early Days, The (Kumo no mukô, yakusoku no basho) (2004)",Animation|Drama|Romance|Sci-Fi|War,12924.0,8468
49817,"Plague Dogs, The (1982)",Adventure|Animation|Drama,30060.0,8469
49822,"Good Shepherd, The (2006)",Drama|Thriller,1247.0,8470
49824,Dreamgirls (2006),Drama|Musical,1125.0,8471
49856,"Page Turner, The (Tourneuse de pages, La) (2006)",Drama|Musical|Thriller,8436.0,8472
49902,"Decameron, The (Decameron, Il) (1971)",Comedy|Drama,33583.0,8473
49910,Freedom Writers (2007),Drama,1646.0,8474
49917,When the Levees Broke: A Requiem in Four Acts (2006),Documentary,58923.0,8475
49932,Inland Empire (2006),Drama|Mystery|Thriller,1730.0,8476
49957,"History Boys, The (2006)",Comedy|Drama,8618.0,8477
49961,Notes on a Scandal (2006),Drama,1259.0,8478
50003,DOA: Dead or Alive (2006),Action|Adventure,9053.0,8479
50005,Curse of the Golden Flower (Man cheng jin dai huang jin jia) (2006),Action|Drama,1494.0,8480
50011,"Bothersome Man, The (Brysomme mannen, Den) (2006)",Comedy|Drama|Fantasy|Mystery,13318.0,8481
50064,"Good German, The (2006)",Drama|Mystery|Thriller,182.0,8482
50066,Sweet Land (2005),Drama|Romance,31048.0,8483
50068,Letters from Iwo Jima (2006),Drama|War,1251.0,8484
50147,Black Christmas (2006),Action|Horror|Thriller,9656.0,8485
50149,Happily N'Ever After (2007),Animation|Children|Comedy,5393.0,8486
50151,Home of the Brave (2007),Action|Drama|War,14171.0,8487
50153,Code Name: The Cleaner (2007),Action|Comedy|Crime,14396.0,8488
50158,Stomp the Yard (2007),Drama|Musical,1931.0,8489
50160,Miss Potter (2006),Drama,13967.0,8490
50162,Arthur and the Invisibles (2007),Action|Children|Fantasy,9992.0,8491
50183,Loving Annabelle (2006),Drama|Romance,19344.0,8492
50229,"Young Girls of Rochefort, The (Demoiselles de Rochefort, Les) (1967)",Comedy|Musical|Romance,2433.0,8493
50259,Old Joy (2006),Drama,26518.0,8494
50274,Venus (2006),Drama|Romance,13771.0,8495
50440,Primeval (2007),Horror|Thriller,4283.0,8496
50442,Alpha Dog (2007),Crime|Drama,7457.0,8497
50445,"Hitcher, The (2007)",Action|Horror|Thriller,8398.0,8498
50447,"Dead Girl, The (2006)",Drama|Mystery|Thriller,13551.0,8499
50514,After the Wedding (Efter brylluppet) (2006),Drama,3549.0,8500
50517,Time (Shi gan) (2006),Drama|Romance,25648.0,8501
50583,Linda Linda Linda (2005),Comedy|Drama,27337.0,8502
50594,Daisies (Sedmikrasky) (1966),Comedy|Drama,46919.0,8503
50601,Bridge to Terabithia (2007),Adventure|Children|Fantasy,1265.0,8504
50615,Killer of Sheep (1977),Drama,27432.0,8505
50641,House (Hausu) (1977),Comedy|Fantasy|Horror,25623.0,8506
50651,Kenny (2006),Comedy,13140.0,8507
50658,49 Up (2005),Documentary,13365.0,8508
50685,Waitress (2007),Comedy|Drama|Romance,10758.0,8509
50703,"Secret, The (2006)",Documentary,26594.0,8510
50705,Neverwas (2005),Drama|Fantasy|Mystery,22473.0,8511
50740,Seven Up! (1964),Documentary,51863.0,8512
50742,7 Plus Seven (1970),Documentary,50754.0,8513
50792,Catch and Release (2006),Comedy|Drama|Romance,13668.0,8514
50794,Smokin' Aces (2006),Action|Crime|Drama|Thriller,7516.0,8515
50796,Blood and Chocolate (2007),Drama|Fantasy|Horror|Romance,10075.0,8516
50798,Epic Movie (2007),Adventure|Comedy,9760.0,8517
50800,"Messengers, The (2007)",Drama|Horror|Thriller,9966.0,8518
50802,Because I Said So (2007),Comedy|Drama|Romance,1257.0,8519
50804,Hannibal Rising (2007),Drama|Horror|Thriller,1248.0,8520
50806,Norbit (2007),Comedy|Romance,9757.0,8521
50842,"Boss of It All, The (Direktøren for det hele) (2006)",Comedy|Drama,5206.0,8522
50851,Cocaine Cowboys (2006),Documentary,14761.0,8523
50858,Lonely Hearts (2006),Crime|Drama|Thriller,1252.0,8524
50872,Ratatouille (2007),Animation|Children|Drama,2062.0,8525
50886,Five Fingers (2006),Drama|Thriller,11650.0,8526
50898,Lola (1961),Drama|Romance,40641.0,8527
50912,"Paris, I Love You (Paris, je t'aime) (2006)",Romance,2266.0,8528
50923,"Astronaut Farmer, The (2007)",Drama,5172.0,8529
50944,S.P.L.: Kill Zone (Saat po long) (2005),Action|Crime|Drama|Thriller,13127.0,8530
50954,It's a Boy Girl Thing (2006),Comedy|Romance,37725.0,8531
51007,Days of Glory (Indigènes) (2006),Action|Adventure|Drama|War,2016.0,8532
51037,Unknown (2006),Drama|Mystery|Thriller,9828.0,8533
51044,Magical Mystery Tour (1967),Comedy|Musical,34038.0,8534
51063,Trailer Park Boys: The Movie (2006),Comedy|Crime,9958.0,8535
51077,Ghost Rider (2007),Action|Fantasy|Thriller,1250.0,8536
51080,Breach (2007),Drama|Thriller,4169.0,8537
51082,Tyler Perry's Daddy's Little Girls (2007),Comedy|Romance,16555.0,8538
51084,Music and Lyrics (2007),Comedy|Romance,11172.0,8539
51086,"Number 23, The (2007)",Drama|Mystery|Thriller,3594.0,8540
51088,Reno 911!: Miami (2007),Comedy,10090.0,8541
51091,Black Snake Moan (2006),Drama,7874.0,8542
51094,Gray Matters (2006),Comedy|Drama|Romance,14845.0,8543
51127,loudQUIETloud: A Film About the Pixies (2006),Documentary,22485.0,8544
51167,My Father and My Son (Babam ve oglum) (2005),Drama,13393.0,8545
51174,Factory Girl (2006),Drama,12271.0,8546
51187,Kidulthood (2006),Drama,13185.0,8547
51255,Hot Fuzz (2007),Action|Comedy|Crime|Mystery,4638.0,8548
51277,"36th Chamber of Shaolin, The (Shao Lin san shi liu fang) (Master Killer) (1978)",Action|Adventure,11841.0,8549
51287,Mad Love (1935),Horror|Romance,28261.0,8550
51312,"Consequences of Love, The (Conseguenze dell'amore, Le) (2004)",Crime|Drama,24653.0,8551
51357,Citizen X (1995),Crime|Drama|Thriller,12554.0,8552
51372,"""Great Performances"" Cats (1998)",Musical,26598.0,8553
51380,"Canterbury Tales, The (I racconti di Canterbury) (1972)",Comedy|Drama,5691.0,8554
51412,Next (2007),Action|Sci-Fi|Thriller,1738.0,8555
51418,Breaking and Entering (2006),Drama,1253.0,8556
51471,Amazing Grace (2006),Drama|Romance,15163.0,8557
51498,2001 Maniacs (2005),Comedy|Horror,10845.0,8558
51520,Teen Wolf Too (1987),Comedy,15582.0,8559
51540,Zodiac (2007),Crime|Drama|Thriller,1949.0,8560
51545,Pusher III: I'm the Angel of Death (2005),Action|Comedy|Drama|Horror|Thriller,11330.0,8561
51573,Meshes of the Afternoon (1943),Fantasy,27040.0,8562
51575,Wild Hogs (2007),Adventure|Comedy,11199.0,8563
51638,"Westerner, The (1940)",Western,14710.0,8564
51660,"Ultimate Gift, The (2006)",Drama,14624.0,8565
51662,300 (2007),Action|Fantasy|War|IMAX,1271.0,8566
51666,"Abandoned, The (2006)",Horror|Mystery|Thriller,10790.0,8567
51678,Julius Caesar (1953),Drama,18019.0,8568
51694,Starter for 10 (2006),Drama|Romance,14055.0,8569
51698,"Last Mimzy, The (2007)",Adventure|Children|Sci-Fi,2267.0,8570
51705,Priceless (Hors de prix) (2006),Comedy|Romance,6691.0,8571
51709,"Host, The (Gwoemul) (2006)",Comedy|Drama|Horror|Sci-Fi|Thriller,1255.0,8572
51834,Becoming Jane (2007),Drama|Romance,2977.0,8573
51847,Right at Your Door (2006),Drama|Thriller,15664.0,8574
51857,"Taste of Honey, A (1961)",Drama,25062.0,8575
51884,"Namesake, The (2006)",Drama|Romance,16727.0,8576
51903,I Think I Love My Wife (2007),Comedy|Drama|Romance,14434.0,8577
51925,Premonition (2007),Drama|Fantasy|Mystery|Thriller,9963.0,8578
51927,Dead Silence (2007),Horror|Mystery|Thriller,14001.0,8579
51931,Reign Over Me (2007),Drama,2355.0,8580
51933,Pride (2007),Drama,16385.0,8581
51935,Shooter (2007),Action|Drama|Thriller,7485.0,8582
51937,"Hills Have Eyes II, The (2007)",Horror|Thriller,9793.0,8583
51939,TMNT (Teenage Mutant Ninja Turtles) (2007),Action|Adventure|Animation|Children|Comedy|Fantasy,1273.0,8584
51991,"Italian, The (Italianetz) (2005)",Drama,17388.0,8585
52005,Jindabyne (2006),Crime|Drama|Mystery|Thriller,4657.0,8586
52037,Avenue Montaigne (Fauteuils d'orchestre) (2006),Comedy|Drama|Romance,10051.0,8587
52042,Black Book (Zwartboek) (2006),Drama|Thriller|War,9075.0,8588
52170,Philanthropy (Filantropica) (2002),Comedy,56474.0,8589
52227,"Darwin Awards, The (2006)",Adventure|Comedy|Romance,18437.0,8590
52241,"Lookout, The (2007)",Crime|Drama|Thriller,8270.0,8591
52245,Blades of Glory (2007),Comedy|Romance,9955.0,8592
52279,Are We Done Yet? (2007),Comedy,10172.0,8593
52281,Grindhouse (2007),Action|Crime|Horror|Sci-Fi|Thriller,253768.0,8594
52283,"Reaping, The (2007)",Horror|Thriller,1683.0,8595
52285,Firehouse Dog (2007),Action|Comedy,10107.0,8596
52287,Meet the Robinsons (2007),Action|Adventure|Animation|Children|Comedy|Sci-Fi,1267.0,8597
52299,American Hardcore (2006),Documentary,16018.0,8598
52319,Inglorious Bastards (Quel maledetto treno blindato) (1978),Action|Adventure|Drama|War,22311.0,8599
52321,Seraphim Falls (2006),Action|Adventure|Drama|War|Western,13249.0,8600
52328,Sunshine (2007),Adventure|Drama|Sci-Fi|Thriller,1272.0,8601
52356,Copying Beethoven (2006),Drama|Musical,1590.0,8602
52375,"Hoax, The (2007)",Crime|Drama,9903.0,8603
52424,Scent of a Woman (Profumo di donna) (1974),Comedy|Drama,47848.0,8604
52435,How the Grinch Stole Christmas! (1966),Animation|Comedy|Fantasy|Musical,13377.0,8605
52443,Origin: Spirits of the Past (Gin-iro no kami no Agito) (2006),Animation|Drama|Romance|Sci-Fi,14945.0,8606
52448,Goya's Ghosts (2006),Drama,11515.0,8607
52456,Perfect Stranger (2007),Crime|Drama|Mystery|Thriller,7183.0,8608
52458,Disturbia (2007),Drama|Thriller,8271.0,8609
52460,Pathfinder (2007),Action|Adventure|Drama|Thriller|War,1534.0,8610
52462,Aqua Teen Hunger Force Colon Movie Film for Theaters (2007),Action|Adventure|Animation|Comedy|Fantasy|Mystery|Sci-Fi,13158.0,8611
52495,Straight Time (1978),Crime|Drama,23397.0,8612
52528,Tristana (1970),Drama,35838.0,8613
52545,Puccini for Beginners (2006),Comedy|Romance,20405.0,8614
52579,"Vie en Rose, La (Môme, La) (2007)",Drama|Musical,1407.0,8615
52591,"Contract, The (2006)",Crime|Drama|Thriller,1441.0,8616
52604,Fracture (2007),Crime|Drama|Mystery|Thriller,6145.0,8617
52606,Big Nothing (2006),Comedy|Crime|Thriller,9843.0,8618
52644,Vacancy (2007),Horror|Thriller,10294.0,8619
52666,Benny's Video (1992),Drama|Horror,1987.0,8620
52668,In the Land of Women (2007),Comedy|Drama|Romance,13067.0,8621
52694,Mr. Bean's Holiday (2007),Comedy,1268.0,8622
52712,"Invisible, The (2007)",Crime|Drama|Fantasy|Mystery|Thriller,9785.0,8623
52715,Kickin It Old Skool (2007),Comedy,13280.0,8624
52717,"Condemned, The (2007)",Action|Adventure|Crime|Thriller,14636.0,8625
52722,Spider-Man 3 (2007),Action|Adventure|Sci-Fi|Thriller|IMAX,559.0,8626
52724,Lucky You (2007),Comedy|Drama,1950.0,8627
52730,It's a Very Merry Muppet Christmas Movie (2002),Children|Comedy,13352.0,8628
52767,21 Up (1977),Documentary,20553.0,8629
52784,Sharkwater (2006),Documentary,13894.0,8630
52806,Tales from Earthsea (Gedo Senki) (2006),Adventure|Animation|Fantasy,37933.0,8631
52831,Maniac Cop (1988),Action|Crime|Horror|Thriller,14240.0,8632
52838,Year of the Dog (2007),Comedy|Drama|Romance,13574.0,8633
52867,"Ex, The (2007)",Comedy|Romance,13171.0,8634
52885,Paprika (Papurika) (2006),Animation|Mystery|Sci-Fi,4977.0,8635
52927,Syndromes and a Century (Sang sattawat) (2006),Drama,27904.0,8636
52929,Red Road (2006),Drama,11705.0,8637
52950,Day Watch (Dnevnoy dozor) (2006),Action|Fantasy|Horror|Thriller,2269.0,8638
52952,This Is England (2006),Drama,11798.0,8639
52967,Away from Her (2006),Drama,1919.0,8640
52973,Knocked Up (2007),Comedy|Drama|Romance,4964.0,8641
52975,Hairspray (2007),Comedy|Drama|Musical,2976.0,8642
53000,28 Weeks Later (2007),Horror|Sci-Fi|Thriller,1562.0,8643
53002,Georgia Rule (2007),Comedy|Drama|Romance,13159.0,8644
53004,Delta Farce (2007),Action|Adventure|Comedy,14547.0,8645
53022,Wheels on Meals (Kuai can che) (1984),Action|Comedy|Crime|Romance,11205.0,8646
53024,Jonestown: The Life and Death of Peoples Temple (2006),Documentary,36676.0,8647
53038,Red Dust (1932),Drama,38077.0,8648
53121,Shrek the Third (2007),Adventure|Animation|Children|Comedy|Fantasy,810.0,8649
53123,Once (2006),Drama|Musical|Romance,5723.0,8650
53125,Pirates of the Caribbean: At World's End (2007),Action|Adventure|Comedy|Fantasy,285.0,8651
53127,Bug (2007),Drama|Horror|Thriller,12526.0,8652
53129,Mr. Brooks (2007),Crime|Drama|Thriller,3432.0,8653
53131,Rise: Blood Hunter (2007),Action|Horror|Mystery|Thriller,1872.0,8654
53133,Gracie (2007),Drama,15568.0,8655
53138,"Librarian: Return to King Solomon's Mines, The (2006)",Action|Adventure|Fantasy,14208.0,8656
53140,"Librarian: Quest for the Spear, The (2004)",Action|Adventure|Comedy|Fantasy|Romance,14207.0,8657
53143,Fay Grim (2006),Action|Thriller,24200.0,8658
53161,"I'm a Cyborg, But That's OK (Saibogujiman kwenchana) (2006)",Comedy|Drama|Romance|Sci-Fi,5488.0,8659
53189,Eagle vs Shark (2007),Comedy,8748.0,8660
53207,88 Minutes (2008),Crime|Drama|Mystery|Thriller,3489.0,8661
53318,Cashback (2006),Comedy|Drama|Romance,12225.0,8662
53322,Ocean's Thirteen (2007),Crime|Thriller,298.0,8663
53326,Them (Ils) (2006),Horror,10832.0,8664
53349,Ten Canoes (2006),Adventure|Comedy|Drama|War,14064.0,8665
53352,Sheitan (2006),Comedy|Horror|Thriller,13742.0,8666
53406,Go (2001),Drama,37959.0,8667
53435,Hostel: Part II (2007),Crime|Horror|Thriller,1691.0,8668
53447,Paranoid Park (2007),Crime|Drama,1990.0,8669
53450,"Legend of Sleepy Hollow, The (1980)",Comedy|Fantasy|Horror,170261.0,8670
53453,Starcrash (a.k.a. Star Crash) (1978),Action|Adventure|Fantasy|Sci-Fi,22049.0,8671
53460,Surf's Up (2007),Animation|Children|Comedy,9408.0,8672
53464,Fantastic Four: Rise of the Silver Surfer (2007),Action|Adventure|Sci-Fi,1979.0,8673
53466,Nancy Drew (2007),Adventure|Crime|Thriller,14043.0,8674
53468,Fido (2006),Comedy|Horror|Thriller,10288.0,8675
53519,Death Proof (2007),Action|Adventure|Crime|Horror|Thriller,1991.0,8676
53550,Rescue Dawn (2006),Action|Adventure|Drama|War,9952.0,8677
53574,"TV Set, The (2006)",Comedy|Drama,17320.0,8678
53578,"Valet, The (La doublure) (2006)",Comedy,21427.0,8679
53592,Four Minutes (Vier Minuten) (2006),Drama,1294.0,8680
53737,"Night of the Generals, The (1967)",Crime|Drama|Mystery|Thriller|War,42700.0,8681
53769,In Search of a Midnight Kiss (2007),Comedy|Romance,13120.0,8682
53788,Exiled (Fong juk) (2006),Action|Crime|Thriller,13807.0,8683
53827,Sybil (1976),Drama,27138.0,8684
53835,Journey to Italy (Viaggio in Italia) (Voyage to Italy) (Voyage in Italy) (1954),Drama|Romance,2748.0,8685
53859,Goal II: Living the Dream (2007),Action|Drama,9815.0,8686
53883,"Power of Nightmares, The: The Rise of the Politics of Fear (2004)",Documentary,49870.0,8687
53887,O Lucky Man! (1973),Comedy|Drama|Fantasy|Musical,42464.0,8688
53894,Sicko (2007),Documentary|Drama,2359.0,8689
53919,"Man in the Iron Mask, The (1939)",Adventure,43836.0,8690
53921,"Mighty Heart, A (2007)",Drama|Thriller,1988.0,8691
53953,1408 (2007),Drama|Horror|Thriller,3021.0,8692
53956,Death at a Funeral (2007),Comedy,2196.0,8693
53972,Live Free or Die Hard (2007),Action|Adventure|Crime|Thriller,1571.0,8694
53974,License to Wed (2007),Comedy|Romance,2959.0,8695
53988,Evening (2007),Drama,6022.0,8696
53993,Evan Almighty (2007),Comedy|Fantasy,2698.0,8697
53996,Transformers (2007),Action|Sci-Fi|Thriller|IMAX,1858.0,8698
53999,Captivity (2007),Crime|Thriller,14125.0,8699
54001,Harry Potter and the Order of the Phoenix (2007),Adventure|Drama|Fantasy|IMAX,675.0,8700
54004,I Now Pronounce You Chuck and Larry (2007),Comedy|Romance,3563.0,8701
54075,Arn: The Knight Templar (Arn - Tempelriddaren) (2007),Action|Adventure|Drama|Romance|War,13491.0,8702
54094,Driving Lessons (2006),Comedy|Drama,11404.0,8703
54116,First Snow (2006),Drama|Thriller,16083.0,8704
54121,Broken Arrow (1950),Drama|Romance|Western,37292.0,8705
54185,Manufactured Landscapes (2006),Documentary,24582.0,8706
54190,Across the Universe (2007),Drama|Fantasy|Musical|Romance,4688.0,8707
54193,Broken English (2007),Comedy|Drama|Romance,13337.0,8708
54196,Brand Upon the Brain! (2006),Adventure|Fantasy|Mystery,27359.0,8709
54229,When the Wind Blows (1986),Animation|War,10857.0,8710
54256,Hot Rod (2007),Comedy,10074.0,8711
54259,Stardust (2007),Adventure|Comedy|Fantasy|Romance,2270.0,8712
54270,Skinwalkers (2007),Horror|Thriller,14219.0,8713
54272,"Simpsons Movie, The (2007)",Animation|Comedy,35.0,8714
54274,I Know Who Killed Me (2007),Crime|Drama|Thriller,5857.0,8715
54276,No Reservations (2007),Comedy|Drama|Romance,3638.0,8716
54278,Underdog (2007),Action|Adventure|Children|Comedy|Fantasy|Sci-Fi,6589.0,8717
54281,Charlie Bartlett (2007),Comedy|Drama,8669.0,8718
54286,"Bourne Ultimatum, The (2007)",Action|Crime|Thriller,2503.0,8719
54290,Bratz: The Movie (2007),Comedy,14123.0,8720
54328,My Best Friend (Mon meilleur ami) (2006),Comedy,4516.0,8721
54331,You Kill Me (2007),Comedy|Crime|Thriller,8141.0,8722
54372,Tell No One (Ne le dis à personne) (2006),Crime|Drama|Mystery|Thriller,10795.0,8723
54378,Man's Job (Miehen työ) (2007),Drama,20163.0,8724
54426,12:08 East of Bucharest (A fost sau n-a fost?) (2006),Comedy|Drama,24159.0,8725
54503,Superbad (2007),Comedy,8363.0,8726
54510,Joshua (2007),Drama|Thriller,5956.0,8727
54513,Talk to Me (2007),Drama,6535.0,8728
54605,"Kill, Baby, Kill (Operazione paura) (1966)",Horror,28049.0,8729
54612,Resurrecting the Champ (2007),Drama,13074.0,8730
54621,Molière (2007),Comedy|Drama|Romance,21494.0,8731
54648,Rush Hour 3 (2007),Action|Comedy|Crime|Thriller,5174.0,8732
54686,"Last Legion, The (2007)",Action|Adventure|Fantasy|War,9703.0,8733
54732,Balls of Fury (2007),Comedy,9750.0,8734
54734,Sydney White (2007),Comedy,10760.0,8735
54736,"Kingdom, The (2007)",Action|Drama|Thriller,4349.0,8736
54738,Wind Chill (2007),Drama|Horror|Thriller,14223.0,8737
54745,Rocket Science (2007),Comedy|Drama,13068.0,8738
54768,Daddy Day Camp (2007),Children|Comedy,14144.0,8739
54771,"Invasion, The (2007)",Action|Drama|Horror|Sci-Fi|Thriller,4858.0,8740
54775,War (2007),Action|Thriller,10431.0,8741
54780,"Nanny Diaries, The (2007)",Comedy|Drama|Romance,12435.0,8742
54785,Halloween (2007),Horror,2082.0,8743
54787,Death Sentence (2007),Drama|Thriller,11835.0,8744
54796,2 Days in Paris (2007),Comedy|Drama|Romance,1845.0,8745
54833,Brighton Rock (1947),Crime|Drama|Film-Noir,13385.0,8746
54872,Keoma (1976),Action|Drama|Western,6609.0,8747
54881,"King of Kong, The (2007)",Documentary,13958.0,8748
54908,Taxi 4 (2007),Action|Comedy,2335.0,8749
54910,Behind the Mask: The Rise of Leslie Vernon (2006),Comedy|Horror|Thriller,10961.0,8750
54934,"Brothers Solomon, The (2007)",Comedy,10071.0,8751
54962,"Nines, The (2007)",Drama|Mystery,12994.0,8752
54967,"Hunting and Gathering (Ensemble, c'est tout) (2007)",Drama|Romance,2882.0,8753
54978,"Good Night, The (2007)",Comedy|Drama|Fantasy|Musical|Romance,13501.0,8754
54995,Planet Terror (2007),Action|Horror|Sci-Fi,1992.0,8755
54997,3:10 to Yuma (2007),Action|Crime|Drama|Western,5176.0,8756
54999,Shoot 'Em Up (2007),Action|Comedy|Crime,4141.0,8757
55020,"Ten, The (2007)",Comedy,13173.0,8758
55052,Atonement (2007),Drama|Romance|War,4347.0,8759
55063,My Winnipeg (2007),Documentary|Fantasy,13241.0,8760
55067,Requiem (2006),Drama|Thriller,523.0,8761
55069,"4 Months, 3 Weeks and 2 Days (4 luni, 3 saptamâni si 2 zile) (2007)",Drama,2009.0,8762
55071,No End in Sight (2007),Documentary,12901.0,8763
55080,"Brave One, The (2007)",Crime|Drama|Thriller,4413.0,8764
55094,In the Valley of Elah (2007),Drama|Mystery,6973.0,8765
55098,Paint It Yellow (Rang De Basanti) (2006),Action|Comedy|Drama,7913.0,8766
55106,Design for Living (1933),Comedy|Romance,77210.0,8767
55110,December Boys (2007),Drama,4629.0,8768
55116,"Hunting Party, The (2007)",Action|Adventure|Comedy|Drama|Thriller,5353.0,8769
55118,Eastern Promises (2007),Crime|Drama|Thriller,2252.0,8770
55156,"Unreasonable Man, An (2006)",Documentary,30365.0,8771
55159,Vengeance is Mine (Fukushu suruwa wareniari) (1979),Crime|Drama,42170.0,8772
55167,Tekkonkinkreet (Tekkon kinkurîto) (2006),Action|Adventure|Animation|Crime|Fantasy,13754.0,8773
55176,In the Shadow of the Moon (2007),Documentary,14284.0,8774
55190,Love and Other Disasters (2006),Comedy|Romance,6641.0,8775
55205,Interview (2007),Drama,8414.0,8776
55207,Cashback (2004),Comedy|Drama,244797.0,8777
55209,The Death and Life of Bobby Z (2007),Action|Crime|Drama|Thriller,10425.0,8778
55232,Resident Evil: Extinction (2007),Action|Horror|Sci-Fi|Thriller,7737.0,8779
55241,Mr. Woodcock (2007),Comedy,13257.0,8780
55245,Good Luck Chuck (2007),Comedy|Romance,10030.0,8781
55247,Into the Wild (2007),Action|Adventure|Drama,5915.0,8782
55250,"Game Plan, The (2007)",Comedy,13680.0,8783
55253,"Lust, Caution (Se, jie) (2007)",Drama|Romance|Thriller|War,4588.0,8784
55255,Feast of Love (2007),Drama|Romance,14313.0,8785
55257,Postal (2007),Action|Comedy|Thriller,2728.0,8786
55259,"Seeker: The Dark Is Rising, The (2007)",Action|Adventure|Drama|Fantasy,2274.0,8787
55261,"Heartbreak Kid, The (2007)",Comedy|Drama|Romance,9038.0,8788
55267,Dan in Real Life (2007),Comedy|Drama|Romance,7211.0,8789
55269,"Darjeeling Limited, The (2007)",Adventure|Comedy|Drama,4538.0,8790
55272,We Own the Night (2007),Crime|Drama,2001.0,8791
55274,Elizabeth: The Golden Age (2007),Drama,4517.0,8792
55276,Michael Clayton (2007),Drama|Thriller,4566.0,8793
55278,Sleuth (2007),Drama|Mystery|Thriller,4520.0,8794
55280,Lars and the Real Girl (2007),Comedy|Drama,6615.0,8795
55282,30 Days of Night (2007),Horror|Thriller,4513.0,8796
55284,Rendition (2007),Drama|Thriller,5125.0,8797
55286,Things We Lost in the Fire (2007),Drama|Romance,3877.0,8798
55288,Reservation Road (2007),Drama|Thriller,8954.0,8799
55290,Gone Baby Gone (2007),Crime|Drama|Mystery,4771.0,8800
55292,"Comebacks, The (2007)",Comedy,10759.0,8801
55360,Climates (Iklimler) (2006),Drama,18421.0,8802
55363,"Assassination of Jesse James by the Coward Robert Ford, The (2007)",Crime|Drama|Western,4512.0,8803
55391,10th & Wolf (2006),Crime|Drama|Thriller,13197.0,8804
55402,Beaufort (2007),Action|Drama|War,15048.0,8805
55417,Irina Palm (2007),Drama,1922.0,8806
55419,I'm Reed Fish (2006),Comedy|Drama|Romance,41044.0,8807
55442,Persepolis (2007),Animation|Drama,2011.0,8808
55444,Control (2007),Drama,5708.0,8809
55451,The Jane Austen Book Club (2007),Comedy|Drama|Romance,5951.0,8810
55492,"Last Winter, The (2006)",Horror,15667.0,8811
55498,Silk (2007),Adventure|Drama|Romance,14753.0,8812
55517,I Want Someone to Eat Cheese With (2006),Comedy,13066.0,8813
55553,Black Sheep (2006),Comedy|Horror,3603.0,8814
55555,"Edge of Heaven, The (Auf der anderen Seite) (2007)",Drama,2014.0,8815
55566,Tyler Perry's Why Did I Get Married? (2007),Comedy|Drama,17202.0,8816
55577,Saw IV (2007),Crime|Horror|Thriller,663.0,8817
55603,My Mom's New Boyfriend (2008),Action|Comedy|Romance|Thriller,9262.0,8818
55620,For the Bible Tells Me So (2007),Documentary,15651.0,8819
55652,Scum (1979),Crime|Drama,25476.0,8820
55687,My Kid Could Paint That (2007),Documentary,14279.0,8821
55705,Secret Sunshine (Milyang) (2007),Comedy|Drama|Romance,2015.0,8822
55721,Elite Squad (Tropa de Elite) (2007),Action|Crime|Drama|Thriller,7347.0,8823
55726,"Year My Parents Went on Vacation, The (O Ano em Que Meus Pais Saíram de Férias) (2006)",Drama,14421.0,8824
55729,King of California (2007),Comedy,5718.0,8825
55732,Martian Child (2007),Comedy|Drama,5126.0,8826
55765,American Gangster (2007),Crime|Drama|Thriller,4982.0,8827
55768,Bee Movie (2007),Animation|Comedy,5559.0,8828
55805,Before the Devil Knows You're Dead (2007),Crime|Drama|Thriller,7972.0,8829
55814,"Diving Bell and the Butterfly, The (Scaphandre et le papillon, Le) (2007)",Drama,2013.0,8830
55820,No Country for Old Men (2007),Crime|Drama,6977.0,8831
55830,Be Kind Rewind (2008),Comedy,4953.0,8832
55844,Itty Bitty Titty Committee (2007),Comedy|Drama|Romance,10520.0,8833
55851,Crazy Love (2007),Documentary,26336.0,8834
55872,August Rush (2007),Drama|Musical,5123.0,8835
55895,"Desperate Hours, The (1955)",Drama|Film-Noir|Thriller,18612.0,8836
55901,"You, the Living (Du levande) (2007)",Comedy|Drama|Musical,5817.0,8837
55908,"Man from Earth, The (2007)",Drama|Sci-Fi,13363.0,8838
55946,Lions For Lambs (2007),Drama|Thriller|War,4515.0,8839
55955,Fred Claus (2007),Children|Comedy|Fantasy,5375.0,8840
55995,Beowulf (2007),Action|Adventure|Animation|Fantasy|IMAX,2310.0,8841
55999,Mr. Magorium's Wonder Emporium (2007),Children|Comedy|Fantasy,2284.0,8842
56001,Love in the Time of Cholera (2007),Drama|Romance,6639.0,8843
56003,Southland Tales (2006),Comedy|Drama|Sci-Fi|Thriller,4723.0,8844
56015,Kansas City Confidential (1952),Crime|Drama|Film-Noir|Mystery,21296.0,8845
56060,I Served the King of England (Obsluhoval jsem anglického krále) (2006),Comedy|Drama|Romance|War,12555.0,8846
56079,Smiley Face (2007),Comedy,13168.0,8847
56093,12 (2007),Crime|Drama|Thriller|War,20714.0,8848
56095,XXY (2007),Drama,11148.0,8849
56141,Blame it on Fidel! (La faute à Fidel!) (2006),Drama,17460.0,8850
56145,"Mist, The (2007)",Horror|Sci-Fi,5876.0,8851
56152,Enchanted (2007),Adventure|Animation|Children|Comedy|Fantasy|Musical|Romance,4523.0,8852
56156,Hitman (2007),Action|Crime|Thriller,1620.0,8853
56165,P2 (2007),Horror|Thriller,13474.0,8854
56167,Om Shanti Om (2007),Action|Drama|Musical|Romance,8079.0,8855
56169,Awake (2007),Drama|Thriller,13483.0,8856
56171,"Golden Compass, The (2007)",Adventure|Children|Fantasy,2268.0,8857
56174,I Am Legend (2007),Action|Horror|Sci-Fi|Thriller|IMAX,6479.0,8858
56176,Alvin and the Chipmunks (2007),Children|Comedy,6477.0,8859
56274,Margot at the Wedding (2007),Drama,13998.0,8860
56286,I'm Not There (2007),Drama,3902.0,8861
56333,"Savages, The (2007)",Comedy|Drama,8272.0,8862
56339,"Orphanage, The (Orfanato, El) (2007)",Drama|Horror|Mystery|Thriller,6537.0,8863
56367,Juno (2007),Comedy|Drama|Romance,7326.0,8864
56370,"Goodbye Bafana (Color of Freedom, The) (2007)",Drama|War,1874.0,8865
56379,"Maxed Out: Hard Times, Easy Credit and the Era of Predatory Lenders (2006)",Documentary,33003.0,8866
56389,My Blueberry Nights (2007),Drama|Romance,1989.0,8867
56432,"Swimming Pool, The (La piscine) (1969)",Crime|Drama,4946.0,8868
56474,My Mother (Ma mère) (2004),Drama,48266.0,8869
56479,Party Monster (1998),Documentary,34424.0,8870
56508,Starting Out in the Evening (2007),Drama,13076.0,8871
56511,Redacted (2007),Action|Crime|Drama|War,11600.0,8872
56563,Helvetica (2007),Documentary,13348.0,8873
56587,"Bucket List, The (2007)",Comedy|Drama,7350.0,8874
56607,"Kite Runner, The (2007)",Drama,7979.0,8875
56620,"Deaths of Ian Stone, The (2007)",Horror|Thriller,12171.0,8876
56633,Butterfly on a Wheel (Shattered) (2007),Crime|Drama|Thriller,13250.0,8877
56671,"Go-Getter, The (2007)",Comedy|Drama,9867.0,8878
56700,"Flock, The (2007)",Crime|Drama|Mystery|Thriller,14148.0,8879
56715,Wristcutters: A Love Story (2006),Drama|Fantasy|Romance,13198.0,8880
56719,Vitus (2006),Drama,14804.0,8881
56744,Longford (2006),Crime|Drama,36328.0,8882
56757,Sweeney Todd: The Demon Barber of Fleet Street (2007),Drama|Horror|Musical|Thriller,13885.0,8883
56775,National Treasure: Book of Secrets (2007),Action|Adventure,6637.0,8884
56782,There Will Be Blood (2007),Drama|Western,7345.0,8885
56786,W.R.: Mysteries of the Organism  (1971),Comedy|Documentary,42529.0,8886
56788,Charlie Wilson's War (2007),Comedy|Drama|War,6538.0,8887
56801,AVPR: Aliens vs. Predator - Requiem (2007),Action|Horror|Sci-Fi,440.0,8888
56805,Walk Hard: The Dewey Cox Story (2007),Comedy|Musical,6575.0,8889
56846,Rabbit Without Ears (Keinohrhasen) (2007),Comedy|Romance,6076.0,8890
56848,Ricochet (1991),Action|Crime|Thriller,9546.0,8891
56885,"Great Debaters, The (2007)",Drama,14047.0,8892
56908,Dedication (2007),Comedy|Drama|Romance,14118.0,8893
56915,"Water Horse: Legend of the Deep, The (2007)",Adventure|Children|Fantasy,54318.0,8894
56941,P.S. I Love You (2007),Comedy|Drama|Romance,6023.0,8895
56945,"Perfect Holiday, The (2007)",Comedy|Romance,26990.0,8896
56949,27 Dresses (2008),Comedy|Romance,6557.0,8897
57041,Santa Claus Conquers the Martians (1964),Fantasy|Sci-Fi,32307.0,8898
57147,Cassandra's Dream (2007),Crime|Drama|Thriller,4787.0,8899
57183,Like Stars on Earth (Taare Zameen Par) (2007),Drama,7508.0,8900
57223,D-War (Dragon Wars) (2007),Action|Adventure|Drama|Fantasy,10253.0,8901
57243,"Band's Visit, The (Bikur Ha-Tizmoret) (2007)",Comedy|Drama,5259.0,8902
57274,[REC] (2007),Drama|Horror|Thriller,8329.0,8903
57326,In the Name of the King: A Dungeon Siege Tale (2008),Action|Adventure|Fantasy,2312.0,8904
57353,Flawless (2007),Crime|Drama,13195.0,8905
57368,Cloverfield (2008),Action|Mystery|Sci-Fi|Thriller,7191.0,8906
57370,Mad Money (2008),Comedy|Crime|Thriller,12085.0,8907
57393,Trade (2007),Crime|Drama|Thriller,4170.0,8908
57401,Cleaner (2007),Crime|Thriller,13252.0,8909
57421,Hatchet (2006),Comedy|Horror,11908.0,8910
57453,Arranged (2007),Comedy|Drama|Romance,18290.0,8911
57464,He Was a Quiet Man (2007),Drama,10247.0,8912
57502,Cat Soup (Nekojiru-so) (2001),Adventure|Animation|Drama|Horror,25078.0,8913
57504,"Girl Who Leapt Through Time, The (Toki o kakeru shôjo) (2006)",Animation|Comedy|Drama|Romance|Sci-Fi,14069.0,8914
57520,One Missed Call (2008),Horror|Mystery|Thriller,6933.0,8915
57522,First Sunday (2008),Comedy|Crime,14423.0,8916
57526,Untraceable (2008),Crime|Thriller,8090.0,8917
57528,Rambo (Rambo 4) (2008),Action|Drama|Thriller|War,7555.0,8918
57532,Meet the Spartans (2008),Comedy,7278.0,8919
57534,"Eye, The (2008)",Drama|Horror|Thriller,9030.0,8920
57536,Strange Wilderness (2008),Comedy,14220.0,8921
57538,Over Her Dead Body (2008),Comedy|Fantasy|Romance,13160.0,8922
57543,Fallen Art (Sztuka spadania) (2004),Action|Animation|Comedy,27357.0,8923
57637,"Signal, The (2007)",Horror|Sci-Fi|Thriller,13059.0,8924
57640,Hellboy II: The Golden Army (2008),Action|Adventure|Fantasy|Sci-Fi,11253.0,8925
57655,Ira and Abby (2006),Comedy,38007.0,8926
57669,In Bruges (2008),Comedy|Crime|Drama|Thriller,8321.0,8927
57695,"Clean, Shaven (1993)",Crime|Drama,1479.0,8928
57772,World on a Wire (Welt am Draht) (1973),Crime|Sci-Fi,53094.0,8929
57792,Caramel (Sukkar banat) (2007),Comedy,7973.0,8930
57845,Joe Strummer: The Future Is Unwritten (2007),Documentary,18893.0,8931
57854,The Count of Monte Cristo (1934),Action|Adventure|Drama|Romance|Thriller,43691.0,8932
57865,Wedding Daze (2006),Comedy|Romance,7839.0,8933
57873,Dark Angel (I Come in Peace) (1990),Action|Horror|Sci-Fi|Thriller,19384.0,8934
57910,Teeth (2007),Comedy|Horror,13121.0,8935
57949,"Welcome Home, Roscoe Jenkins (2008)",Comedy,13490.0,8936
57951,Fool's Gold (2008),Action|Adventure|Comedy|Romance,8676.0,8937
57980,"Art of Negative Thinking, The (Kunsten å tenke negativt) (2006)",Comedy|Drama,12167.0,8938
58025,Jumper (2008),Action|Adventure|Drama|Sci-Fi|Thriller,8247.0,8939
58047,"Definitely, Maybe (2008)",Comedy|Drama|Romance,8390.0,8940
58078,"Air I Breathe, The (2007)",Crime|Drama|Romance|Thriller,13641.0,8941
58103,Vantage Point (2008),Action|Drama|Thriller,7461.0,8942
58105,"Spiderwick Chronicles, The (2008)",Adventure|Children|Drama|Fantasy|IMAX,8204.0,8943
58107,Step Up 2 the Streets (2008),Drama|Musical|Romance,8328.0,8944
58111,Jodhaa Akbar (2008),Drama|Musical|Romance|War,14073.0,8945
58146,Witless Protection (2008),Comedy,15365.0,8946
58154,"Other Boleyn Girl, The (2008)",Drama|Romance,12184.0,8947
58156,Semi-Pro (2008),Comedy,13260.0,8948
58162,Run Fatboy Run (2007),Comedy|Romance,7942.0,8949
58191,Taxi to the Dark Side (2007),Documentary,13362.0,8950
58223,"Method, The (Método, El) (2005)",Drama,21043.0,8951
58246,Grace Is Gone (2007),Drama,11161.0,8952
58287,Descent (2007),Drama|Thriller,21373.0,8953
58291,College Road Trip (2008),Comedy,13493.0,8954
58293,"10,000 BC (2008)",Adventure|Romance|Thriller,7840.0,8955
58295,"Bank Job, The (2008)",Action|Crime|Thriller,8848.0,8956
58297,Doomsday (2008),Action|Drama|Sci-Fi|Thriller,13460.0,8957
58299,Horton Hears a Who! (2008),Adventure|Animation|Children|Comedy,12222.0,8958
58301,Funny Games U.S. (2007),Drama|Thriller,8461.0,8959
58303,"Counterfeiters, The (Die Fälscher) (2007)",Crime|Drama|War,7862.0,8960
58306,Mongol (2007),Drama|War,12246.0,8961
58315,"Love Guru, The (2008)",Comedy,12177.0,8962
58324,"Pirates Who Don't Do Anything: A VeggieTales Movie, The (2008)",Adventure|Animation|Children|Comedy,15511.0,8963
58332,Diary of the Dead (2007),Horror|Sci-Fi,13025.0,8964
58334,Hallam Foe (Mister Foe) (2007),Drama|Romance,2239.0,8965
58347,Penelope (2006),Comedy|Fantasy|Romance,7985.0,8966
58351,City of Men (Cidade dos Homens) (2007),Drama,7343.0,8967
58376,Zeitgeist: The Movie (2007),Documentary|War,13016.0,8968
58379,Terkel in Trouble (Terkel i knibe) (2004),Animation|Comedy|Drama|Musical,10797.0,8969
58381,Jellyfish (Meduzot) (2007),Drama,6391.0,8970
58418,Then She Found Me (2007),Comedy|Drama|Romance,13196.0,8971
58425,Heima (2007),Documentary,14793.0,8972
58432,What Just Happened (2008),Comedy|Drama,8944.0,8973
58439,Downhill Racer (1969),Drama,33166.0,8974
58485,Return of the Living Dead 3 (1993),Horror|Romance|Sci-Fi,28260.0,8975
58490,Miss Pettigrew Lives for a Day (2008),Comedy|Romance,12178.0,8976
58492,Snow Angels (2007),Drama,14054.0,8977
58494,Married Life (2007),Crime|Drama|Romance,8060.0,8978
58554,"Class, The (Klass) (2007)",Drama,28205.0,8979
58559,"Dark Knight, The (2008)",Action|Crime|Drama|IMAX,155.0,8980
58576,Made in U.S.A. (1966),Crime|Mystery,29369.0,8981
58622,"Hammer, The (2007)",Comedy,14014.0,8982
58627,Never Back Down (2008),Action,8456.0,8983
58652,CJ7 (Cheung Gong 7 hou) (2008),Children|Comedy|Sci-Fi,13688.0,8984
58655,Drillbit Taylor (2008),Comedy,8457.0,8985
58706,"Under the Same Moon (Misma luna, La) (2007)",Drama,32579.0,8986
58709,Tropical Malady (Sud pralad) (2004),Drama|Fantasy|Romance,11534.0,8987
58743,Alatriste (2006),Action|Adventure|Romance|War,13495.0,8988
58783,Youth Without Youth (2007),Drama|Romance|Sci-Fi,7797.0,8989
58803,21 (2008),Crime|Drama|Romance|Thriller,8065.0,8990
58806,Smart People (2008),Comedy|Drama|Romance,12890.0,8991
58839,Leatherheads (2008),Comedy|Drama|Romance,4942.0,8992
58850,Pirates (1986),Adventure|Comedy,11483.0,8993
58874,Marketa Lazarová (1967),Drama|Romance,25904.0,8994
58876,Stop-Loss (2008),Drama|War,8988.0,8995
58879,Shine a Light (2008),Documentary|Musical|IMAX,7944.0,8996
58937,Julia (2008),Drama|Thriller,7351.0,8997
58964,Inside (À l'intérieur) (2007),Horror|Thriller,13312.0,8998
58972,Nim's Island (2008),Adventure|Comedy|Fantasy,10488.0,8999
58975,"Ruins, The (2008)",Horror|Thriller,11152.0,9000
58992,Joy Division (2007),Documentary|Musical,15260.0,9001
58998,Forgetting Sarah Marshall (2008),Comedy|Romance,9870.0,9002
59000,Sex and Death 101 (2007),Comedy|Drama,14424.0,9003
59014,Superhero Movie (2008),Action|Comedy|Sci-Fi,11918.0,9004
59016,Street Kings (2008),Crime|Drama|Thriller,1266.0,9005
59018,"Visitor, The (2007)",Drama|Romance,12473.0,9006
59022,Harold & Kumar Escape from Guantanamo Bay (2008),Adventure|Comedy,13335.0,9007
59026,99 francs (2007),Comedy,8827.0,9008
59037,Speed Racer (2008),Action|Children|Sci-Fi|IMAX,7459.0,9009
59040,Gabriel (2007),Action|Horror,9997.0,9010
59065,Chapter 27 (2007),Crime|Drama,8319.0,9011
59103,"Forbidden Kingdom, The (2008)",Action|Adventure|Comedy|Fantasy,1729.0,9012
59105,Where in the World Is Osama Bin Laden? (2008),Documentary,12179.0,9013
59107,"Life Before Her Eyes, The (2007)",Drama|Thriller,13079.0,9014
59118,Happy-Go-Lucky (2008),Comedy|Drama,10503.0,9015
59126,Religulous (2008),Comedy|Documentary,13007.0,9016
59129,Outpost (2008),Action|Horror,9017.0,9017
59141,Son of Rambow (2007),Children|Comedy|Drama,13258.0,9018
59143,Super High Me (2007),Comedy|Documentary,14236.0,9019
59188,Viva Zapata! (1952),Western,1810.0,9020
59220,Outsourced (2006),Comedy|Romance,7861.0,9021
59256,Deception (2008),Action|Drama|Thriller,13018.0,9022
59258,Baby Mama (2008),Comedy,8780.0,9023
59260,"Unknown Woman, The (La Sconosciuta) (2006)",Drama|Mystery|Thriller,10886.0,9024
59273,Delirious (2006),Comedy|Drama,13650.0,9025
59295,Expelled: No Intelligence Allowed (2008),Documentary,13359.0,9026
59306,Prom Night (2008),Horror|Mystery|Thriller,8617.0,9027
59315,Iron Man (2008),Action|Adventure|Sci-Fi,1726.0,9028
59333,Made of Honor (2008),Comedy|Romance,10761.0,9029
59336,Redbelt (2008),Action|Drama,12400.0,9030
59339,Mister Lonely (2007),Comedy|Drama,16135.0,9031
59362,Anamorph (2007),Crime|Thriller,14000.0,9032
59369,Taken (2008),Action|Crime|Drama|Thriller,8681.0,9033
59382,Flight of the Red Balloon (2007),Children|Drama,12198.0,9034
59387,"Fall, The (2006)",Adventure|Drama|Fantasy,14784.0,9035
59399,Blind Dating (2006),Comedy|Romance,13162.0,9036
59404,Meet Bill (2007),Comedy|Drama,13243.0,9037
59418,"American Crime, An (2007)",Crime,13008.0,9038
59421,What Happens in Vegas... (2008),Comedy|Romance,9029.0,9039
59440,Bella (2006),Drama|Romance,12586.0,9040
59501,"Chronicles of Narnia: Prince Caspian, The (2008)",Adventure|Children|Fantasy,2454.0,9041
59519,Reprise (2006),Drama,12197.0,9042
59547,"Ron Clark Story, The (2006)",Drama,25527.0,9043
59549,Shelter (2007),Drama|Romance,17483.0,9044
59590,Young at Heart (a.k.a. Young@Heart) (2007),Documentary|Musical,21182.0,9045
59594,"War, Inc. (2008)",Comedy|Crime|Thriller,13191.0,9046
59604,"Girl Next Door, The (2007)",Crime|Drama|Horror|Thriller,15356.0,9047
59607,King Corn (2007),Documentary,15281.0,9048
59615,Indiana Jones and the Kingdom of the Crystal Skull (2008),Action|Adventure|Comedy|Sci-Fi,217.0,9049
59621,How to Rob a Bank (2007),Comedy|Crime|Mystery|Thriller,13534.0,9050
59684,Lake of Fire (2006),Documentary,44260.0,9051
59709,"Oxford Murders, The (2007)",Crime|Mystery|Romance|Thriller,12245.0,9052
59715,Shutter (2008),Horror|Mystery|Thriller,10885.0,9053
59721,"Grand, The (2007)",Comedy,15378.0,9054
59725,Sex and the City (2008),Comedy|Romance,4564.0,9055
59727,"Strangers, The (2008)",Horror|Thriller,10665.0,9056
59729,Savage Grace (2007),Crime|Drama,10822.0,9057
59731,"Bigger, Stronger, Faster* (2008)",Documentary,13636.0,9058
59738,All the Boys Love Mandy Lane (2006),Horror|Mystery|Thriller,9022.0,9059
59753,Memories of Matsuko (Kiraware Matsuko no isshô) (2006),Comedy|Drama|Musical|Mystery,31512.0,9060
59784,Kung Fu Panda (2008),Action|Animation|Children|Comedy|IMAX,9502.0,9061
59810,Recount (2008),Drama,14050.0,9062
59814,Ex Drummer (2007),Comedy|Crime|Drama|Horror,14019.0,9063
59832,Where the Sidewalk Ends (1950),Crime|Drama|Film-Noir,17221.0,9064
59834,100 Rifles (1969),Adventure|War|Western,37308.0,9065
59900,You Don't Mess with the Zohan (2008),Comedy,10661.0,9066
59908,"Promotion, The (2008)",Comedy,13172.0,9067
59910,And When Did You Last See Your Father? (2007),Drama,45791.0,9068
59912,My Brother Is an Only Child (Mio fratello è figlio unico) (2006),Comedy|Crime|Drama,9789.0,9069
59915,Stuck (2007),Horror|Thriller,13848.0,9070
59976,"Posto, Il (1961)",Drama,31742.0,9071
59985,Chaos Theory (2007),Comedy|Drama|Romance,12912.0,9072
59995,Boy A (2007),Crime|Drama,14748.0,9073
60007,Doctor Who (1996),Adventure|Sci-Fi,15691.0,9074
60020,"Warlords, The (Tau ming chong) (2007)",Action|Drama|War,14392.0,9075
60037,"Happening, The (2008)",Drama|Sci-Fi|Thriller,8645.0,9076
60040,"Incredible Hulk, The (2008)",Action|Sci-Fi,1724.0,9077
60044,Baghead (2008),Comedy|Drama|Horror,5759.0,9078
60046,"Children of Huang Shi, The (2008)",Drama|War,13405.0,9079
60069,WALL·E (2008),Adventure|Animation|Children|Romance|Sci-Fi,10681.0,9080
60072,Wanted (2008),Action|Thriller,8909.0,9081
60074,Hancock (2008),Action|Adventure|Comedy|Crime|Fantasy,8960.0,9082
60103,Angel Face (1952),Crime|Drama|Film-Noir,1938.0,9083
60126,Get Smart (2008),Action|Comedy,11665.0,9084
60128,Young People Fucking (a.k.a. YPF) (2007),Comedy,13019.0,9085
60137,"Rape of Europa, The (2006)",Documentary,22905.0,9086
60141,St. Trinian's (2007),Children|Comedy,10748.0,9087
60198,"Sandglass, The (Sanatorium pod klepsydra) (1973)",Mystery,45698.0,9088
60201,"Color of Pomegranates, The (Sayat Nova) (1968)",Drama,26302.0,9089
60259,Bambi 2 (2006),Animation|Children|Drama,13205.0,9090
60289,Kit Kittredge: An American Girl (2008),Children|Comedy|Drama|Mystery,8359.0,9091
60291,Gonzo: The Life and Work of Dr. Hunter S. Thompson (2008),Documentary,13003.0,9092
60293,"Wackness, The (2008)",Comedy|Drama|Romance,13990.0,9093
60295,Up the Yangtze (2007),Documentary,15272.0,9094
60303,Strange Circus (Kimyô na sâkasu) (2005),Horror|Mystery|Thriller,10842.0,9095
60333,Encounters at the End of the World (2008),Documentary,12172.0,9096
60336,Bad Blood (Mauvais sang) (1986),Crime|Drama|Romance,64131.0,9097
60338,Dante 01 (2008),Sci-Fi|Thriller,15125.0,9098
60341,Standard Operating Procedure (2008),Crime|Documentary|War,8847.0,9099
60363,Zombie Strippers! (2008),Comedy|Horror,13009.0,9100
60382,Roman Polanski: Wanted and Desired (2008),Documentary,16800.0,9101
60389,Battle for Haditha (2007),War,14111.0,9102
60397,Mamma Mia! (2008),Comedy|Musical|Romance,11631.0,9103
60405,Ganes (2007),Drama|Musical,20158.0,9104
60408,Welcome to the Sticks (Bienvenue chez les Ch'tis) (2008),Comedy,8265.0,9105
60418,Kabluey (2007),Comedy|Drama,15654.0,9106
60463,Dark Floors (2008),Fantasy|Horror,14145.0,9107
60471,Rogue (2007),Action|Adventure|Horror|Sci-Fi|Thriller,13022.0,9108
60482,Towelhead (a.k.a. Nothing is Private) (2007),Drama,10190.0,9109
60487,"It's the Great Pumpkin, Charlie Brown (1966)",Animation|Children|Comedy,13353.0,9110
60503,Katyn (2007),Drama|War,13614.0,9111
60514,Journey to the Center of the Earth (2008),Action|Adventure|Sci-Fi,88751.0,9112
60516,Meet Dave (2008),Adventure|Children|Comedy|Romance|Sci-Fi,11260.0,9113
60522,"Machine Girl, The (Kataude mashin gâru) (2008)",Action|Comedy|Fantasy|Horror|Thriller,13964.0,9114
60526,Death Defying Acts (2007),Drama|Romance|Thriller,13910.0,9115
60530,Water Lilies (Naissance des pieuvres) (2007),Drama,10818.0,9116
60538,Shrooms (2007),Horror|Thriller,14456.0,9117
60551,Breath (Soom) (2007),Drama,25647.0,9118
60566,Just Another Love Story (Kærlighed på film) (2007),Crime|Drama|Thriller,14898.0,9119
60579,Next Door (Naboer) (2005),Horror|Mystery|Thriller,572.0,9120
60609,Death Note (2006),Adventure|Crime|Drama|Horror|Mystery,16007.0,9121
60647,Transsiberian (2008),Crime|Drama|Thriller,6687.0,9122
60649,Space Chimps (2008),Adventure|Animation|Comedy,11802.0,9123
60684,Watchmen (2009),Action|Drama|Mystery|Sci-Fi|Thriller|IMAX,13183.0,9124
60735,Shotgun Stories (2007),Drama|Thriller,12247.0,9125
60753,Felon (2008),Crime|Drama,13012.0,9126
60756,Step Brothers (2008),Comedy,12133.0,9127
60758,Brideshead Revisited (2008),Drama,12568.0,9128
60760,"X-Files: I Want to Believe, The (2008)",Drama|Mystery|Sci-Fi|Thriller,8836.0,9129
60763,American Teen (2008),Documentary,13259.0,9130
60766,Man on Wire (2008),Documentary,14048.0,9131
60803,"Little Drummer Boy, The (1968)",Animation|Children|Musical,18846.0,9132
60832,Pathology (2008),Crime|Horror|Thriller,12192.0,9133
60857,"Tracey Fragments, The (2007)",Drama,16725.0,9134
60894,"Edge of Love, The (2008)",Drama|Romance|War,14061.0,9135
60937,"Mummy: Tomb of the Dragon Emperor, The (2008)",Action|Adventure|Fantasy|Thriller,1735.0,9136
60939,Swing Vote (2008),Comedy|Drama,10187.0,9137
60941,"Midnight Meat Train, The (2008)",Horror|Mystery|Thriller,10185.0,9138
60943,Frozen River (2008),Drama,10183.0,9139
60948,Bottle Shock (2008),Drama,13996.0,9140
60950,Vicky Cristina Barcelona (2008),Comedy|Drama|Romance,5038.0,9141
60992,"Moment to Remember, A (Nae meorisokui jiwoogae) (2004)",Drama|Romance,15859.0,9142
61009,Inside Paris (Dans Paris) (2006),Drama,14654.0,9143
61024,Pineapple Express (2008),Action|Comedy|Crime,10189.0,9144
61026,Red Cliff (Chi bi) (2008),Action|Adventure|Drama|War,12289.0,9145
61037,Silent Light (Stellet licht) (2007),Drama,2012.0,9146
61071,"Sisterhood of the Traveling Pants 2, The (2008)",Adventure|Comedy|Drama|Romance,10188.0,9147
61073,Hell Ride (2008),Action|Drama|Thriller,13300.0,9148
61075,Elegy (2008),Drama|Romance,11671.0,9149
61100,Still Life (Sanxia haoren) (2006),Drama|Romance,155796.0,9150
61123,High School Musical 2 (2007),Comedy|Drama|Musical|Romance,13649.0,9151
61132,Tropic Thunder (2008),Action|Adventure|Comedy|War,7446.0,9152
61160,Star Wars: The Clone Wars (2008),Action|Adventure|Animation|Sci-Fi,12180.0,9153
61167,Henry Poole is Here (2008),Drama|Mystery,13107.0,9154
61210,Mutant Chronicles (2008),Action|Adventure|Sci-Fi,13256.0,9155
61236,Waltz with Bashir (Vals im Bashir) (2008),Animation|Documentary|Drama|War,8885.0,9156
61240,Let the Right One In (Låt den rätte komma in) (2008),Drama|Fantasy|Horror|Romance,13310.0,9157
61246,Hamlet 2 (2008),Comedy,12621.0,9158
61248,Death Race (2008),Action|Adventure|Sci-Fi|Thriller,10483.0,9159
61250,"House Bunny, The (2008)",Comedy,12620.0,9160
61255,"Rocker, The (2008)",Comedy,10186.0,9161
61257,I.O.U.S.A. (a.k.a. IOUSA) (2008),Documentary,15320.0,9162
61262,Mirrors (2008),Horror|Mystery|Thriller,13515.0,9163
61267,Fly Me to the Moon (2008),Adventure|Animation|Children|IMAX,13956.0,9164
61289,Sukiyaki Western Django (2008),Action|Western,13637.0,9165
61319,Somers Town (2008),Drama,14298.0,9166
61323,Burn After Reading (2008),Comedy|Crime|Drama,4944.0,9167
61348,Disaster Movie (2008),Comedy,13805.0,9168
61350,Babylon A.D. (2008),Action|Adventure|Sci-Fi|Thriller,9381.0,9169
61352,Traitor (2008),Crime|Drama|Thriller,13291.0,9170
61354,College (2008),Comedy,13991.0,9171
61357,Trouble the Water (2008),Documentary,22319.0,9172
61361,"Women, The (2008)",Comedy|Drama,13972.0,9173
61373,"Woman in Black, The (1989)",Horror|Mystery,16182.0,9174
61401,"Spirit, The (2008)",Action|Comedy|Fantasy|Thriller,8285.0,9175
61406,John Adams (2008),Drama,118309.0,9176
61449,"Burning Plain, The (2008)",Drama|Romance,12165.0,9177
61465,Bangkok Dangerous (2008),Action|Crime|Thriller,13184.0,9178
61493,Flash Point (a.k.a. Flashpoint) (Dou fo sin) (2007),Action,35854.0,9179
61646,DarkBlueAlmostBlack (Azuloscurocasinegro) (2006),Drama|Romance,3865.0,9180
61678,"Foot Fist Way, The (2006)",Comedy,13484.0,9181
61692,Altered (2006),Horror|Sci-Fi|Thriller,14458.0,9182
61697,Righteous Kill (2008),Crime|Mystery|Thriller,13389.0,9183
61705,Lakeview Terrace (2008),Drama|Thriller,13279.0,9184
61724,Shadows in Paradise (Varjoja paratiisissa) (1986),Comedy|Romance,3.0,9185
61729,Ghost Town (2008),Comedy|Fantasy|Romance,12797.0,9186
61742,Maradona by Kusturica (2008),Documentary,8908.0,9187
61816,Import/Export (2007),Drama,4998.0,9188
61818,"Crow, The: Wicked Prayer (2005)",Action|Adventure|Fantasy|Thriller,16456.0,9189
61937,Sawdust and Tinsel (Gycklarnas afton) (1953),Drama,47721.0,9190
61941,Humboldt County (2008),Comedy|Drama,14232.0,9191
61948,100 Feet (2008),Horror|Thriller,14098.0,9192
61967,"Autumn Afternoon, An (Sanma no aji) (1962)",Drama,50759.0,9193
61986,Appaloosa (2008),Western,12690.0,9194
61991,Miracle at St. Anna (2008),Drama|Mystery|War,12412.0,9195
62000,"Steamroller and the Violin, The (Katok i skripka) (1961)",Drama,38311.0,9196
62049,1984 (1956),Drama|Sci-Fi,1984.0,9197
62081,Eagle Eye (2008),Action|Crime|Thriller|IMAX,13027.0,9198
62113,How to Lose Friends & Alienate People (2008),Comedy,13092.0,9199
62115,Six Shooter (2004),Comedy|Drama,25126.0,9200
62137,Nights in Rodanthe (2008),Drama|Romance,14326.0,9201
62155,Nick and Norah's Infinite Playlist (2008),Comedy|Drama|Romance,12182.0,9202
62203,Martyrs (2008),Horror,9539.0,9203
62235,Red (2008),Drama|Thriller,13200.0,9204
62245,"Music Room, The (Jalsaghar) (1958)",Drama,822.0,9205
62250,Gomorrah (Gomorra) (2008),Crime|Drama,8882.0,9206
62265,"Accidental Husband, The (2009)",Comedy|Romance,13401.0,9207
62293,"Duchess, The (2008)",Drama|Romance,12783.0,9208
62344,Rachel Getting Married (2008),Drama|Romance,14976.0,9209
62374,Body of Lies (2008),Action|Drama|Thriller,12113.0,9210
62376,City of Ember (2008),Adventure|Children|Sci-Fi,13600.0,9211
62378,Magicians (2007),Comedy,10078.0,9212
62383,"20,000 Leagues Under the Sea (1916)",Action|Adventure|Sci-Fi,30266.0,9213
62394,Max Payne (2008),Action|Crime|Drama|Thriller,13051.0,9214
62434,Zack and Miri Make a Porno (2008),Comedy|Drama|Romance,10358.0,9215
62437,W. (2008),Drama,10523.0,9216
62439,My Best Friend's Girl (2008),Comedy|Romance,13596.0,9217
62511,"Synecdoche, New York (2008)",Comedy|Drama,4960.0,9218
62526,"Drowning Pool, The (1975)",Mystery|Thriller,32620.0,9219
62553,"Secret Life of Bees, The (2008)",Drama,12837.0,9220
62577,Flash of Genius (2008),Drama,14914.0,9221
62586,"American Carol, An (2008)",Comedy|Fantasy,13948.0,9222
62644,"Wave, The (Welle, Die) (2008)",Drama,7735.0,9223
62718,"Angus, Thongs and Perfect Snogging (2008)",Comedy|Romance,12689.0,9224
62733,Quarantine (2008),Drama|Horror|Mystery|Thriller,13812.0,9225
62764,Black Moon (1975),Fantasy|Mystery|Sci-Fi|War,27361.0,9226
62788,Lost Boys: The Tribe (2008),Comedy|Horror|Thriller,13489.0,9227
62792,Pride and Glory (2008),Crime|Drama,13150.0,9228
62799,"Express, The (2008)",Drama,14325.0,9229
62801,Lone Wolf and Cub: Baby Cart to Hades (Kozure Ôkami: Shinikazeni mukau ubaguruma) (1972),Action|Drama,41474.0,9230
62803,Lone Wolf and Cub: Baby Cart in Peril (Kozure Ôkami: Oya no kokoro ko no kokoro) (1972),Action,41477.0,9231
62834,Babylon 5: The Legend of the Rangers: To Live and Die in Starlight (2002),Sci-Fi,16068.0,9232
62836,Babylon 5: The Lost Tales - Voices in the Dark (2007),Sci-Fi,15289.0,9233
62849,RocknRolla (2008),Action|Crime,13809.0,9234
62912,High School Musical 3: Senior Year (2008),Musical,11887.0,9235
62999,Madagascar: Escape 2 Africa (2008),Action|Adventure|Animation|Children|Comedy|IMAX,10527.0,9236
63001,Admiral (2008),Drama|War,13506.0,9237
63033,Blindness (2008),Drama|Mystery|Romance|Thriller,8338.0,9238
63062,Changeling (2008),Crime|Drama|Mystery,3580.0,9239
63072,"Road, The (2009)",Adventure|Drama|Thriller,20766.0,9240
63082,Slumdog Millionaire (2008),Crime|Drama|Romance,12405.0,9241
63113,Quantum of Solace (2008),Action|Adventure|Thriller,10764.0,9242
63131,Role Models (2008),Comedy,15373.0,9243
63179,Tokyo! (2008),Drama,8938.0,9244
63181,Tokyo Gore Police (Tôkyô zankoku keisatsu) (2008),Action|Horror,16061.0,9245
63189,Sauna (2008),Horror|Mystery,16166.0,9246
63194,Caótica Ana (2007),Comedy|Drama|Mystery|Romance,2588.0,9247
63222,JCVD (2008),Action|Drama|Thriller,13672.0,9248
63239,Cinderella (1997),Children|Fantasy|Musical|Romance,42884.0,9249
63276,Crows Zero (Kurôzu zero) (2007),Action,14943.0,9250
63312,Krabat (2008),Drama|Fantasy,4627.0,9251
63329,Christmas Story (Joulutarina) (2007),Children|Drama|Fantasy,21501.0,9252
63393,Camp Rock (2008),Comedy|Musical|Romance,13655.0,9253
63433,Farscape: The Peacekeeper Wars (2004),Action|Adventure|Sci-Fi,13905.0,9254
63436,Saw V (2008),Crime|Horror|Thriller,11917.0,9255
63446,"Christmas Tale, A (Un conte de Noël) (2008)",Comedy|Drama,8892.0,9256
63458,Critters 4 (1991),Comedy|Horror|Sci-Fi,12525.0,9257
63479,Sex Drive (2008),Comedy,13523.0,9258
63481,Soul Men (2008),Comedy|Musical,14655.0,9259
63515,The Island (2006),Drama|Mystery,22358.0,9260
63540,Beverly Hills Chihuahua (2008),Adventure|Children|Comedy,14405.0,9261
63676,"Face of Another, The (Tanin no kao) (1966)",Drama|Sci-Fi,29452.0,9262
63698,Three Monkeys (Üç maymun) (2008),Drama,8905.0,9263
63808,"Class, The (Entre les murs) (2008)",Drama,8841.0,9264
63826,Splinter (2008),Action|Horror|Thriller,13220.0,9265
63828,Confessions of a Superhero (2007),Documentary,16509.0,9266
63853,Australia (2008),Adventure|Drama|War|Western,6972.0,9267
63859,Bolt (2008),Action|Adventure|Animation|Children|Comedy,13053.0,9268
63876,Milk (2008),Drama,10139.0,9269
63992,Twilight (2008),Drama|Fantasy|Romance|Thriller,8966.0,9270
64010,"Children, The (2008)",Horror,16342.0,9271
64030,Transporter 3 (2008),Action|Adventure|Crime|Thriller,13387.0,9272
64032,Four Christmases (2008),Comedy,12193.0,9273
64034,"Boy in the Striped Pajamas, The (Boy in the Striped Pyjamas, The) (2008)",Drama|War,14574.0,9274
64037,Surveillance (2008),Crime|Mystery|Thriller,10900.0,9275
64114,Fireproof (2008),Drama|Romance,14438.0,9276
64116,Igor (2008),Animation|Comedy,14248.0,9277
64167,Dinotopia (2002),Adventure|Fantasy,12224.0,9278
64197,Hunger (2008),Drama,10360.0,9279
64229,Cadillac Records (2008),Drama|Musical,14299.0,9280
64231,Punisher: War Zone (2008),Action|Crime|Drama|Thriller,13056.0,9281
64234,"Guyver, The (1991)",Action|Comedy|Sci-Fi,15026.0,9282
64249,Shrek the Halls (2007),Adventure|Animation|Comedy|Fantasy,13394.0,9283
64278,"Pervert's Guide to Cinema, The (2006)",Documentary,34283.0,9284
64285,Wallace and Gromit in 'A Matter of Loaf and Death' (2008),Animation|Comedy,14447.0,9285
64497,"Day the Earth Stood Still, The (2008)",Drama|Sci-Fi|Thriller|IMAX,10200.0,9286
64499,Che: Part One (2008),Drama|War,8881.0,9287
64501,Che: Part Two (2008),Drama|War,8880.0,9288
64511,Dean Spanley (2008),Comedy|Drama,18117.0,9289
64575,Doubt (2008),Drama|Mystery,14359.0,9290
64614,Gran Torino (2008),Crime|Drama,13223.0,9291
64620,Frost/Nixon (2008),Drama,11499.0,9292
64622,"Reader, The (2008)",Drama|Romance,8055.0,9293
64650,"Marriage Made in Heaven, A (Rab Ne Bana Di Jodi) (2008)",Comedy|Drama|Musical|Romance,14072.0,9294
64695,Sword of the Stranger (Sutorejia: Mukô hadan) (2007),Action|Adventure|Animation,13980.0,9295
64701,I've Loved You So Long (Il y a longtemps que je t'aime) (2008),Drama|Mystery,8276.0,9296
64716,Seven Pounds (2008),Drama,11321.0,9297
64839,"Wrestler, The (2008)",Drama,12163.0,9298
64930,"More the Merrier, The (1943)",Comedy|Romance,80616.0,9299
64957,"Curious Case of Benjamin Button, The (2008)",Drama|Fantasy|Mystery|Romance,4922.0,9300
64969,Yes Man (2008),Comedy,10201.0,9301
64983,Valkyrie (2008),Drama|Thriller|War,2253.0,9302
64993,5 Centimeters per Second (Byôsoku 5 senchimêtoru) (2007),Animation|Drama|Romance,38142.0,9303
64997,War of the Worlds (2005),Action|Sci-Fi,34812.0,9304
65037,Ben X (2007),Drama,6936.0,9305
65088,Bedtime Stories (2008),Adventure|Children|Comedy,10202.0,9306
65126,Choke (2008),Comedy|Drama,13973.0,9307
65130,Revolutionary Road (2008),Drama|Romance,4148.0,9308
65133,Blackadder Back & Forth (1999),Comedy,194113.0,9309
65142,Loft (2008),Crime|Drama|Mystery,17845.0,9310
65155,"Surfer, Dude (2008)",Comedy,13827.0,9311
65181,Nobel Son (2007),Comedy|Crime|Drama|Thriller,15676.0,9312
65188,Dear Zachary: A Letter to a Son About His Father (2008),Documentary,15584.0,9313
65193,Wild Child (2008),Drama|Romance,13971.0,9314
65216,Defiance (2008),Drama|Thriller|War,13813.0,9315
65225,Zeitgeist: Addendum (2008),Documentary,13180.0,9316
65230,Marley & Me (2008),Comedy|Drama,14306.0,9317
65259,Involuntary (De ofrivilliga) (2008),Drama,8927.0,9318
65261,Ponyo (Gake no ue no Ponyo) (2008),Adventure|Animation|Children|Fantasy,12429.0,9319
65310,Poultrygeist: Night of the Chicken Dead (2006),Comedy|Horror|Musical,17287.0,9320
65359,Earthsea (Legend of Earthsea) (2004),Adventure|Drama|Fantasy,9795.0,9321
65418,Wendy and Lucy (2008),Drama,8942.0,9322
65435,Open Season 2 (2008),Adventure|Animation|Children|Comedy,13690.0,9323
65465,Last Chance Harvey (2008),Drama|Romance,16409.0,9324
65514,Ip Man (2008),Action|Drama|War,14756.0,9325
65552,Replicant (2001),Action|Sci-Fi|Thriller,10596.0,9326
65567,Passengers (2008),Drama|Mystery|Thriller,13944.0,9327
65577,"Tale of Despereaux, The (2008)",Adventure|Animation|Children|Comedy|Fantasy,10199.0,9328
65585,Bride Wars (2009),Comedy|Romance,10521.0,9329
65588,"Gamers, The: Dorkness Rising (2008)",Action|Adventure|Comedy|Fantasy,26235.0,9330
65596,Mesrine: Killer Instinct (L'instinct de mort) (2008),Action|Crime|Drama|Thriller,13635.0,9331
65601,My Bloody Valentine 3-D (2009),Horror|Thriller,14435.0,9332
65612,Castaway (1986),Adventure|Drama,52886.0,9333
65631,Battle in Seattle (2007),Action|Drama,13177.0,9334
65642,"Timecrimes (Cronocrímenes, Los) (2007)",Sci-Fi|Thriller,14139.0,9335
65660,"Secret of the Grain, The (La graine et le mulet) (2007)",Drama,8280.0,9336
65682,Underworld: Rise of the Lycans (2009),Action|Fantasy|Horror|Thriller,12437.0,9337
65685,Inkheart (2008),Adventure|Fantasy,2309.0,9338
65709,This Filthy World (2006),Comedy|Documentary,47658.0,9339
65731,The Alphabet Killer (2008),Crime|Mystery|Thriller,13942.0,9340
65738,Revenge of the Nerds III: The Next Generation (1992),Comedy,18543.0,9341
65740,Revenge of the Nerds IV: Nerds in Love (1994),Comedy|Romance,21029.0,9342
65772,"Lazarus Project, The (2008)",Drama|Thriller,13825.0,9343
65802,Paul Blart: Mall Cop (2009),Action|Comedy|Crime,14560.0,9344
65810,Notorious (2009),Drama|Musical,14410.0,9345
65813,"Unborn, The (2009)",Horror|Mystery|Thriller,13788.0,9346
65817,Donkey Punch (2008),Horror|Thriller,13429.0,9347
65868,Repo! The Genetic Opera (2008),Fantasy|Horror|Musical,14353.0,9348
65882,"Uninvited, The (2009)",Drama|Horror|Mystery|Thriller,14254.0,9349
65894,Fear[s] of the Dark (Peur[s] du noir) (2007),Animation|Horror,16137.0,9350
65899,12:01 (1993),Comedy|Romance|Sci-Fi|Thriller,17803.0,9351
65939,Kummeli Goldrush (Kummeli kultakuume) (1997),Comedy,38205.0,9352
65982,Outlander (2008),Action|Adventure|Sci-Fi,10529.0,9353
66066,"Grudge 3, The (2009)",Horror,1977.0,9354
66090,Eden Lake (2008),Horror|Thriller,13510.0,9355
66097,Coraline (2009),Animation|Fantasy|Thriller,14836.0,9356
66130,Chocolate (2008),Action|Drama,15003.0,9357
66152,TerrorVision (1986),Comedy|Horror|Sci-Fi,24194.0,9358
66156,"Escapist, The (2008)",Thriller,14851.0,9359
66171,Push (2009),Sci-Fi|Thriller,13455.0,9360
66198,"International, The (2009)",Drama|Thriller,4959.0,9361
66200,Two Lovers (2008),Drama|Romance,10362.0,9362
66203,He's Just Not That Into You (2009),Comedy|Drama|Romance,10184.0,9363
66279,Husbands (1970),Drama,52105.0,9364
66304,Hotel for Dogs (2009),Adventure|Children|Comedy,15189.0,9365
66310,Frontière(s) (2007),Drama|Horror|Thriller,13492.0,9366
66317,Comet in Moominland (1992),Adventure|Animation|Fantasy,70089.0,9367
66320,"11th Hour, The (2007)",Documentary,4832.0,9368
66330,Fireflies in the Garden (2008),Drama,7353.0,9369
66335,Afro Samurai: Resurrection (2009),Animation,14711.0,9370
66365,Trancers (1985),Action|Sci-Fi,5677.0,9371
66371,Departures (Okuribito) (2008),Drama,16804.0,9372
66385,Taking Chance (2009),Drama|War,25405.0,9373
66427,My Name Is Bruce (2007),Comedy|Horror,1961.0,9374
66509,Funny People (2009),Comedy|Drama,20829.0,9375
66511,Berlin Calling (2008),Comedy|Drama,30508.0,9376
66544,Nuremberg (2000),Drama|War,18884.0,9377
66547,Bigger Than Life (1956),Drama|Mystery|Thriller,26036.0,9378
66596,Mystery Team (2009),Comedy|Crime|Mystery,38087.0,9379
66639,Street Fighter: The Legend of Chun-Li (2009),Action|Adventure|Sci-Fi|Thriller,15268.0,9380
66659,Tyler Perry's Madea Goes to Jail (2009),Comedy|Crime|Drama,15670.0,9381
66665,Away We Go (2009),Comedy|Drama|Romance,19255.0,9382
66691,"Thick as Thieves (a.k.a. Code, The) (2009)",Crime,14979.0,9383
66744,"Divo, Il (2008)",Drama,8832.0,9384
66762,Paris (2008),Comedy|Drama|Romance,8279.0,9385
66783,Friday the 13th (2009),Horror,13207.0,9386
66785,"Good, the Bad, the Weird, The (Joheunnom nabbeunnom isanghannom) (2008)",Action|Adventure|Comedy|Western,15067.0,9387
66789,Screamers: The Hunting (2009),Sci-Fi|Thriller,14853.0,9388
66798,"Pink Panther 2, The (2009)",Adventure|Comedy|Mystery,15159.0,9389
66801,Crips and Bloods: Made in America (2008),Documentary,18529.0,9390
66808,Far Cry (2008),Action|Adventure|Drama,7916.0,9391
66870,Everlasting Moments (Maria Larssons eviga ögonblick) (2008),Drama,17077.0,9392
66915,Rock-A-Doodle (1991),Adventure|Animation|Children|Musical,20421.0,9393
66934,Dr. Horrible's Sing-Along Blog (2008),Comedy|Drama|Musical|Sci-Fi,14301.0,9394
66943,"Cottage, The (2008)",Comedy|Crime|Horror|Thriller,13849.0,9395
67068,"Quick and the Dead, The (1987)",Western,26939.0,9396
67073,Day of the Dead (2008),Horror,13613.0,9397
67087,"I Love You, Man (2009)",Comedy,16538.0,9398
67138,Live Free or Die (2006),Comedy|Crime,7517.0,9399
67168,Dance of the Dead (2008),Adventure|Comedy|Horror,13094.0,9400
67186,"Haunting in Connecticut, The (2009)",Horror|Thriller,18781.0,9401
67193,Duplicity (2009),Crime|Romance|Thriller,16558.0,9402
67197,Knowing (2009),Action|Drama|Mystery|Sci-Fi|Thriller,13811.0,9403
67223,Sugar (2008),Drama,17003.0,9404
67252,Ong-Bak 2: The Beginning (Ong Bak 2) (2008),Action,16353.0,9405
67255,"Girl with the Dragon Tattoo, The (Män som hatar kvinnor) (2009)",Crime|Drama|Mystery|Thriller,15472.0,9406
67267,Sunshine Cleaning (2008),Comedy|Drama,13090.0,9407
67361,Echelon Conspiracy (2009),Action|Mystery|Thriller,16325.0,9408
67365,After Sex (2007),Comedy|Drama|Romance,17097.0,9409
67408,Monsters vs. Aliens (2009),Animation|Sci-Fi|IMAX,15512.0,9410
67422,California Dreamin' (Nesfarsit) (2007),Comedy|Drama|War,24220.0,9411
67429,Sita Sings the Blues (2008),Animation|Musical,20529.0,9412
67508,"Baader Meinhof Komplex, Der (2008)",Action|Crime|Drama|Thriller,6968.0,9413
67534,Big Stan (2007),Comedy,13161.0,9414
67620,Nothing But the Truth (2008),Drama|Thriller,14637.0,9415
67665,Anvil! The Story of Anvil (2008),Documentary|Musical,18094.0,9416
67695,Observe and Report (2009),Action|Comedy,16991.0,9417
67734,Adventureland (2009),Comedy|Drama,16614.0,9418
67784,"Cake Eaters, The (2007)",Drama,16071.0,9419
67788,Confessions of a Shopaholic (2009),Comedy|Romance,20048.0,9420
67792,"Black Balloon, The (2008)",Drama,8747.0,9421
67799,The Butterfly Effect 3: Revelations (2009),Drama|Fantasy|Sci-Fi|Thriller,16258.0,9422
67801,Revanche (2008),Crime|Drama|Romance,15451.0,9423
67839,"Lucky Ones, The (2008)",Comedy|Drama|War,16005.0,9424
67867,Dragonball Evolution (2009),Action|Adventure|Fantasy|Sci-Fi,14164.0,9425
67898,"Gravedancers, The (2006)",Horror|Thriller,13557.0,9426
67923,"Fast & Furious (Fast and the Furious 4, The) (2009)",Action|Crime|Drama|Thriller,13804.0,9427
67957,Superstar: The Karen Carpenter Story (1988),Drama|Musical,1387.0,9428
67997,In the Loop (2009),Comedy,19833.0,9429
67999,Global Metal (2008),Documentary,16919.0,9430
68028,What Doesn't Kill You (2008),Crime|Drama,15801.0,9431
68073,Pirate Radio (2009),Comedy|Drama,18947.0,9432
68099,Apollo 13: To the Edge and Back (1994),Documentary,128857.0,9433
68135,17 Again (2009),Comedy|Drama,16996.0,9434
68157,Inglourious Basterds (2009),Action|Drama|War,16869.0,9435
68159,State of Play (2009),Crime|Drama|Thriller,16995.0,9436
68173,Strike (Stachka) (1925),Drama,44967.0,9437
68194,"Damned United, The (2009)",Drama,21641.0,9438
68205,Crank: High Voltage (2009),Action|Comedy|Crime,15092.0,9439
68237,Moon (2009),Drama|Mystery|Sci-Fi|Thriller,17431.0,9440
68263,Mammoth (Mammut) (2009),Drama,33974.0,9441
68269,"Young Victoria, The (2009)",Drama|Romance,18320.0,9442
68288,"Informers, The (2008)",Crime|Drama|Thriller,17436.0,9443
68319,X-Men Origins: Wolverine (2009),Action|Sci-Fi|Thriller,2080.0,9444
68324,"Girlfriend Experience, The (2009)",Drama,17680.0,9445
68347,Sin Nombre (2009),Crime|Drama|Thriller,21191.0,9446
68358,Star Trek (2009),Action|Adventure|Sci-Fi|IMAX,13475.0,9447
68442,Lymelife (2008),Comedy|Drama,22152.0,9448
68444,"Great Buck Howard, The (2008)",Comedy,16279.0,9449
68472,Cherry Blossoms (Kirschblüten - Hanami) (2008),Drama|Romance,6461.0,9450
68482,XIII: The Conspiracy (2008),Action|Crime|Mystery|Thriller,168643.0,9451
68486,Red Cliff Part II (Chi Bi Xia: Jue Zhan Tian Xia) (2009),Action|Drama|War,15384.0,9452
68511,Black Ice (Musta jää) (2007),Drama,25004.0,9453
68519,S. Darko (S. Darko: A Donnie Darko Tale) (2009),Crime|Mystery|Sci-Fi|Thriller,17532.0,9454
68522,Earth (2007),Documentary,10946.0,9455
68536,Stanley Kubrick: A Life in Pictures (2001),Documentary,30416.0,9456
68552,Crossing Over (2009),Drama,15577.0,9457
68554,Angels & Demons (2009),Crime|Drama|Mystery|Thriller,13448.0,9458
68612,Outrage (2009),Documentary,30312.0,9459
68650,Powder Blue (2009),Drama,17740.0,9460
68659,Fanboys (2009),Adventure|Comedy|Drama,13532.0,9461
68685,Incendiary (2008),Drama|Mystery|Romance|Thriller,15705.0,9462
68690,Love Songs (Les chansons d'amour) (2007),Drama|Musical,14448.0,9463
68749,Management (2008),Comedy|Romance,21583.0,9464
68791,Terminator Salvation (2009),Action|Adventure|Sci-Fi|Thriller,534.0,9465
68793,Night at the Museum: Battle of the Smithsonian (2009),Action|Comedy|IMAX,18360.0,9466
68835,Were the World Mine (2008),Adventure|Fantasy|Musical|Romance,19375.0,9467
68838,Every Little Step (2008),Documentary,23997.0,9468
68848,"Brothers Bloom, The (2008)",Adventure|Comedy|Crime|Romance,21755.0,9469
68858,Vincere (2009),Drama|Romance,30239.0,9470
68872,Paisan (Paisà) (1946),Drama|War,8429.0,9471
68874,"Jeanne Dielman, 23 Quai du Commerce, 1080 Bruxelles (1975)",Drama,44012.0,9472
68886,I Do: How to Get Married and Stay Single (Prête-moi ta main) (2006),Comedy|Romance,19955.0,9473
68901,Chop Shop (2007),Drama,15555.0,9474
68932,"Soloist, The (2009)",Drama|Musical,17332.0,9475
68941,"Last House on the Left, The (2009)",Drama|Horror|Thriller,18405.0,9476
68952,Drag Me to Hell (2009),Comedy|Horror,16871.0,9477
68954,Up (2009),Adventure|Animation|Children|Drama,14160.0,9478
68956,Late Autumn (Akibiyori) (1960),Comedy|Drama,21967.0,9479
68959,Fullmetal Alchemist the Movie: Conqueror of Shamballa (Gekijô-ban hagane no renkinjutsushi: Shanbara wo yuku mono) (2005),Action|Adventure|Animation|Drama,14003.0,9480
68963,Easy Virtue (2008),Comedy|Romance,16899.0,9481
68965,Dance Flick (2009),Comedy|Musical,21724.0,9482
68967,"Summer Hours (Heure d'été, L') (2008)",Drama,8282.0,9483
69027,OSS 117 - Lost in Rio (OSS 117: Rio ne répond plus) (2009),Adventure|Comedy,15588.0,9484
69069,Fired Up (2009),Comedy,17927.0,9485
69088,"War Game, The (1965)",Documentary|Drama|War,26508.0,9486
69118,In the Electric Mist (2009),Drama|Mystery,13975.0,9487
69122,"Hangover, The (2009)",Comedy|Crime,18785.0,9488
69131,Killshot (2008),Action|Crime|Drama|Thriller,16164.0,9489
69134,Antichrist (2009),Drama|Fantasy,17609.0,9490
69136,Don (1978),Action|Comedy|Crime|Drama|Musical|Thriller,33104.0,9491
69140,Sweeney Todd (2006),Crime|Drama|Horror|Thriller,37924.0,9492
69219,"Wing and the Thigh, The (L'aile ou la cuisse) (1976)",Comedy,761.0,9493
69227,Ernest Rides Again (1993),Children|Comedy,34300.0,9494
69241,Berlin Alexanderplatz (1980),Drama,45560.0,9495
69251,Special (2006),Drama|Fantasy,13856.0,9496
69253,New in Town (2009),Comedy|Romance,14536.0,9497
69275,Dead Snow (Død snø) (2009),Action|Adventure|Comedy|Horror,14451.0,9498
69278,Land of the Lost (2009),Action|Adventure|Comedy|Sci-Fi,18162.0,9499
69304,Imagine That (2009),Comedy|Drama|Fantasy,19724.0,9500
69306,"Taking of Pelham 1 2 3, The (2009)",Crime|Drama|Thriller,18487.0,9501
69324,Flame and Citron (Flammen & Citronen) (2008),Action|Drama|War,8883.0,9502
69372,Big Man Japan (Dai-Nihonjin) (2007),Comedy|Sci-Fi,11693.0,9503
69381,"Hitman, The (1991)",Action|Crime|Thriller,31544.0,9504
69394,"Stoning of Soraya M., The (2008)",Crime|Drama,33409.0,9505
69406,"Proposal, The (2009)",Comedy|Romance,18240.0,9506
69436,Year One (2009),Adventure|Comedy,17610.0,9507
69438,O'Horten (2007),Comedy|Drama,8933.0,9508
69453,"Land That Time Forgot, The (1975)",Adventure|Sci-Fi,27085.0,9509
69458,Tyson (2008),Documentary,8940.0,9510
69481,"Hurt Locker, The (2008)",Action|Drama|Thriller|War,12162.0,9511
69498,La Ronde (1950),Drama|Romance,50030.0,9512
69516,"Limits of Control, The (2009)",Crime|Drama|Film-Noir,8284.0,9513
69524,Raiders of the Lost Ark: The Adaptation (1989),Action|Adventure|Thriller,62128.0,9514
69526,Transformers: Revenge of the Fallen (2009),Action|Adventure|Sci-Fi|IMAX,8373.0,9515
69529,Home (2009),Documentary,62320.0,9516
69542,K2 (1991),Adventure|Drama,24734.0,9517
69574,Phoebe in Wonderland (2008),Drama|Fantasy,19079.0,9518
69604,Whatever Works (2009),Comedy|Romance,19265.0,9519
69606,Ghosts of Girlfriends Past (2009),Comedy|Fantasy|Romance,12556.0,9520
69640,Public Enemies (2009),Crime|Drama|Thriller,11322.0,9521
69644,Ice Age: Dawn of the Dinosaurs (2009),Action|Adventure|Animation|Children|Comedy|Romance,8355.0,9522
69654,Prison Break: The Final Break (2009),Action|Drama|Thriller,176241.0,9523
69685,Daria: Is It College Yet? (2002),Animation|Comedy,24232.0,9524
69699,Love Streams (1984),Comedy|Drama,52109.0,9525
69712,My Sister's Keeper (2009),Drama,10024.0,9526
69746,Watchmen: Tales of the Black Freighter (2009),Action|Adventure|Animation|Horror,16440.0,9527
69757,(500) Days of Summer (2009),Comedy|Drama|Romance,19913.0,9528
69784,Brüno (Bruno) (2009),Comedy,18480.0,9529
69805,"Librarian, The: The Curse of the Judas Chalice (2008)",Action|Adventure|Fantasy,14728.0,9530
69809,The Inhabited Island (2008),Fantasy|Sci-Fi,16911.0,9531
69818,Franklyn (2008),Drama|Fantasy|Romance|Thriller,8884.0,9532
69830,Iron Maiden: Flight 666 (2009),Documentary,19105.0,9533
69842,Good Dick (2008),Comedy|Drama|Romance,14758.0,9534
69844,Harry Potter and the Half-Blood Prince (2009),Adventure|Fantasy|Mystery|Romance|IMAX,767.0,9535
69849,Roots (1977),Drama|War,67479.0,9536
69873,"Corridors of Time: The Visitors II, The (Couloirs du temps: Les visiteurs 2, Les) (1998)",Children|Comedy|Fantasy|Sci-Fi,10353.0,9537
69904,Open Water 2: Adrift (2006),Drama|Thriller,9592.0,9538
69934,My Sassy Girl (2008),Comedy|Drama|Romance,14197.0,9539
69945,"Fast and the Furious, The (1955)",Crime|Mystery,20174.0,9540
69951,"Imaginarium of Doctor Parnassus, The (2009)",Drama|Fantasy,8054.0,9541
69988,Humpday (2009),Comedy,23720.0,9542
69995,Tokyo Sonata (2008),Drama,8937.0,9543
70015,Polytechnique (2009),Crime|Drama,22302.0,9544
70032,Visioneers (2008),Comedy,20382.0,9545
70046,"Vault of Horror, The (1973)",Horror|Mystery,53868.0,9546
70093,Cheri (2009),Romance,22215.0,9547
70133,"Answer Man, The (a.k.a. Arlen Faber) (2009)",Comedy|Romance,20407.0,9548
70159,Orphan (2009),Drama|Horror|Mystery|Thriller,21208.0,9549
70183,"Ugly Truth, The (2009)",Comedy|Drama|Romance,20943.0,9550
70201,High Hopes (1988),Comedy,47870.0,9551
70206,"Collector, The (2009)",Crime|Horror|Thriller,21407.0,9552
70208,"Perfect Getaway, A (2009)",Horror|Thriller,12403.0,9553
70282,Aliens in the Attic (2009),Adventure|Children|Fantasy|Sci-Fi,20856.0,9554
70286,District 9 (2009),Mystery|Sci-Fi|Thriller,17654.0,9555
70293,Julie & Julia (2009),Comedy|Drama|Romance,24803.0,9556
70301,Obsessed (2009),Crime|Drama|Thriller,17335.0,9557
70305,Race to Witch Mountain (2009),Adventure|Children|Fantasy|Sci-Fi|Thriller,13836.0,9558
70334,Hannah Montana: The Movie (2009),Comedy|Drama|Musical|Romance,18126.0,9559
70336,G.I. Joe: The Rise of Cobra (2009),Action|Adventure|Sci-Fi|Thriller,14869.0,9560
70342,Séraphine (2008),Drama|War,14415.0,9561
70344,Cold Souls (2009),Comedy|Drama,30250.0,9562
70361,12 Rounds (2009),Action|Thriller,17134.0,9563
70366,"Silent Night, Deadly Night Part 2 (1987)",Comedy|Horror,50719.0,9564
70432,Fail Safe (2000),Drama|Thriller,31067.0,9565
70451,Max Manus (2008),Action|Drama|War,13752.0,9566
70497,Stone of Destiny (2008),Adventure|Comedy|Crime|Drama,12407.0,9567
70533,Evangelion: 1.0 You Are (Not) Alone (Evangerion shin gekijôban: Jo) (2007),Action|Animation|Sci-Fi,15137.0,9568
70565,"Goods: Live Hard, Sell Hard, The (2009)",Comedy,19905.0,9569
70567,Adam (2009),Drama|Romance,22051.0,9570
70597,Gigantic (2008),Comedy|Romance,14940.0,9571
70599,"Time Traveler's Wife, The (2009)",Drama|Romance|Sci-Fi,24420.0,9572
70607,Feast II: Sloppy Seconds (2008),Action|Comedy|Horror|Thriller,13797.0,9573
70637,I Can't Think Straight (2007),Drama|Romance,31216.0,9574
70641,Miss March (2009),Comedy,19556.0,9575
70643,Bandslam (2009),Comedy|Drama|Musical,23367.0,9576
70663,"I Love You, Beth Cooper (2009)",Comedy|Romance,19840.0,9577
70670,Second Wind (Le deuxième souffle) (Second Breath) (1966),Crime|Drama|Film-Noir,25047.0,9578
70687,Paper Heart (2009),Comedy|Documentary|Drama|Romance,25183.0,9579
70697,G-Force (2009),Action|Adventure|Children|Fantasy,19585.0,9580
70706,Fighting (2009),Action|Drama,17336.0,9581
70708,Tetro (2009),Drama|Mystery,11928.0,9582
70728,Bronson (2009),Action|Comedy|Drama|Thriller,18533.0,9583
70769,If Only (2004),Drama|Fantasy|Romance|Thriller,15775.0,9584
70802,"Secret of Moonacre, The (2008)",Adventure|Fantasy|Romance,18032.0,9585
70846,Lorna's Silence (Le silence de Lorna) (2008),Drama,8899.0,9586
70849,"Doulos, Le (1962)",Crime|Thriller,20778.0,9587
70862,It Might Get Loud (2008),Documentary,22492.0,9588
70871,"Day in the Country, A (Partie de campagne) (1936)",Drama|Romance,43878.0,9589
70898,Post Grad (2009),Comedy,25704.0,9590
70912,Goodbye Solo (2008),Drama,21371.0,9591
70932,My Life in Ruins (2009),Comedy,23049.0,9592
70984,Taking Woodstock (2009),Comedy,26320.0,9593
70992,Cargo 200 (Gruz 200) (2007),Drama,34869.0,9594
70994,Halloween II (2009),Horror|Thriller,24150.0,9595
71011,Five Graves to Cairo (1943),Thriller|War,60216.0,9596
71033,"Secret in Their Eyes, The (El secreto de sus ojos) (2009)",Crime|Drama|Mystery|Romance|Thriller,25376.0,9597
71057,9 (2009),Adventure|Animation|Sci-Fi,12244.0,9598
71106,Frequently Asked Questions About Time Travel (2009),Comedy|Sci-Fi,22494.0,9599
71108,"White Ribbon, The (Das weiße Band) (2009)",Drama|Mystery,37903.0,9600
71129,Green Lantern: First Flight (2009),Action|Adventure|Animation|Fantasy|Sci-Fi,17445.0,9601
71131,"Most Hated Family in America, The (2007)",Documentary,63581.0,9602
71135,Pandorum (2009),Horror|Sci-Fi|Thriller,19898.0,9603
71156,"Men Who Stare at Goats, The (2009)",Action|Comedy|Drama,10313.0,9604
71205,Jennifer's Body (2009),Comedy|Horror|Sci-Fi|Thriller,19994.0,9605
71211,"Informant!, The (2009)",Comedy|Crime|Drama|Thriller,11323.0,9606
71239,"Brøken, The (a.k.a. Broken, The) (2008)",Drama|Horror|Thriller,3511.0,9607
71246,Amreeka (2009),Drama,29134.0,9608
71248,Extract (2009),Comedy,12569.0,9609
71252,"Final Destination, The (Final Destination 4) (Final Destination in 3-D, The) (2009)",Horror|Thriller,19912.0,9610
71254,Gamer (2009),Action|Sci-Fi|Thriller,18501.0,9611
71264,Cloudy with a Chance of Meatballs (2009),Animation|Children|Fantasy|IMAX,22794.0,9612
71282,"Food, Inc. (2008)",Documentary,18570.0,9613
71302,Attack of the 50 Foot Woman (1958),Comedy|Sci-Fi,18724.0,9614
71304,Thirst (Bakjwi) (2009),Drama|Horror,22536.0,9615
71318,Terra (a.k.a. Battle for Terra) (2007),Adventure|Animation|Sci-Fi,16873.0,9616
71325,Love Happens (2009),Comedy|Drama|Romance,25643.0,9617
71327,Bright Star (2009),Drama|Romance,29963.0,9618
71341,Blood Creek (a.k.a. Town Creek) (2009),Horror,30685.0,9619
71372,Hellraiser: Deader (2005),Horror,17455.0,9620
71374,Hellraiser: Hellworld (2005),Horror,12699.0,9621
71379,Paranormal Activity (2009),Horror|Thriller,23827.0,9622
71390,"Not Quite Hollywood: The Wild, Untold Story of Ozploitation! (2008)",Documentary,16194.0,9623
71429,World's Greatest Dad (2009),Comedy|Drama,20178.0,9624
71438,Still Walking (Aruitemo aruitemo) (2008),Drama,25050.0,9625
71450,Capitalism: A Love Story (2009),Documentary,22074.0,9626
71460,Wanted (2009),Action|Romance,22717.0,9627
71462,"Cove, The (2009)",Documentary,23128.0,9628
71464,"Serious Man, A (2009)",Comedy|Drama,12573.0,9629
71466,City Island (2009),Comedy|Drama,28053.0,9630
71484,Metropia (2009),Animation|Sci-Fi,36800.0,9631
71490,Grace (2009),Drama|Horror|Thriller,21398.0,9632
71494,"Haunted World of El Superbeasto, The (2009)",Action|Animation|Comedy|Horror|Thriller,23127.0,9633
71500,Trick 'r Treat (2007),Comedy|Horror|Thriller,23202.0,9634
71518,Whip It (2009),Comedy|Drama,22798.0,9635
71520,"Invention of Lying, The (2009)",Comedy,23082.0,9636
71530,Surrogates (2009),Action|Sci-Fi|Thriller,19959.0,9637
71533,Next Day Air (2009),Action|Comedy|Crime,18065.0,9638
71535,Zombieland (2009),Action|Comedy|Horror,19908.0,9639
71537,Fame (2009),Comedy|Drama|Musical|Romance,28665.0,9640
71542,"September Issue, The (2009)",Documentary,23044.0,9641
71550,Assassination of a High School President (2008),Comedy|Drama|Mystery,18176.0,9642
71571,Sorority Row (2009),Horror|Thriller,26688.0,9643
71573,Whiteout (2009),Action|Crime|Drama|Mystery|Thriller,22787.0,9644
71575,Rudo y Cursi (Rough and Vulgar) (2008),Comedy|Drama,4786.0,9645
71579,"Education, An (2009)",Drama|Romance,24684.0,9646
71619,Coco Before Chanel (Coco avant Chanel) (2009),Drama,11156.0,9647
71668,Couples Retreat (2009),Comedy|Romance,19899.0,9648
71670,All About Steve (2009),Comedy,23706.0,9649
71688,Jab We Met (2007),Comedy|Drama|Romance,11807.0,9650
71691,Fifty Dead Men Walking (2008),Action|Drama|Thriller,17622.0,9651
71700,Deadgirl (2008),Horror,23966.0,9652
71732,I Sell the Dead (2008),Comedy|Horror,21910.0,9653
71745,Where the Wild Things Are (2009),Adventure|Children|Drama|Fantasy|IMAX,16523.0,9654
71823,"New York, I Love You (2009)",Drama|Romance,12572.0,9655
71838,Law Abiding Citizen (2009),Drama|Thriller,22803.0,9656
71867,"Misfortunates, The (De helaasheid der dingen) (2009)",Drama,33806.0,9657
71876,Amelia (2009),Drama,8915.0,9658
71878,"Stepfather, The (2009)",Horror|Thriller,19904.0,9659
71902,Spread (2009),Drama|Romance,19918.0,9660
71910,"Tournament, The (2009)",Action,24056.0,9661
71926,"Boys Are Back, The (2009)",Comedy|Drama,23512.0,9662
71928,Cairo Time (2009),Drama|Romance,31189.0,9663
71991,Afterschool (2008),Drama,8926.0,9664
72011,Up in the Air (2009),Drama|Romance,22947.0,9665
72035,Dimensions of Dialogue (Moznosti dialogu) (1982),Animation|Comedy|Fantasy,19035.0,9666
72039,35 Shots of Rum (35 rhums) (2008),Drama,26191.0,9667
72043,Monsters vs Aliens: Mutant Pumpkins from Outer Space (2009),Animation|Comedy|Sci-Fi,53985.0,9668
72104,Balance (1989),Animation|Drama|Mystery|Sci-Fi|Thriller,44338.0,9669
72113,Is Anybody There? (2008),Drama,22447.0,9670
72117,"Misérables, Les (1935)",Drama|Romance,43893.0,9671
72129,Saw VI (2009),Crime|Horror|Mystery|Thriller,22804.0,9672
72131,Michael Jackson's This Is It (2009),Documentary|Musical|IMAX,13576.0,9673
72159,"Grave Decisions (Wer früher stirbt, ist länger tot) (2006)",Comedy|Drama,1697.0,9674
72165,Cirque du Freak: The Vampire's Assistant (2009),Action|Adventure|Comedy|Fantasy|Horror|Thriller,24418.0,9675
72167,"Boondock Saints II: All Saints Day, The (2009)",Action|Crime|Drama|Thriller,22821.0,9676
72169,Good Hair (2009),Comedy|Documentary,22800.0,9677
72171,Black Dynamite (2009),Action|Comedy,24804.0,9678
72176,Big Fan (2009),Comedy|Crime|Drama,29150.0,9679
72178,Welcome to Dongmakgol (2005),Comedy|Drama|War,14968.0,9680
72209,Astro Boy (2009),Action|Animation|Children|Sci-Fi,16577.0,9681
72224,Gentlemen Broncos (2009),Comedy,22820.0,9682
72226,Fantastic Mr. Fox (2009),Adventure|Animation|Children|Comedy|Crime,10315.0,9683
72228,Creation (2009),Drama,30431.0,9684
72249,Coco Chanel & Igor Stravinsky (2009),Drama|Romance,38984.0,9685
72261,"Pebble and the Penguin, The (1995)",Animation|Musical,54648.0,9686
72294,"Christmas Carol, A (2009)",Animation|Children|Drama|Fantasy|IMAX,17979.0,9687
72330,"Private Lives of Pippa Lee, The (2009)",Drama,4475.0,9688
72356,Partly Cloudy (2009),Animation|Children|Comedy|Fantasy,24480.0,9689
72378,2012 (2009),Action|Drama|Sci-Fi|Thriller,14161.0,9690
72380,"Box, The (2009)",Drama|Horror|Mystery|Sci-Fi|Thriller,22825.0,9691
72386,Broken Embraces (Los abrazos rotos) (2009),Drama|Romance|Thriller,8088.0,9692
72393,"Fourth Kind, The (2009)",Horror|Mystery|Sci-Fi|Thriller,22824.0,9693
72395,Precious (2009),Drama,25793.0,9694
72405,Bad Lieutenant: Port of Call New Orleans (2009),Crime|Drama,11699.0,9695
72407,"Twilight Saga: New Moon, The (2009)",Drama|Fantasy|Horror|Romance|Thriller,18239.0,9696
72479,"Messenger, The (2009)",Drama|Romance|War,28089.0,9697
72485,Lemon Tree (2008),Drama,7860.0,9698
72489,Ninja Assassin (2009),Action|Crime|Drama|Thriller,22832.0,9699
72491,"Police, Adjective (Politist, adj.) (2009)",Comedy|Crime|Drama,32511.0,9700
72557,"Film with Me in It, A (2008)",Comedy|Thriller,33035.0,9701
72591,"Patriot, The (1998)",Action|Thriller,6058.0,9702
72601,Teenage Mutant Ninja Turtles: Turtles Forever (2009),Action|Adventure|Animation|Comedy|Thriller,34003.0,9703
72603,Merry Madagascar (2009),Animation,25472.0,9704
72605,Brothers (2009),Drama|Thriller|War,7445.0,9705
72630,Sleep Dealer (2008),Sci-Fi,20764.0,9706
72641,"Blind Side, The  (2009)",Drama,22881.0,9707
72692,Mickey's Once Upon a Christmas (1999),Animation|Comedy|Fantasy,15400.0,9708
72694,Shrink (2009),Drama,22640.0,9709
72696,Old Dogs (2009),Comedy,22949.0,9710
72701,Planet 51 (2009),Adventure|Animation|Children|Comedy|Sci-Fi,16866.0,9711
72703,Me and Orson Welles (2008),Drama,12404.0,9712
72712,Objectified (2009),Documentary,23951.0,9713
72720,"Single Man, A (2009)",Drama,34653.0,9714
72731,"Lovely Bones, The (2009)",Crime|Drama|Fantasy|Horror|Thriller,7980.0,9715
72733,Invictus (2009),Drama,22954.0,9716
72737,"Princess and the Frog, The (2009)",Animation|Children|Fantasy|Musical|Romance,10198.0,9717
72741,Everybody's Fine (2009),Drama,26171.0,9718
72762,Armored (2009),Action|Drama|Thriller,4597.0,9719
72777,Invaders from Mars (1986),Horror|Sci-Fi,31909.0,9720
72787,Doghouse (2009),Comedy|Horror,20606.0,9721
72919,Did You Hear About the Morgans? (2009),Comedy|Crime|Drama|Romance,24438.0,9722
72980,Veronika Decides to Die (2009),Drama|Romance,25968.0,9723
72998,Avatar (2009),Action|Adventure|Sci-Fi|IMAX,19995.0,9724
73000,Nine (2009),Drama|Musical|Romance,10197.0,9725
73015,It's Complicated (2009),Comedy|Romance,22897.0,9726
73017,Sherlock Holmes (2009),Action|Crime|Mystery|Thriller,10528.0,9727
73023,Crazy Heart (2009),Drama|Romance,25196.0,9728
73027,"Last Station, The (2009)",Drama,36811.0,9729
73042,Alvin and the Chipmunks: The Squeakquel (2009),Animation|Children|Comedy|Musical,23398.0,9730
73049,Uncertainty (2009),Action|Crime|Drama|Fantasy|Romance,28520.0,9731
73051,Guru (2007),Drama|Romance,15772.0,9732
73089,Beyond a Reasonable Doubt (2009),Drama|Mystery,25137.0,9733
73101,Looking for Eric (2009),Comedy|Drama|Fantasy,18898.0,9734
73117,Marriage Italian Style (Matrimonio all'italiana) (1964),Comedy|Drama|Romance,49687.0,9735
73168,Carriers (2009),Drama|Horror|Thriller,25769.0,9736
73183,"Friends of Eddie Coyle, The (1973)",Crime|Drama|Thriller,25680.0,9737
73208,Piter FM (2006),Comedy|Drama|Romance,64736.0,9738
73211,Pontypool (2008),Horror|Thriller,23963.0,9739
73266,Youth in Revolt (2009),Comedy|Drama|Romance,22327.0,9740
73268,Daybreakers (2010),Action|Drama|Horror|Thriller,19901.0,9741
73270,"Milk of Sorrow, The (Teta asustada, La) (2009)",Drama,28644.0,9742
73276,"Age of Stupid, The (2009)",Documentary,24458.0,9743
73290,Hachiko: A Dog's Story (a.k.a. Hachi: A Dog's Tale) (2009),Drama,28178.0,9744
73319,Leap Year (2010),Comedy|Romance,25195.0,9745
73321,"Book of Eli, The (2010)",Action|Adventure|Drama,20504.0,9746
73323,"Girl Who Kicked the Hornet's Nest, The (Luftslottet som sprängdes) (2009)",Action|Crime|Mystery,33613.0,9747
73344,"Prophet, A (Un Prophète) (2009)",Crime|Drama,21575.0,9748
73370,"Thorn Birds, The (1983)",Drama|Romance,113879.0,9749
73392,Collapse (2009),Documentary,28227.0,9750
73413,My One and Only (2009),Comedy|Drama,26820.0,9751
73462,Ernest Goes to School (1994),Children|Comedy|Drama,20551.0,9752
73488,Blood: The Last Vampire (2009),Action|Horror|Thriller,1450.0,9753
73511,Horsemen (2009),Crime|Drama|Horror|Mystery|Thriller,18476.0,9754
73513,"Swades: We, the People (Our Country) (2004)",Drama,15774.0,9755
73515,Bart Got a Room (2008),Comedy|Romance,20107.0,9756
73569,Project A 2 ('A' gai wak juk jap) (1987),Action|Comedy|Crime,21521.0,9757
73572,"My Son, My Son, What Have Ye Done (2009)",Drama|Horror,44027.0,9758
73587,Soul Kitchen (2009),Comedy,31175.0,9759
73608,Heat (1972),Comedy|Drama|Romance,4579.0,9760
73664,Dragon Hunters (Chasseurs de dragons) (2008),Adventure|Animation|Children,10800.0,9761
73681,"Concert, Le (2009)",Comedy|Drama,25205.0,9762
73713,"Butterfly, The (Papillon, Le) (2002)",Comedy|Drama,45699.0,9763
73718,"Other Man, The (2008)",Drama,17606.0,9764
73741,Ninja (2009),Action|Crime|Drama|Thriller,25602.0,9765
73804,Asterix at the Olympic Games (Astérix aux jeux olympiques) (2008),Adventure|Children|Comedy|Fantasy,2395.0,9766
73808,"Chaser, The (Chugyeogja) (2008)",Crime|Drama|Thriller,13855.0,9767
73829,Mega Shark vs. Giant Octopus (2009),Action|Horror,17911.0,9768
73854,"Rudolph, the Red-Nosed Reindeer (1964)",Adventure|Animation|Children|Fantasy|Musical,13382.0,9769
73860,Nowhere Boy (2009),Drama,33511.0,9770
73870,"Thaw, The (2009)",Horror|Sci-Fi|Thriller,23410.0,9771
73881,3 Idiots (2009),Comedy|Drama|Romance,20453.0,9772
73929,Legion (2010),Action|Fantasy|Horror|Thriller,22894.0,9773
74089,Peter Pan (1960),Children|Fantasy|Musical,51120.0,9774
74095,Wicked City (Yôjû toshi) (1987),Animation|Fantasy|Horror|Sci-Fi,21453.0,9775
74111,Arn: The Kingdom at Road's End (Arn: Riket vid vägens slut) (2008),Action|Adventure|Drama|Romance|War,13522.0,9776
74131,Extraordinary Measures (2010),Drama,27569.0,9777
74139,"Red Baron, The (Der rote Baron) (2008)",Action|Drama|Romance|War,8349.0,9778
74152,Zach Galifianakis: Live at the Purple Onion (2006),Comedy|Documentary,16453.0,9779
74154,When in Rome (2010),Comedy|Romance,13477.0,9780
74156,Edge of Darkness (2010),Drama|Thriller,12201.0,9781
74204,Mad Detective (Sun taam) (2007),Action|Crime|Thriller,14016.0,9782
74228,Triangle (2009),Drama|Horror|Mystery|Thriller,26466.0,9783
74275,I Love You Phillip Morris (2009),Comedy|Drama|Romance,8952.0,9784
74327,"First Day of the Rest of Your Life, The (Le premier jour du reste de ta vie) (2008)",Comedy|Drama,12169.0,9785
74355,Serious Moonlight (2009),Comedy|Crime|Drama|Romance,27989.0,9786
74370,"House of the Devil, The (2009)",Horror|Thriller,25983.0,9787
74416,Fish Tank (2009),Drama,24469.0,9788
74426,Mohabbatein (2000),Drama|Musical|Romance,11518.0,9789
74436,Body Bags (1993),Comedy|Horror|Sci-Fi|Thriller,31578.0,9790
74450,Valentine's Day (2010),Comedy|Romance,32856.0,9791
74452,"Wolfman, The (2010)",Horror|Thriller,7978.0,9792
74458,Shutter Island (2010),Drama|Mystery|Thriller,11324.0,9793
74484,Bitch Slap (2009),Action|Comedy|Crime|Thriller,26715.0,9794
74486,$9.99 (2008),Animation,19311.0,9795
74488,Ondine (2009),Drama|Fantasy|Romance,38448.0,9796
74504,Letters to Father Jacob (Postia pappi Jaakobille) (2009),Drama,55522.0,9797
74508,Persuasion (2007),Drama|Romance,13949.0,9798
74510,"Girl Who Played with Fire, The (Flickan som lekte med elden) (2009)",Action|Crime|Drama|Mystery|Thriller,24253.0,9799
74530,Percy Jackson & the Olympians: The Lightning Thief (2010),Adventure|Fantasy,32657.0,9800
74532,Cop Out (2010),Action|Comedy|Crime,23742.0,9801
74541,Trailer Park Boys: Countdown to Liquor Day (2009),Comedy|Crime,27561.0,9802
74545,"Ghost Writer, The (2010)",Drama|Mystery|Thriller,11439.0,9803
74553,"Secret of Kells, The (2009)",Animation|Fantasy,26963.0,9804
74573,"Vicious Kind, The (2009)",Comedy|Drama,32868.0,9805
74580,"Spy Next Door, The (2010)",Action|Children|Comedy,23172.0,9806
74582,I Hope They Serve Beer in Hell (2009),Comedy,30128.0,9807
74624,Agora (2009),Adventure|Drama|Romance,26428.0,9808
74668,District 13: Ultimatum (Banlieue 13 - Ultimatum) (2009),Action|Sci-Fi,15357.0,9809
74677,"Yes Men Fix the World, The (2009)",Documentary,18489.0,9810
74685,"Crazies, The (2010)",Action|Drama|Horror|Sci-Fi|Thriller,29427.0,9811
74688,Dear John (2010),Drama|Romance|War,22971.0,9812
74696,Last Train Home (2009),Documentary|Drama,45576.0,9813
74698,Tooth Fairy (2010),Comedy|Fantasy,23023.0,9814
74727,Gentlemen of Fortune (Dzhentlmeny udachi) (1972),Comedy|Crime|Drama|Mystery,20871.0,9815
74731,Eden Log (2007),Horror|Mystery|Sci-Fi|Thriller,14235.0,9816
74740,Fermat's Room (La habitación de Fermat) (2007),Mystery|Thriller,5595.0,9817
74750,[REC]² (2009),Horror|Thriller,10664.0,9818
74754,"Room, The (2003)",Comedy|Drama|Romance,17473.0,9819
74787,My Name is Khan (2010),Drama|Romance,26022.0,9820
74789,Alice in Wonderland (2010),Adventure|Fantasy|IMAX,12155.0,9821
74791,"Town Called Panic, A (Panique au village) (2009)",Animation,40623.0,9822
74795,Green Zone (2010),Action|Drama|Thriller|War,22972.0,9823
74827,Ajami (2009),Crime|Drama,24424.0,9824
74851,From Paris with Love (2010),Action|Crime,26389.0,9825
74864,Road Trip: Beer Pong (2009),Comedy,20618.0,9826
74868,Dorian Gray (2009),Drama|Horror|Sci-Fi,23488.0,9827
74916,Greenberg (2010),Comedy|Drama,27583.0,9828
74944,Brooklyn's Finest (2010),Crime|Drama|Thriller,26390.0,9829
74946,She's Out of My League (2010),Comedy,34016.0,9830
74948,Harry Brown (2009),Crime|Drama|Thriller,25941.0,9831
75341,Remember Me (2010),Drama|Romance,23169.0,9832
75351,"Night Stalker, The (1972)",Horror|Thriller,15360.0,9833
75389,"Burrowers, The (2008)",Horror|Thriller|Western,15846.0,9834
75395,Frozen (2010),Drama|Horror|Thriller,44363.0,9835
75425,Survival of the Dead (2009),Horror,29426.0,9836
75805,"Bounty Hunter, The (2010)",Action|Comedy|Romance,27573.0,9837
75813,Leaves of Grass (2009),Comedy|Crime|Drama|Thriller,12834.0,9838
75816,Women in Trouble (2009),Comedy,31723.0,9839
75983,North Face (Nordwand) (2008),Adventure|Drama,16436.0,9840
75985,Repo Men (2010),Action|Sci-Fi|Thriller,31867.0,9841
76030,Case 39 (2009),Horror|Thriller,28355.0,9842
76054,Oceans (Océans) (2009),Documentary|Drama,36970.0,9843
76060,"Slammin' Salmon, The (2009)",Comedy,34423.0,9844
76077,Hot Tub Time Machine (2010),Comedy|Sci-Fi,23048.0,9845
76079,Chloe (2009),Drama|Thriller,28211.0,9846
76091,Mother (Madeo) (2009),Crime|Drama|Mystery|Thriller,30018.0,9847
76093,How to Train Your Dragon (2010),Adventure|Animation|Children|Fantasy|IMAX,10191.0,9848
76108,Tom and Jerry: The Movie (1992),Animation|Children|Comedy,22582.0,9849
76111,About Elly (Darbareye Elly) (2009),Drama|Mystery,37181.0,9850
76119,Extreme Movie (2008),Comedy,15544.0,9851
76127,"You're a Good Man, Charlie Brown (1985)",Animation|Comedy|Musical,51330.0,9852
76130,Universal Soldier: Regeneration (2009),Action|Drama|Sci-Fi|Thriller,28510.0,9853
76147,I Hate Valentine's Day (2009),Comedy|Romance,20825.0,9854
76158,Air Doll (Kûki ningyô) (2009),Drama,25053.0,9855
76173,Micmacs (Micmacs à tire-larigot) (2009),Comedy|Crime,27936.0,9856
76175,Clash of the Titans (2010),Action|Adventure|Drama|Fantasy,18823.0,9857
76208,"Cremator, The (Spalovac mrtvol) (1969)",Comedy|Drama|Horror|Thriller,18352.0,9858
76210,Defendor (2009),Comedy|Crime|Drama,34769.0,9859
76251,Kick-Ass (2010),Action|Comedy,23483.0,9860
76272,Five Minutes of Heaven (2009),Crime|Drama|Thriller,16759.0,9861
76293,Date Night (2010),Action|Comedy|Romance,35056.0,9862
76317,After.Life (2009),Drama|Horror|Thriller,36419.0,9863
76738,Steam of Life (Miesten vuoro) (2010),Documentary,52903.0,9864
76753,"Final, The (2010)",Drama|Horror|Thriller,34583.0,9865
76763,"Runaways, The (2010)",Drama|Musical,27586.0,9866
76772,Carne (1991),Drama|Thriller,1568.0,9867
76860,Razorback (1984),Horror|Thriller,26178.0,9868
76866,Until the Light Takes Us (2008),Documentary,36124.0,9869
77154,Waking Sleeping Beauty (2009),Animation|Documentary,47813.0,9870
77177,Wild China (2008),Documentary,141714.0,9871
77191,Death at a Funeral (2010),Comedy,34803.0,9872
77201,Valhalla Rising (2009),Action|Drama|War,37861.0,9873
77206,Diary of a Wimpy Kid (2010),Children|Comedy,33217.0,9874
77233,"Union: The Business Behind Getting High, The (2007)",Comedy|Documentary,36443.0,9875
77240,I Am Love (Io sono l'amore) (2009),Drama|Romance,41110.0,9876
77264,Ballet Shoes (2007),Children|Drama,20497.0,9877
77266,Disgrace (2008),Drama,12411.0,9878
77293,"Silent Partner, The (1978)",Crime|Drama|Thriller,25338.0,9879
77307,Dogtooth (Kynodontas) (2009),Drama,38810.0,9880
77316,City of Life and Death (Nanjing! Nanjing!) (2009),Drama|War,21345.0,9881
77328,Red Riding: 1974 (2009),Crime|Drama|Mystery|Thriller,61917.0,9882
77330,Red Riding: 1980 (2009),Crime|Drama|Mystery,61919.0,9883
77359,Red Riding: 1983 (2009),Crime|Drama|Mystery,61920.0,9884
77364,"Losers, The (2010)",Action|Adventure|Drama|Mystery|Thriller,34813.0,9885
77414,"Last Song, The (2010)",Drama|Romance,35690.0,9886
77421,Cyrus (2010),Comedy|Drama|Romance,39053.0,9887
77427,"Human Centipede, The (First Sequence) (2009)",Horror,37169.0,9888
77455,Exit Through the Gift Shop (2010),Comedy|Documentary,39452.0,9889
77540,Solomon Kane (2009),Action|Adventure|Fantasy|Horror,32985.0,9890
77561,Iron Man 2 (2010),Action|Adventure|Sci-Fi|Thriller|IMAX,10138.0,9891
77596,Lebanon (2009),Drama|War,32084.0,9892
77629,Reindeerspotting - Pako joulumaasta (2010),Documentary,45615.0,9893
77665,Marmaduke (2010),Comedy,38579.0,9894
77667,MacGruber (2010),Action|Comedy,37931.0,9895
77709,"Sky Crawlers, The (Sukai kurora) (2008)",Adventure|Animation|Drama,15877.0,9896
77731,Vengeance (Fuk sau) (2009),Action|Crime|Thriller,18899.0,9897
77795,Cargo (2009),Sci-Fi,34069.0,9898
77798,"Nightmare on Elm Street, A (2010)",Fantasy|Horror|Thriller,23437.0,9899
77800,Four Lions (2010),Comedy|Drama,37495.0,9900
77810,Diary of a Nymphomaniac (Diario de una Ninfómana) (2008),Drama,19173.0,9901
77820,Furry Vengeance (2010),Children|Comedy,35169.0,9902
77833,Armadillo (2010),Documentary|Drama,37828.0,9903
77837,You Don't Know Jack (2010),Drama,36950.0,9904
77841,St Trinian's 2: The Legend of Fritton's Gold (2009),Adventure|Comedy,37565.0,9905
77843,"Disappearance of Alice Creed, The (2009)",Thriller,38542.0,9906
77846,12 Angry Men (1997),Crime|Drama,12219.0,9907
77854,"Work of Director Michel Gondry, The (2003)",Comedy|Documentary,37106.0,9908
77866,Robin Hood (2010),Action|Adventure|Drama|Romance|War,20662.0,9909
78003,"Dirty Carnival, A (Biyeolhan geori) (2006)",Action|Crime|Thriller,23538.0,9910
78032,Dread (2009),Horror,26587.0,9911
78034,Cemetery Junction (2010),Comedy|Drama|Romance,36801.0,9912
78039,Blue Valentine (2010),Drama|Romance,46705.0,9913
78041,Killers (2010),Action|Comedy,37821.0,9914
78088,Buried (2010),Mystery|Thriller,26388.0,9915
78105,Prince of Persia: The Sands of Time (2010),Action|Adventure|Fantasy|Romance|IMAX,9543.0,9916
78116,Please Give (2010),Comedy|Drama,40247.0,9917
78122,Peter & the Wolf (2006),Animation|Musical,14518.0,9918
78128,True Legend (Su Qi-Er) (2010),Action|Drama,37034.0,9919
78174,Sex and the City 2 (2010),Comedy|Drama|Romance,37786.0,9920
78207,Brief Interviews with Hideous Men (2009),Comedy|Drama,29151.0,9921
78209,Get Him to the Greek (2010),Comedy,32823.0,9922
78218,Unthinkable (2010),Drama|Thriller,38199.0,9923
78264,"Back-up Plan, The (2010)",Comedy|Romance,34806.0,9924
78266,Splice (2009),Horror|Sci-Fi|Thriller,37707.0,9925
78313,Adulthood (2008),Drama,13058.0,9926
78316,Letters to Juliet (2010),Drama|Romance,37056.0,9927
78332,"Beautiful Person, The (La belle personne) (2008)",Drama|Romance,38846.0,9928
78335,"Mermaid, The (Rusalka) (2007)",Comedy|Drama|Fantasy,73576.0,9929
78344,"Song of Sparrows, The (Avaze gonjeshk-ha) (2008)",Drama,54254.0,9930
78349,Exam (2009),Mystery|Thriller,29917.0,9931
78467,Jonah Hex (2010),Action|Drama|Thriller|Western,20533.0,9932
78469,"A-Team, The (2010)",Action|Comedy|Thriller,34544.0,9933
78499,Toy Story 3 (2010),Adventure|Animation|Children|Comedy|Fantasy|IMAX,10193.0,9934
78517,Joan Rivers: A Piece of Work (2010),Documentary,41397.0,9935
78574,Winter's Bone (2010),Drama|Thriller,39013.0,9936
78633,Casino Jack and the United States of Money (2010),Documentary,44999.0,9937
78637,Shrek Forever After (a.k.a. Shrek: The Final Chapter) (2010),Adventure|Animation|Children|Comedy|Fantasy|IMAX,10192.0,9938
78679,"Killer Inside Me, The (2010)",Crime|Drama|Thriller|Western,37414.0,9939
78703,TiMER (2009),Comedy|Drama|Fantasy|Romance,39545.0,9940
78729,24: Redemption (2008),Action|Adventure|Crime|Drama|Thriller,13989.0,9941
78746,Best Worst Movie (2009),Documentary,40819.0,9942
78759,"Special Relationship, The (2010)",Drama,45371.0,9943
78772,"Twilight Saga: Eclipse, The (2010)",Fantasy|Romance|Thriller|IMAX,24021.0,9944
78774,Solitary Man (2009),Comedy|Drama,36691.0,9945
78836,Enter the Void (2009),Drama,34647.0,9946
78893,"Last Airbender, The (2010)",Action|Adventure|Fantasy,10196.0,9947
78967,"Island of Dr. Moreau, The (1977)",Adventure|Fantasy|Horror|Romance|Sci-Fi|Thriller,26932.0,9948
79006,Empire of Dreams: The Story of the 'Star Wars' Trilogy (2004),Documentary,76180.0,9949
79029,Kurt Cobain About a Son (2006),Documentary|Musical,25630.0,9950
79057,Predators (2010),Action|Sci-Fi|Thriller,34851.0,9951
79073,When You're Strange (2009),Documentary,37659.0,9952
79091,Despicable Me (2010),Animation|Children|Comedy|Crime,20352.0,9953
79132,Inception (2010),Action|Crime|Drama|Mystery|Sci-Fi|Thriller|IMAX,27205.0,9954
79134,Grown Ups (2010),Comedy,38365.0,9955
79139,"Sorcerer's Apprentice, The (2010)",Action|Adventure|Children|Comedy|Fantasy,27022.0,9956
79185,Knight and Day (2010),Action|Comedy|Romance,37834.0,9957
79224,"Karate Kid, The (2010)",Action|Children|Drama,38575.0,9958
79226,"Good Guy, The (2009)",Comedy|Romance,39037.0,9959
79230,"Yellow Handkerchief, The (2008)",Drama|Romance,22556.0,9960
79242,"Kids Are All Right, The (2010)",Comedy|Drama,39781.0,9961
79251,"Serbian Film, A (Srpski film) (2010)",Horror|Thriller,73861.0,9962
79287,"Wizard of Oz, The (1925)",Adventure|Children|Comedy|Fantasy,47508.0,9963
79293,Salt (2010),Action|Thriller,27576.0,9964
79299,"No. 1 Ladies' Detective Agency, The (2008)",Comedy|Crime|Mystery,,9965
79318,Winnebago Man (2009),Comedy|Documentary,42918.0,9966
79333,Watch Out for the Automobile (Beregis avtomobilya) (1966),Comedy|Crime|Romance,39768.0,9967
79357,Mr. Nobody (2009),Drama|Fantasy|Romance|Sci-Fi,31011.0,9968
79428,Dinner for Schmucks (2010),Comedy,38778.0,9969
79463,Nanny McPhee Returns (a.k.a. Nanny McPhee and the Big Bang) (2010),Children|Comedy|Fantasy,35019.0,9970
79533,"Bugs Bunny / Road Runner Movie, The (a.k.a. The Great American Chase) (1979)",Animation|Children|Comedy,20007.0,9971
79541,Little Nicholas (Le petit Nicolas) (2009),Comedy|Drama,31203.0,9972
79553,Ip Man 2 (2010),Action,37472.0,9973
79572,Ramona and Beezus (2010),Children|Comedy,38843.0,9974
79588,Charlie St. Cloud (2010),Drama|Fantasy|Romance,37950.0,9975
79590,"Rebound, The (2009)",Comedy|Romance,24122.0,9976
79592,"Other Guys, The (2010)",Action|Comedy,27581.0,9977
79599,Operation Endgame (2010),Action|Comedy|Drama,41135.0,9978
79684,Paper Man (2009),Comedy|Drama,39414.0,9979
79695,"Expendables, The (2010)",Action|Adventure|Thriller,27578.0,9980
79702,Scott Pilgrim vs. the World (2010),Action|Comedy|Fantasy|Musical|Romance,22538.0,9981
79720,Animal Kingdom (2010),Crime|Drama,44629.0,9982
79760,Facing Ali (2009),Documentary,30966.0,9983
79796,Centurion (2010),Action|Adventure|Drama|Thriller|War,23759.0,9984
79798,I Killed My Mother (J'ai tué ma mère) (2009),Drama,26280.0,9985
79800,Life During Wartime (2009),Comedy|Drama,39800.0,9986
79824,Babies (Bébé(s)) (2010),Documentary,44737.0,9987
79860,"Experiment, The (2010)",Drama|Thriller,43549.0,9988
79863,Black Water (2007),Adventure|Drama|Horror|Thriller,14138.0,9989
79868,Heartless (2009),Fantasy|Horror|Mystery|Thriller,38150.0,9990
79879,Piranha (Piranha 3D) (2010),Action|Horror|Thriller,43593.0,9991
79895,"Extraordinary Adventures of Adèle Blanc-Sec, The (2010)",Action|Adventure|Fantasy|Mystery,35552.0,9992
79897,Get Low (2009),Comedy|Drama|Mystery,44718.0,9993
79910,According to Greta (2009),Drama|Romance,26035.0,9994
79927,Terribly Happy (Frygtelig lykkelig) (2008),Crime|Drama|Film-Noir|Thriller,15952.0,9995
79946,"Joneses, The (2009)",Comedy|Drama,41479.0,9996
79987,Gainsbourg (Vie Héroïque) (2010),Drama|Musical|Romance,31900.0,9997
80026,Tekken (2010),Action|Sci-Fi,42194.0,9998
80083,Dragon Ball Z: Dead Zone (Doragon bôru Z 1: Ora no Gohan wo kaese) (1989),Action|Adventure|Animation|Fantasy|Sci-Fi,28609.0,9999
80094,"Last Exorcism, The (2010)",Horror|Thriller,38358.0,10000
80126,"American, The (2010)",Drama|Thriller,27579.0,10001
80162,"Horde, The (La Horde) (2009)",Action|Horror|Thriller,37905.0,10002
80166,"Switch, The (2010)",Comedy|Romance,41210.0,10003
80181,Elephants Dream (2006),Animation|Fantasy|Sci-Fi,9761.0,10004
80185,GasLand (2010),Documentary,40663.0,10005
80191,Fear and Desire (1953),Drama|War,10165.0,10006
80219,Machete (2010),Action|Adventure|Comedy|Crime|Thriller,23631.0,10007
80222,Step Up 3D (2010),Drama|Romance,41233.0,10008
80241,Going the Distance (2010),Comedy|Romance,38073.0,10009
80350,Vampires Suck (2010),Comedy,40264.0,10010
80363,Resident Evil: Afterlife (2010),Action|Horror|Sci-Fi|Thriller|IMAX,35791.0,10011
80398,22 Bullets (L'immortel) (2010),Action|Crime|Thriller,37645.0,10012
80463,"Social Network, The (2010)",Drama,37799.0,10013
80489,"Town, The (2010)",Crime|Drama|Thriller,23168.0,10014
80549,Easy A (2010),Comedy|Romance,37735.0,10015
80551,Eat Pray Love (2010),Drama|Romance,38167.0,10016
80553,Howl (2010),Drama,38568.0,10017
80572,I'm Still Here (2010),Comedy|Drama,43939.0,10018
80584,"Patrik Age 1.5 (Patrik 1,5) (2008)",Comedy|Drama|Romance,15179.0,10019
80586,Flipped (2010),Comedy|Drama|Romance,43949.0,10020
80588,IMAX: Hubble 3D (2010),Documentary|IMAX,44992.0,10021
80590,Wall Street: Money Never Sleeps (2010),Drama,33909.0,10022
80615,Legend of the Guardians: The Owls of Ga'Hoole (2010),Adventure|Animation|Fantasy|IMAX,41216.0,10023
80617,Cats & Dogs: The Revenge of Kitty Galore (2010),Action|Children|Comedy,39691.0,10024
80648,Lone Wolf and Cub: Baby Cart in the Land of Demons (Kozure Ôkami: Meifumadô) (1973),Action|Drama|Thriller,41482.0,10025
80693,It's Kind of a Funny Story (2010),Comedy|Drama,43923.0,10026
80727,Middle Men (2009),Comedy|Crime|Drama,38842.0,10027
80729,(Untitled) (2009),Comedy|Drama,45261.0,10028
80748,Alice in Wonderland (1933),Adventure|Children|Fantasy,25694.0,10029
80775,Tamara Drewe (2010),Comedy|Drama|Romance,38961.0,10030
80831,Let Me In (2010),Drama|Horror|Mystery,41402.0,10031
80834,Sintel (2010),Animation|Fantasy,45745.0,10032
80839,Secretariat (2010),Adventure|Drama,39486.0,10033
80844,Lake Mungo (2008),Drama|Mystery|Thriller,27374.0,10034
80846,Devil (2010),Horror|Mystery|Thriller,44040.0,10035
80858,You Again (2010),Comedy,38303.0,10036
80860,Life as We Know It (2010),Comedy|Romance,38408.0,10037
80862,Catfish (2010),Documentary|Mystery,42296.0,10038
80864,You Will Meet a Tall Dark Stranger (2010),Comedy|Romance,38031.0,10039
80880,Stone (2010),Drama|Thriller,44113.0,10040
80906,Inside Job (2010),Documentary,44639.0,10041
80917,Monsters (2010),Drama|Sci-Fi,43933.0,10042
80928,David Cross: Bigger & Blackerer (2010),Comedy|Documentary,41994.0,10043
80939,Conviction (2010),Drama,45094.0,10044
80969,Never Let Me Go (2010),Drama|Romance|Sci-Fi,42188.0,10045
81018,"Illusionist, The (L'illusionniste) (2010)",Animation,41201.0,10046
81020,"Hedgehog, The (Le hérisson) (2009)",Comedy|Drama,19597.0,10047
81083,Kaboom (2010),Comedy|Sci-Fi,46837.0,10048
81132,Rubber (2010),Action|Adventure|Comedy|Crime|Drama|Film-Noir|Horror|Mystery|Thriller|Western,45649.0,10049
81140,6 Souls (Shelter) (2010),Horror|Mystery|Thriller,41505.0,10050
81156,Jackass 3D (2010),Action|Comedy|Documentary,16290.0,10051
81158,Restrepo (2010),Documentary|War,39312.0,10052
81164,"Hole, The (2009)",Horror|Thriller,45650.0,10053
81180,30 Days of Night: Dark Days (2010),Horror|Thriller,42941.0,10054
81191,Waiting for 'Superman' (2010),Documentary,39440.0,10055
81229,Red (2010),Action|Comedy,39514.0,10056
81257,In a Better World (Hævnen) (2010),Drama,44716.0,10057
81270,My Soul to Take (2010),Horror|Thriller,43931.0,10058
81383,Heartbreaker (L'Arnacoeur) (2010),Comedy|Romance,41211.0,10059
81385,Of Gods and Men (Des hommes et des dieux) (2010),Drama,46332.0,10060
81403,"Gendarme Gets Married, The (Le gendarme se marie) (1968)",Comedy,4729.0,10061
81417,Paranormal Activity 2 (2010),Horror|IMAX,41436.0,10062
81456,Heartbeats (Les amours imaginaires) (2010),Drama|Romance,51241.0,10063
81512,Hereafter (2010),Drama|Fantasy,44603.0,10064
81516,Black Death (2010),Adventure|Drama|Horror|Mystery,41215.0,10065
81520,Undisputed III: Redemption (2010),Action|Crime|Drama,38234.0,10066
81535,Saw VII 3D - The Final Chapter (2010),Horror|Mystery|Thriller,41439.0,10067
81537,Due Date (2010),Comedy,41733.0,10068
81562,127 Hours (2010),Adventure|Drama|Thriller,44115.0,10069
81564,Megamind (2010),Action|Animation|Children|Comedy|Sci-Fi|IMAX,38055.0,10070
81568,"Fuehrer's Face, Der (1942)",Animation|War,33600.0,10071
81591,Black Swan (2010),Drama|Thriller,44214.0,10072
81639,Jack Goes Boating (2010),Comedy|Romance,43943.0,10073
81641,Fair Game (2010),Drama|Thriller,38363.0,10074
81665,Deep End (1970),Comedy|Drama|Romance,59408.0,10075
81711,Scared Shrekless (2010),Adventure|Animation|Comedy,48466.0,10076
81725,How I Ended This Summer (Kak ya provyol etim letom) (2010),Drama,38325.0,10077
81751,Uncle Boonmee Who Can Recall His Past Lives (Loong Boonmee raleuk chat) (2010),Drama|Fantasy,38368.0,10078
81782,Unstoppable (2010),Action|Drama|Thriller,44048.0,10079
81784,Morning Glory (2010),Comedy|Drama|Romance,38357.0,10080
81786,Certified Copy (Copie conforme) (2010),Drama,48303.0,10081
81788,"Next Three Days, The (2010)",Crime|Drama|Romance|Thriller,43539.0,10082
81791,Somewhere (2010),Drama,39210.0,10083
81804,Wild Target (2010),Comedy|Drama|Romance|Thriller,44147.0,10084
81817,Carlos (2010),Crime|Drama|Thriller,43434.0,10085
81819,Biutiful (2010),Drama,45958.0,10086
81834,Harry Potter and the Deathly Hallows: Part 1 (2010),Action|Adventure|Fantasy|IMAX,12444.0,10087
81845,"King's Speech, The (2010)",Drama,45269.0,10088
81847,Tangled (2010),Animation|Children|Comedy|Fantasy|Musical|Romance|IMAX,38757.0,10089
81910,"Art of the Steal, The (2009)",Documentary,41999.0,10090
81932,"Fighter, The (2010)",Drama,45317.0,10091
81949,"Romantics, The (2010)",Comedy|Drama|Romance,41556.0,10092
81981,"Toy, The (Le jouet) (1976)",Comedy,56648.0,10093
82022,"Reef, The (2010)",Drama|Horror|Thriller,49787.0,10094
82037,"Tillman Story, The (2010)",Documentary,43924.0,10095
82041,"Loved Ones, The (2009)",Horror,46420.0,10096
82053,Casino Jack (2010),Comedy|Crime,45324.0,10097
82059,Farewell (L'affaire Farewell) (2009),Thriller,33996.0,10098
82093,London Boulevard (2010),Crime|Romance,48838.0,10099
82095,Skyline (2010),Sci-Fi|Thriller,42684.0,10100
82143,Alone in the Wilderness (2004),Documentary,14463.0,10101
82150,Bunny and the Bull (2009),Adventure|Comedy|Drama,35395.0,10102
82152,Beastly (2011),Drama|Fantasy|Romance,38117.0,10103
82167,Love and Other Drugs (2010),Comedy|Drama|Romance,43347.0,10104
82169,"Chronicles of Narnia: The Voyage of the Dawn Treader, The (2010)",Adventure|Children|Fantasy,10140.0,10105
82173,Tiny Furniture (2010),Comedy,47607.0,10106
82202,"Tourist, The (2010)",Drama|Thriller,37710.0,10107
82242,Rare Exports: A Christmas Tale (Rare Exports) (2010),Action|Comedy,48395.0,10108
82244,13 (2010),Thriller,44982.0,10109
82366,Hatchet II (2010),Comedy|Horror|Thriller,43919.0,10110
82378,All Good Things (2010),Drama|Mystery|Thriller,46503.0,10111
82447,"Tomorrow, When the War Began (2010)",Action|Adventure|Drama,43930.0,10112
82459,True Grit (2010),Western,44264.0,10113
82461,Tron: Legacy (2010),Action|Adventure|Sci-Fi|IMAX,20526.0,10114
82463,Another Year (2010),Drama,44009.0,10115
82499,How Do You Know (2010),Comedy|Drama|Romance,42888.0,10116
82527,Barney's Version (2010),Drama,46829.0,10117
82534,"Company Men, The (2010)",Drama,44129.0,10118
82589,Mother and Child (2009),Drama|Romance,37080.0,10119
82633,"Kuroneko (Black Cat from the Grove, The) (Yabu no naka no kuroneko) (1968)",Drama|Fantasy|Horror|Romance,40149.0,10120
82667,I Saw the Devil (Akmareul boatda) (2010),Crime|Thriller,49797.0,10121
82684,Trash Humpers (2009),Drama,46788.0,10122
82744,Faster (2010),Action|Crime|Drama,41283.0,10123
82765,Little Big Soldier (Da bing xiao jiang) (2010),Action|Adventure|Comedy|Drama|War,35138.0,10124
82767,Rabbit Hole (2010),Drama,27585.0,10125
82848,One Week (1920),Comedy,23282.0,10126
82852,Little Fockers (2010),Comedy,39451.0,10127
82854,Gulliver's Travels (2010),Adventure|Comedy|Fantasy,38745.0,10128
82926,Klown: The Movie (Klovn) (2010),Comedy,48748.0,10129
82931,"Last Circus, The (Balada triste de trompeta) (Sad Trumpet Ballad, A) (2010)",Comedy|Drama|War,56812.0,10130
82934,"Most Dangerous Man in America: Daniel Ellsberg and the Pentagon Papers, The (2009)",Documentary,34576.0,10131
83059,White Material (2009),Drama|Mystery|Thriller|War,46207.0,10132
83067,And Soon the Darkness (2010),Horror|Thriller,33107.0,10133
83082,Mao's Last Dancer (2009),Drama,33870.0,10134
83086,Burlesque (2010),Drama|Musical|Romance,42297.0,10135
83132,"Secret World of Arrietty, The (Kari-gurashi no Arietti) (2010)",Animation|Children|Fantasy,51739.0,10136
83134,Tucker & Dale vs Evil (2010),Comedy|Horror,46838.0,10137
83177,Yogi Bear (2010),Children|Comedy,41515.0,10138
83219,"Pixar Story, The (2007)",Documentary,15302.0,10139
83264,Band Baaja Baaraat (2010),Comedy|Drama|Musical,52696.0,10140
83270,Made in Dagenham (2010),Comedy|Drama,46138.0,10141
83293,Waste Land (2010),Documentary,46689.0,10142
83302,Last Night (2010),Drama|Romance,23830.0,10143
83318,"Goat, The (1921)",Comedy,51360.0,10144
83332,Who Is Harry Nilsson (And Why Is Everybody Talkin' About Him?) (2010),Documentary,53079.0,10145
83349,"Green Hornet, The (2011)",Action|Comedy|Crime|Fantasy|Thriller|IMAX,40805.0,10146
83359,"Play House, The (1921)",Comedy,51362.0,10147
83369,"Way Back, The (2010)",Drama,49009.0,10148
83374,"Warrior's Way, The (2010)",Action|Fantasy|Western,46528.0,10149
83411,Cops (1922),Comedy,38742.0,10150
83424,Ghajini (2008),Action|Romance|Thriller,14070.0,10151
83450,Brest Fortress (Brestskaya krepost) (2010),Action|Drama|War,50618.0,10152
83478,Ong-Bak 3: The Final Battle (Ong Bak 3) (2010),Action,43209.0,10153
83480,Season of the Witch (2011),Adventure|Drama|Fantasy,23047.0,10154
83525,Outrage (Autoreiji) (2010),Crime|Drama,45284.0,10155
83613,Cowboys & Aliens (2011),Action|Sci-Fi|Thriller|Western|IMAX,49849.0,10156
83796,Anything for Her (Pour elle) (2008),Crime|Drama|Thriller,14556.0,10157
83798,Cracks (2009),Drama|Romance|Thriller,35052.0,10158
83803,Day & Night (2010),Animation|Children,40619.0,10159
83827,Marwencol (2010),Documentary,52013.0,10160
83910,"Dilemma, The (2011)",Comedy|Drama,44564.0,10161
83976,"Trip, The (2010)",Comedy|Drama,63578.0,10162
84116,Poetry (Shi) (2010),Drama,47909.0,10163
84137,"Housemaid, The (Hanyo) (2010)",Thriller,45202.0,10164
84152,Limitless (2011),Sci-Fi|Thriller,51876.0,10165
84156,Happy People: A Year in the Taiga (2010),Documentary,89704.0,10166
84187,Evangelion: 2.0 You Can (Not) Advance (Evangerion shin gekijôban: Ha) (2009),Action|Animation|Drama|Sci-Fi,22843.0,10167
84189,I Spit on Your Grave (2010),Crime|Horror|Thriller,43947.0,10168
84234,Simple Simon (I rymden finns inga känslor) (2010),Comedy|Drama,55165.0,10169
84242,Welcome to the Rileys (2010),Drama,31007.0,10170
84273,Zeitgeist: Moving Forward (2011),Documentary,54293.0,10171
84312,Home Alone 4 (2002),Children|Comedy|Crime,12536.0,10172
84374,No Strings Attached (2011),Comedy|Romance,41630.0,10173
84392,"Lincoln Lawyer, The (2011)",Crime|Drama|Thriller,50348.0,10174
84395,"Rite, The (2011)",Drama|Horror|Thriller,48171.0,10175
84407,Dog Pound (2010),Drama,43920.0,10176
84557,From Prada to Nada (2011),Comedy|Romance,50217.0,10177
84570,Country Strong (2010),Drama|Musical|Romance,45272.0,10178
84601,Unknown (2011),Drama|Mystery|Thriller,48138.0,10179
84613,Sanctum (2011),Action|Adventure|Drama|Thriller|IMAX,48340.0,10180
84615,Cedar Rapids (2011),Comedy,52067.0,10181
84621,Mirrors 2 (2010),Horror|Mystery|Thriller,46441.0,10182
84637,Gnomeo & Juliet (2011),Adventure|Animation|Children|Comedy|Fantasy|Romance,45772.0,10183
84663,Elizabeth I (2005),Drama,11788.0,10184
84696,Burke and Hare (2010),Comedy|Thriller,50204.0,10185
84732,Vanishing on 7th Street (2010),Horror|Mystery|Thriller,43552.0,10186
84770,Client 9: The Rise and Fall of Eliot Spitzer (2010),Documentary,45274.0,10187
84772,Paul (2011),Adventure|Comedy|Sci-Fi,39513.0,10188
84775,Submarino (2010),Drama,46789.0,10189
84844,Brother 2 (Brat 2) (2000),Crime|Drama,20993.0,10190
84855,Desert Flower (2009),Drama,33997.0,10191
84880,"Infidel, The (2010)",Comedy,42171.0,10192
84942,Drive Angry (2011),Action|Fantasy|Thriller,47327.0,10193
84944,Rango (2011),Action|Adventure|Animation|Children|Comedy|Western,44896.0,10194
84950,Take Me Home Tonight (2011),Comedy|Drama,50725.0,10195
84952,Confessions (Kokuhaku) (2010),Drama|Horror,54186.0,10196
84954,"Adjustment Bureau, The (2011)",Romance|Sci-Fi|Thriller,38050.0,10197
84957,"Tempest, The (2010)",Comedy|Drama|Fantasy|Romance,113885.0,10198
85007,Happythankyoumoreplease (2010),Comedy|Drama,47218.0,10199
85016,Cropsey (2009),Documentary|Horror,56811.0,10200
85020,"Mechanic, The (2011)",Action|Drama|Thriller,27582.0,10201
85022,Hall Pass (2011),Comedy,48988.0,10202
85025,"Eagle, The (2011)",Adventure|Drama,49494.0,10203
85056,I Am Number Four (2011),Action|Sci-Fi|Thriller|IMAX,46529.0,10204
85072,"Wild and Wonderful Whites of West Virginia, The (2009)",Documentary,49637.0,10205
85131,Battle: Los Angeles (2011),Action|Sci-Fi|War,44943.0,10206
85179,Summer Wars (Samâ wôzu) (2009),Adventure|Animation|Comedy|Sci-Fi,28874.0,10207
85211,Norwegian Wood (Noruwei no mori) (2010),Drama|Romance,57703.0,10208
85213,"Sunset Limited, The (2011)",Drama,56831.0,10209
85259,Winnie the Pooh and the Honey Tree (1966),Animation|Children,36540.0,10210
85261,Mars Needs Moms (2011),Action|Adventure|Animation|Children|Comedy|Sci-Fi|IMAX,50321.0,10211
85268,Scooby-Doo! The Mystery Begins (2009),Comedy|Fantasy|Mystery,22620.0,10212
85295,Scooby-Doo! Curse of the Lake Monster (2010),Adventure|Children|Comedy|Mystery,47533.0,10213
85312,"House of Small Cubes, The (Tsumiki no ie) (2008)",Animation|Drama,20722.0,10214
85316,Winnie the Pooh and Tigger Too (1974),Animation|Children,72185.0,10215
85342,Elite Squad: The Enemy Within (Tropa de Elite 2 - O Inimigo Agora É Outro) (2010),Action|Crime|Drama,47931.0,10216
85354,Mesrine: Public Enemy #1 (L'ennemi public n°1) (2008),Action|Crime,15362.0,10217
85367,Just Go with It (2011),Comedy|Romance,50546.0,10218
85372,Potiche (2010),Comedy,51447.0,10219
85394,Cave of Forgotten Dreams (2010),Documentary,59490.0,10220
85397,Red Riding Hood (2011),Fantasy|Horror|Mystery|Thriller,49730.0,10221
85399,"Big Mommas: Like Father, Like Son (2011)",Comedy,38322.0,10222
85401,Super (2010),Action|Comedy|Drama,45132.0,10223
85412,"Troll Hunter, The (Trolljegeren) (2010)",Fantasy|Horror,46146.0,10224
85414,Source Code (2011),Action|Drama|Mystery|Sci-Fi|Thriller,45612.0,10225
85438,Jane Eyre (2011),Drama|Romance,38684.0,10226
85510,Sucker Punch (2011),Action|Fantasy|Thriller|IMAX,23629.0,10227
85540,Essential Killing (2010),Thriller|War,48243.0,10228
85565,Chalet Girl (2011),Comedy|Romance,58232.0,10229
85763,Beneath Hill 60 (2010),Drama|War,43418.0,10230
85774,Senna (2010),Documentary,58496.0,10231
85777,Death Note 2: The Last Name (2006),Adventure|Crime|Drama,16140.0,10232
85788,Insidious (2010),Fantasy|Horror|Thriller,49018.0,10233
85790,Meek's Cutoff (2010),Western,57120.0,10234
85796,Hobo with a Shotgun (2011),Action|Adventure|Crime|Thriller,49010.0,10235
85874,L: Change the World (2008),Crime|Drama|Horror|Thriller,20329.0,10236
85881,Win Win (2011),Comedy|Drama,55725.0,10237
85885,Room in Rome (Habitación en Roma) (2010),Drama|Romance,48650.0,10238
86000,Boy (2010),Comedy|Drama,39356.0,10239
86014,Diary of a Wimpy Kid: Rodrick Rules (2011),Comedy,60307.0,10240
86028,Henry's Crime (2010),Comedy|Crime,53172.0,10241
86059,Hop (2011),Animation|Children|Comedy,50359.0,10242
86142,13 Assassins (Jûsan-nin no shikaku) (2010),Action,58857.0,10243
86190,Hanna (2011),Action|Adventure|Mystery|Thriller,50456.0,10244
86233,New Kids Turbo (2010),Action|Comedy,46523.0,10245
86244,Easy Money (Snabba Cash) (2010),Action|Thriller,29920.0,10246
86279,Into Eternity (2010),Documentary,54527.0,10247
86290,American: The Bill Hicks Story (2009),Comedy|Documentary,46105.0,10248
86293,Arthur (2011),Comedy,49012.0,10249
86295,Scream 4 (2011),Comedy|Horror|Mystery|Thriller,41446.0,10250
86298,Rio (2011),Adventure|Animation|Children|Comedy,46195.0,10251
86320,Melancholia (2011),Drama|Sci-Fi,62215.0,10252
86332,Thor (2011),Action|Adventure|Drama|Fantasy|IMAX,10195.0,10253
86345,Louis C.K.: Hilarious (2010),Comedy,45523.0,10254
86347,Louis C.K.: Chewed Up (2008),Comedy,30969.0,10255
86355,Atlas Shrugged: Part 1 (2011),Drama|Mystery|Sci-Fi,56780.0,10256
86377,Louis C.K.: Shameless (2007),Comedy,24447.0,10257
86410,"Resident, The (2011)",Drama|Horror|Thriller,50671.0,10258
86412,That's What I Am (2011),Children|Comedy,57118.0,10259
86487,Mildred Pierce (2011),Drama,202241.0,10260
86548,Water for Elephants (2011),Drama|Romance,55787.0,10261
86574,Foo Fighters: Back and Forth (2011),Documentary|Musical,61488.0,10262
86628,Kill the Irishman (2011),Action|Crime,51209.0,10263
86642,Cold Weather (2010),Drama,55934.0,10264
86644,"Fast Five (Fast and the Furious 5, The) (2011)",Action|Crime|Drama|Thriller|IMAX,51497.0,10265
86668,Louis Theroux: Law & Disorder (2008),Documentary,241620.0,10266
86723,"Parking Lot Movie, The (2010)",Documentary,56113.0,10267
86781,Incendies (2010),Drama|Mystery|War,46738.0,10268
86815,Soul Surfer (2011),Action|Drama,43959.0,10269
86817,Something Borrowed (2011),Comedy|Drama|Romance,49022.0,10270
86833,Bridesmaids (2011),Comedy,55721.0,10271
86835,Priest (2011),Action|Horror|Sci-Fi|Thriller,38321.0,10272
86852,"Beaver, The (2011)",Drama,50780.0,10273
86880,Pirates of the Caribbean: On Stranger Tides (2011),Action|Adventure|Fantasy|IMAX,1865.0,10274
86882,Midnight in Paris (2011),Comedy|Fantasy|Romance,59436.0,10275
86884,"Kid With a Bike, The (Le gamin au vélo) (2011)",Drama,63831.0,10276
86892,The Man from Nowhere (2010),Action|Crime|Thriller,51608.0,10277
86898,"Tree of Life, The (2011)",Drama,8967.0,10278
86911,"Hangover Part II, The (2011)",Comedy,45243.0,10279
86922,Nothing to Declare (Rien à déclarer) (2010),Comedy,52077.0,10280
87004,Pina (2011),Documentary|Musical,57276.0,10281
87028,"Roommate, The (2011)",Drama|Thriller,49950.0,10282
87079,Trust (2010),Drama|Thriller,44945.0,10283
87105,Open Season 3 (2010),Animation|Children|Comedy,51170.0,10284
87192,Attack the Block (2011),Action|Comedy|Sci-Fi,59678.0,10285
87194,The Way (2010),Adventure|Comedy|Drama,59468.0,10286
87197,Let the Bullets Fly (2010),Action|Comedy,51533.0,10287
87205,"Tunnel, The (2011)",Drama|Horror|Thriller,46221.0,10288
87222,Kung Fu Panda 2 (2011),Action|Adventure|Animation|Children|Comedy|IMAX,49444.0,10289
87232,X-Men: First Class (2011),Action|Adventure|Sci-Fi|Thriller|War,49538.0,10290
87234,Submarine (2010),Comedy|Drama|Romance,49020.0,10291
87270,"Other Woman, The (2009)",Drama,52505.0,10292
87298,Everything Must Go (2010),Comedy|Drama,45658.0,10293
87304,Beginners (2010),Drama,55347.0,10294
87306,Super 8 (2011),Mystery|Sci-Fi|Thriller|IMAX,37686.0,10295
87430,Green Lantern (2011),Action|Adventure|Sci-Fi,44912.0,10296
87483,Mr. Popper's Penguins (2011),Comedy,58224.0,10297
87485,Bad Teacher (2011),Comedy,52449.0,10298
87520,Transformers: Dark of the Moon (2011),Action|Adventure|Sci-Fi|War|IMAX,38356.0,10299
87522,Larry Crowne (2011),Comedy|Drama|Romance,59861.0,10300
87529,Your Highness (2011),Action|Adventure|Comedy|Fantasy,38319.0,10301
87660,Too Big to Fail (2011),Drama,65034.0,10302
87785,Takers (2010),Action|Crime|Thriller,22907.0,10303
87867,Zookeeper (2011),Comedy,38317.0,10304
87869,Horrible Bosses (2011),Comedy|Crime,51540.0,10305
87876,Cars 2 (2011),Adventure|Animation|Children|Comedy|IMAX,49013.0,10306
87930,Page One: Inside the New York Times (2011),Documentary,63144.0,10307
88022,Hot Coffee (2011),Documentary,68200.0,10308
88069,Delhi Belly (2011),Comedy|Crime,67109.0,10309
88108,Monte Carlo (2011),Adventure|Comedy|Romance,59860.0,10310
88118,"Perfect Host, The (2010)",Crime|Drama|Thriller,66195.0,10311
88125,Harry Potter and the Deathly Hallows: Part 2 (2011),Action|Adventure|Drama|Fantasy|Mystery|IMAX,12445.0,10312
88127,Conan O'Brien Can't Stop (2011),Documentary,65058.0,10313
88129,Drive (2011),Crime|Drama|Film-Noir|Thriller,64690.0,10314
88140,Captain America: The First Avenger (2011),Action|Adventure|Sci-Fi|Thriller|War,1771.0,10315
88163,"Crazy, Stupid, Love. (2011)",Comedy|Drama|Romance,50646.0,10316
88179,One Day (2011),Drama|Romance,51828.0,10317
88235,"Guard, The (2011)",Comedy|Crime,67913.0,10318
88237,Griff the Invisible (2011),Comedy|Drama|Romance,66942.0,10319
88248,Quarantine 2: Terminal (2011),Horror|Mystery|Sci-Fi,59115.0,10320
88267,Winnie the Pooh (2011),Animation|Children|Comedy,51162.0,10321
88272,"Woman, The (2011)",Horror,65599.0,10322
88356,"Smurfs, The (2011)",Animation|Children|Comedy,41513.0,10323
88380,Dylan Dog: Dead of Night (2010),Comedy|Horror|Mystery|Thriller,43935.0,10324
88405,Friends with Benefits (2011),Comedy|Romance,50544.0,10325
88468,Alpha and Omega (2010),Adventure|Animation|Children|Comedy|Romance,12819.0,10326
88495,Legend of the Fist: The Return of Chen Zhen (Jing wu feng yun: Chen Zhen) (2010),Action|Drama,47854.0,10327
88593,"Yellow Sea, The (a.k.a. The Murderer) (Hwanghae) (2010)",Crime|Drama|Thriller,57361.0,10328
88672,Our Idiot Brother (2011),Comedy,59968.0,10329
88706,Cyberbully (2011),Drama,70821.0,10330
88744,Rise of the Planet of the Apes (2011),Action|Drama|Sci-Fi|Thriller,61791.0,10331
88746,Terri (2011),Comedy,51993.0,10332
88785,"Change-Up, The (2011)",Comedy,49520.0,10333
88810,"Help, The (2011)",Drama,50014.0,10334
88812,30 Minutes or Less (2011),Action|Comedy|Crime,62206.0,10335
88835,Glee: The 3D Concert Movie (2011),Documentary|Musical,67675.0,10336
88837,"Trotsky, The (2009)",Comedy,46584.0,10337
88879,Gantz (2011),Action|Horror|Sci-Fi,56832.0,10338
88911,My Afternoons with Margueritte (La tête en friche) (2010),Comedy,39413.0,10339
88932,Final Destination 5 (2011),Horror|Thriller|IMAX,55779.0,10340
88950,"Conspirator, The (2010)",Drama,60309.0,10341
88954,"Very Harold & Kumar 3D Christmas, A (2011)",Comedy,55465.0,10342
89000,Carancho (2010),Crime|Drama|Romance,47261.0,10343
89002,Spy Kids: All the Time in the World in 4D (2011),Action|Adventure|Children|Comedy|Sci-Fi,56288.0,10344
89028,Don't Be Afraid of the Dark (2010),Horror|Thriller,46261.0,10345
89030,Fright Night (2011),Comedy|Horror,58151.0,10346
89039,Another Earth (2011),Drama|Romance|Sci-Fi,55420.0,10347
89047,Hesher (2010),Drama,44835.0,10348
89060,Cold Prey (Fritt Vilt) (2006),Action|Horror|Mystery|Thriller,21786.0,10349
89072,Stake Land (2010),Horror,52015.0,10350
89074,"Greatest Movie Ever Sold, The (POM Wonderful Presents: The Greatest Movie Ever Sold) (2011)",Documentary,58492.0,10351
89085,"Debt, The (2011)",Drama|Thriller,48289.0,10352
89087,Colombiana (2011),Action|Adventure|Drama|Thriller,62835.0,10353
89090,Bill Cunningham New York (2011),Documentary,55244.0,10354
89102,Freakonomics (2010),Documentary,43942.0,10355
89118,"Skin I Live In, The (La piel que habito) (2011)",Drama,63311.0,10356
89170,"Winning Season, The (2009)",Comedy,44750.0,10357
89190,Conan the Barbarian (2011),Action|Adventure|Fantasy,37430.0,10358
89194,Prom (2011),Comedy|Drama,51588.0,10359
89260,Project Nim (2011),Documentary,63579.0,10360
89281,Birdemic: Shock and Terror (2010),Romance|Thriller,40016.0,10361
89302,Page Eight (2011),Drama|Thriller,73358.0,10362
89305,"Inbetweeners Movie, The (2011)",Adventure|Comedy,69798.0,10363
89321,"Future, The (2011)",Drama,54662.0,10364
89337,"Interrupters, The (2011)",Documentary,72711.0,10365
89343,Red State (2011),Action|Crime|Horror|Thriller,48572.0,10366
89356,Chinese Take-Out (Chinese Take-Away) (Un cuento chino) (2011),Comedy,67884.0,10367
89369,"Better Life, A (2011)",Drama,55720.0,10368
89377,Wrecked (2010),Thriller,50838.0,10369
89386,Pearl Jam Twenty (2011),Documentary|Musical,72744.0,10370
89388,I Don't Know How She Does It (2011),Comedy,70868.0,10371
89427,Shark Night 3D (2011),Horror|Thriller,65055.0,10372
89470,Contagion (2011),Sci-Fi|Thriller|IMAX,39538.0,10373
89472,We Have a Pope (Habemus Papam) (2011),Comedy|Drama,61667.0,10374
89480,Sleeping Beauty (2011),Drama,64586.0,10375
89490,Straw Dogs (2011),Thriller,64639.0,10376
89492,Moneyball (2011),Drama,60308.0,10377
89535,"Havre, Le (2011)",Comedy|Drama,73532.0,10378
89554,Zindagi Na Milegi Dobara (2011),Adventure|Comedy|Drama|Romance,61202.0,10379
89570,Restless (2011),Drama,47760.0,10380
89582,Cold Fish (Tsumetai nettaigyo) (2010),Drama|Thriller,68341.0,10381
89629,Point Blank (À bout portant) (2010),Action|Crime|Thriller,61404.0,10382
89650,Ironclad (2011),Action|Adventure,38543.0,10383
89678,Northanger Abbey (2007),Drama|Romance,18093.0,10384
89745,"Avengers, The (2012)",Action|Adventure|Sci-Fi|IMAX,24428.0,10385
89753,Tinker Tailor Soldier Spy (2011),Drama|Film-Noir|Thriller,49517.0,10386
89759,"Separation, A (Jodaeiye Nader az Simin) (2011)",Drama,60243.0,10387
89761,"Dangerous Method, A (2011)",Drama|Thriller,48231.0,10388
89774,Warrior (2011),Drama,59440.0,10389
89804,"Ides of March, The (2011)",Drama,10316.0,10390
89837,Kill List (2011),Horror|Mystery|Thriller,74725.0,10391
89840,Killer Elite (2011),Action|Thriller,49021.0,10392
89846,Bobby Fischer Against the World (2011),Documentary,67885.0,10393
89862,Bellflower (2011),Action|Drama|Romance,58699.0,10394
89864,50/50 (2011),Comedy|Drama,40807.0,10395
89896,"Turin Horse, The (A Torinói ló) (2011)",Drama,81401.0,10396
89898,Generation P (2011),Comedy|Drama|Sci-Fi,63375.0,10397
89900,Once Upon a Time in Anatolia (Bir zamanlar Anadolu'da) (2011),Drama,74879.0,10398
89904,The Artist (2011),Comedy|Drama|Romance,74643.0,10399
89945,BlinkyTM (2011),Horror|Sci-Fi,59852.0,10400
90057,Take Shelter (2011),Drama,64720.0,10401
90154,"Caller, The (2011)",Horror|Mystery|Thriller,73588.0,10402
90249,Real Steel (2011),Action|Drama|Sci-Fi|IMAX,39254.0,10403
90266,Buck (2011),Documentary,67273.0,10404
90268,Hell (2011),Horror|Sci-Fi|Thriller,73262.0,10405
90310,Father of Invention (2010),Comedy|Drama,35221.0,10406
90343,Footloose (2011),Comedy|Drama|Musical,68817.0,10407
90345,"Thing, The (2011)",Horror|Mystery|Sci-Fi|Thriller,60935.0,10408
90350,Lemmy (2010),Documentary,53344.0,10409
90357,Tyrannosaur (2011),Drama,76543.0,10410
90374,Martha Marcy May Marlene (2011),Drama|Thriller,50837.0,10411
90376,We Need to Talk About Kevin (2011),Drama|Thriller,71859.0,10412
90378,Tabloid (2010),Documentary,69480.0,10413
90403,"Three Musketeers, The (2011)",Action|Adventure,52451.0,10414
90405,In Time (2011),Crime|Sci-Fi|Thriller,49530.0,10415
90428,Margaret (2011),Drama,44754.0,10416
90430,Carnage (2011),Comedy|Drama,72113.0,10417
90434,Assassination Games (2011),Action|Thriller,71677.0,10418
90439,Margin Call (2011),Drama|Thriller,50839.0,10419
90469,Paranormal Activity 3 (2011),Horror,72571.0,10420
90471,Puncture (2011),Drama,72432.0,10421
90474,Polisse (2011),Crime|Drama,71157.0,10422
90476,"Little Bit of Heaven, A (2011)",Comedy|Drama|Romance,45156.0,10423
90522,Johnny English Reborn (2011),Adventure|Comedy|Thriller,58233.0,10424
90524,Abduction (2011),Action|Drama|Mystery|Thriller,59965.0,10425
90528,This Must Be the Place (2011),Crime|Drama|Thriller,53487.0,10426
90531,Shame (2011),Drama,76025.0,10427
90576,What's Your Number? (2011),Comedy|Romance,63492.0,10428
90578,Dream House (2011),Drama|Mystery|Thriller,69668.0,10429
90592,How to Die in Oregon (2011),Documentary|Drama,65992.0,10430
90600,Headhunters (Hodejegerne) (2011),Action|Crime|Thriller,70670.0,10431
90620,Mulan (2009),Action|Adventure|Drama|Romance,32909.0,10432
90624,Machine Gun Preacher (2011),Action|Crime,45610.0,10433
90630,Miss Representation (2011),Documentary,77801.0,10434
90645,Anonymous (2011),Drama,61891.0,10435
90647,Puss in Boots (2011),Adventure|Animation|Comedy|Fantasy|IMAX,58423.0,10436
90717,Tower Heist (2011),Action|Comedy|Crime,59108.0,10437
90719,J. Edgar (2011),Drama,88794.0,10438
90738,"Double, The (2011)",Action|Crime|Drama|Mystery|Thriller,73499.0,10439
90746,"Adventures of Tintin, The (2011)",Action|Animation|Mystery|IMAX,17578.0,10440
90809,Tomboy (2011),Drama,65229.0,10441
90863,George Harrison: Living in the Material World (2011),Documentary,75964.0,10442
90866,Hugo (2011),Children|Drama|Mystery,44826.0,10443
90870,Trespass (2011),Crime|Drama|Thriller,70578.0,10444
90888,Immortals (2011),Action|Drama|Fantasy,37958.0,10445
90890,Jack and Jill (2011),Comedy,71880.0,10446
90914,"Devil's Double, The (2011)",Action|Drama,62630.0,10447
90929,House of Tolerance (2011),Drama,84427.0,10448
90933,"Deep Blue Sea, The (2011)",Drama|Romance,51994.0,10449
90939,11-11-11 (11-11-11: The Prophecy) (2011),Horror|Thriller,51248.0,10450
90943,Into the Abyss (2011),Documentary,77365.0,10451
90947,"Oslo, August 31st (Oslo, 31. august) (2011)",Drama,75233.0,10452
91014,Shaolin (Xin shao lin si) (2011),Action|Drama,55292.0,10453
91035,Wuthering Heights (2011),Drama,9364.0,10454
91077,"Descendants, The (2011)",Comedy|Drama,65057.0,10455
91079,Like Crazy (2011),Drama|Romance,60420.0,10456
91094,"Muppets, The (2011)",Children|Comedy|Musical,64328.0,10457
91104,"Twilight Saga: Breaking Dawn - Part 1, The (2011)",Adventure|Drama|Fantasy|Romance,50619.0,10458
91126,War Horse (2011),Drama|War,57212.0,10459
91128,"Rum Diary, The (2011)",Comedy|Drama|Thriller,23514.0,10460
91134,My Week with Marilyn (2011),Drama,75900.0,10461
91199,Weekend (2011),Drama|Romance,79120.0,10462
91241,Singham (2011),Action|Drama|Romance,70590.0,10463
91261,Hipsters (Stilyagi) (2008),Drama|Musical|Romance,38336.0,10464
91266,Another Cinderella Story (2008),Children|Comedy|Musical|Romance,15157.0,10465
91273,Bunraku (2010),Action|Drama|Fantasy,30618.0,10466
91290,Sarah's Key (Elle s'appelait Sarah) (2010),Drama,53457.0,10467
91323,"Sitter, The (2011)",Comedy,57431.0,10468
91325,Extremely Loud and Incredibly Close (2011),Drama,64685.0,10469
91335,"Gruffalo, The (2009)",Adventure|Animation|Children|Comedy|Drama,28118.0,10470
91351,Asterix and the Big Fight (Astérix et le coup du menhir) (1989),Adventure|Animation|Children|Comedy,11625.0,10471
91353,Asterix in America (a.k.a Asterix Conquers America) (Astérix et les Indiens) (1994),Adventure|Animation|Children|Comedy,9369.0,10472
91355,Asterix and the Vikings (Astérix et les Vikings) (2006),Adventure|Animation|Children|Comedy|Fantasy,9642.0,10473
91371,Rampart (2011),Action|Crime|Drama|Thriller,75622.0,10474
91386,Happy Feet Two (2011),Animation|Children|Comedy|IMAX,65759.0,10475
91414,Arthur Christmas (2011),Animation|Children|Comedy|Drama,51052.0,10476
91416,Miss Bala (2011),Action|Adventure|Drama|Thriller,77635.0,10477
91474,Flypaper (2011),Comedy|Crime,62046.0,10478
91483,Bullet to the Head (2012),Action|Crime|Film-Noir,70074.0,10479
91485,"Expendables 2, The (2012)",Action|Adventure,76163.0,10480
91488,"Snowman, The (1982)",Animation|Children|Musical,13396.0,10481
91500,The Hunger Games (2012),Action|Adventure|Drama|Sci-Fi|Thriller,70160.0,10482
91505,Clone (Womb) (2010),Drama|Romance|Sci-Fi,59457.0,10483
91529,"Dark Knight Rises, The (2012)",Action|Adventure|Crime|IMAX,49026.0,10484
91535,"Bourne Legacy, The (2012)",Action|Adventure|Drama|Thriller|IMAX,49040.0,10485
91542,Sherlock Holmes: A Game of Shadows (2011),Action|Adventure|Comedy|Crime|Mystery|Thriller,58574.0,10486
91548,Life in a Day (2011),Documentary|Drama,66150.0,10487
91571,Coriolanus (2011),Drama|Thriller,101173.0,10488
91597,This Is Not a Film (In film nist) (2011),Documentary,83552.0,10489
91622,Young Adult (2011),Comedy|Drama,57157.0,10490
91626,Faces in the Crowd (2011),Crime|Drama|Mystery,70577.0,10491
91628,New Year's Eve (2011),Comedy|Romance,62838.0,10492
91630,Mission: Impossible - Ghost Protocol (2011),Action|Adventure|Thriller|IMAX,56292.0,10493
91653,We Bought a Zoo (2011),Comedy|Drama,74465.0,10494
91658,"Girl with the Dragon Tattoo, The (2011)",Drama|Thriller,65754.0,10495
91660,"Darkest Hour, The (2011)",Action|Horror|Sci-Fi|Thriller,71469.0,10496
91671,Alvin and the Chipmunks: Chipwrecked (2011),Animation|Comedy,55301.0,10497
91673,Albert Nobbs (2011),Drama,73873.0,10498
91681,"Julia's Eyes (Ojos de Julia, Los) (2010)",Horror|Thriller,52274.0,10499
91690,Friends with Kids (2011),Comedy,80038.0,10500
91694,Intruders (2011),Horror|Thriller,63207.0,10501
91743,Today's Special (2009),Comedy,46641.0,10502
91808,Pariah (2011),Drama,73939.0,10503
91821,"Muppet Family Christmas, A (1987)",Children|Comedy|Musical,13247.0,10504
91823,Kung Fu Panda Holiday Special (2010),Animation|Children|Comedy,50393.0,10505
91831,"Devil Inside, The (2012)",Horror|Thriller,76487.0,10506
91842,Contraband (2012),Action|Crime|Drama|Thriller,77866.0,10507
91844,Chak De India! (2007),Drama,14163.0,10508
91869,Being Elmo: A Puppeteer's Journey (2011),Documentary,75301.0,10509
91873,Joyful Noise (2012),Comedy|Musical,63574.0,10510
91886,Dolphin Tale (2011),Children|Drama,62837.0,10511
91888,Chico & Rita (2010),Animation|Musical|Romance,63498.0,10512
91890,"Iron Lady, The (2011)",Drama,71688.0,10513
91902,Elena (2011),Drama,78182.0,10514
91947,"Revenant, The (2009)",Comedy|Horror,79896.0,10515
91972,"Divide, The (2011)",Thriller,38541.0,10516
91974,Underworld: Awakening (2012),Action|Fantasy|Horror|IMAX,52520.0,10517
91976,"Grey, The (2012)",Action|Drama,75174.0,10518
91978,Man on a Ledge (2012),Crime|Thriller,49527.0,10519
92008,Haywire (2011),Action|Thriller,70435.0,10520
92048,"Whistleblower, The (2010)",Drama|Thriller,65760.0,10521
92058,"Human Centipede II (Full Sequence), The (2011)",Horror,74997.0,10522
92094,Einstein and Eddington (2008),Drama,15044.0,10523
92152,"Turn Me On, Dammit! (Få meg på, for faen) (2011)",Comedy,62564.0,10524
92192,Apollo 18 (2011),Horror|Sci-Fi|Thriller,50357.0,10525
92198,Seeking Justice (2011),Action|Drama|Thriller,74998.0,10526
92210,"Disappearance of Haruhi Suzumiya, The (Suzumiya Haruhi no shôshitsu) (2010)",Adventure|Animation|Drama|Mystery|Sci-Fi,36865.0,10527
92234,Red Tails (2012),Action|Adventure|Drama|War,72431.0,10528
92243,"Flowers of War, The (Jin líng shí san chai) (2011)",Drama|War,76758.0,10529
92259,Intouchables (2011),Comedy|Drama,77338.0,10530
92264,One for the Money (2012),Action|Comedy|Crime,54054.0,10531
92309,"Innkeepers, The (2011)",Horror|Thriller,58428.0,10532
92335,Big Miracle (2012),Drama|Romance,78698.0,10533
92391,Grave Encounters (2011),Horror,50698.0,10534
92393,Detective Dee and the Mystery of the Phantom Flame (Di Renjie) (2010),Action|Crime|Mystery,48492.0,10535
92420,Chronicle (2012),Action|Sci-Fi|Thriller,76726.0,10536
92422,"Woman in Black, The (2012)",Drama|Horror|Thriller,65086.0,10537
92437,Toast (2010),Comedy|Drama,52850.0,10538
92439,"Art of Getting By, The (2011)",Drama|Romance,64678.0,10539
92475,All Watched Over by Machines of Loving Grace (2011),Documentary,192695.0,10540
92507,Safe House (2012),Action|Crime|Mystery|Thriller,59961.0,10541
92509,"Vow, The (2012)",Drama|Romance,72570.0,10542
92643,Monsieur Lazhar (2011),Children|Comedy|Drama,78480.0,10543
92665,"For a Good Time, Call... (2012)",Comedy|Drama|Romance,84200.0,10544
92681,Journey 2: The Mysterious Island (2012),Action|Adventure|Comedy|Sci-Fi|IMAX,72545.0,10545
92694,Perfect Sense (2011),Drama|Romance|Sci-Fi,51999.0,10546
92696,"Shrine, The (2010)",Horror,47763.0,10547
92719,Tim and Eric's Billion Dollar Movie (2012),Comedy,79940.0,10548
92817,"Sorcerer and the White Snake, The (Bai she chuan shuo) (2011)",Action|Fantasy|Romance,75948.0,10549
92829,Smokin' Aces 2: Assassins' Ball (2010),Action,29564.0,10550
92904,We Were Here (2011),Documentary,81716.0,10551
92920,"Hunter, The (2011)",Drama,70954.0,10552
92938,Ghost Rider: Spirit of Vengeance (2012),Action|Fantasy|Thriller,71676.0,10553
92944,"Monster in Paris, A (Un monstre à Paris) (2011)",Adventure|Animation|Children,77459.0,10554
92954,Prayers for Bobby (2009),Drama,21634.0,10555
92966,Love Wrecked (2005),Comedy|Romance,27902.0,10556
93024,Retreat (2011),Thriller,73936.0,10557
93040,"Civil War, The (1990)",Documentary|War,26397.0,10558
93126,Bag of Bones (2011),Horror,168210.0,10559
93142,Wrong Turn 4 (2011),Action|Horror|Thriller,71672.0,10560
93164,Sleep Tight (Mientras duermes) (2011),Horror|Thriller,77495.0,10561
93208,Mickey's The Prince and the Pauper (1990),Animation|Children,25831.0,10562
93212,"Cat in Paris, A (Une vie de chat) (2010)",Animation|Crime|Mystery,52264.0,10563
93240,Children Who Chase Lost Voices from Deep Below (Hoshi o ou kodomo) (Journey to Agartha) (2011),Animation|Drama|Fantasy,79707.0,10564
93242,Gone (2012),Drama|Thriller,79548.0,10565
93265,Courageous (2011),Drama,72213.0,10566
93270,Project X (2012),Comedy,57214.0,10567
93272,Dr. Seuss' The Lorax (2012),Animation|Fantasy|Musical|IMAX,73723.0,10568
93287,"Big Year, The (2011)",Comedy,73937.0,10569
93297,Act of Valor (2012),Action|Thriller|War,75674.0,10570
93320,Trailer Park Boys (1999),Comedy|Crime,38674.0,10571
93324,Undefeated (2011),Documentary,82620.0,10572
93326,This Means War (2012),Action|Comedy|Romance,59962.0,10573
93363,John Carter (2012),Action|Adventure|Sci-Fi|IMAX,49529.0,10574
93420,"Art of Flight, The (2011)",Adventure|Documentary,68450.0,10575
93422,Starbuck (2011),Comedy,79108.0,10576
93432,Forks Over Knives (2011),Documentary,64288.0,10577
93443,Goon (2011),Comedy|Drama,74387.0,10578
93475,"Awakening, The (2011)",Horror|Thriller,77949.0,10579
93498,Game Change (2012),Drama,91010.0,10580
93502,"Ledge, The (2011)",Drama|Thriller,63493.0,10581
93510,21 Jump Street (2012),Action|Comedy|Crime,64688.0,10582
93512,"Jeff, Who Lives at Home (2012)",Comedy|Drama,82532.0,10583
93563,Lockout (2012),Action|Sci-Fi|Thriller,81796.0,10584
93570,Bedevilled (Kim Bok-nam salinsageonui jeonmal) (2010),Crime|Drama|Horror,59421.0,10585
93578,"Lonely Place to Die, A (2011)",Adventure|Crime|Thriller,81390.0,10586
93598,"Snowtown (Snowtown Murders, The) (2011)",Crime|Drama|Thriller,67748.0,10587
93610,Space Battleship Yamato (2010),Action|Adventure|Drama,61984.0,10588
93693,Casa de mi Padre (2012),Comedy,80304.0,10589
93721,Jiro Dreams of Sushi (2011),Documentary,80767.0,10590
93723,Damsels in Distress (2011),Comedy|Romance,82533.0,10591
93740,Salmon Fishing in the Yemen (2011),Comedy|Drama|Romance,81025.0,10592
93748,Eden of the East the Movie I: The King of Eden (Higashi no Eden Gekijoban) (2009),Action|Animation|Crime|Sci-Fi|Thriller,35435.0,10593
93750,Eden of the East the Movie II: Paradise Lost (Higashi no Eden Gekijôban II: Paradise Lost) (2010),Animation|Crime|Mystery|Sci-Fi|Thriller,44734.0,10594
93766,Wrath of the Titans (2012),Action|Adventure|Fantasy|IMAX,57165.0,10595
93805,Iron Sky (2012),Action|Comedy|Sci-Fi,10679.0,10596
93819,Absentia (2011),Horror,74777.0,10597
93831,American Reunion (American Pie 4) (2012),Comedy,71552.0,10598
93838,The Raid: Redemption (2011),Action|Crime,94329.0,10599
93840,"Cabin in the Woods, The (2012)",Comedy|Horror|Sci-Fi|Thriller,22970.0,10600
93842,Delicacy (La délicatesse) (2011),Comedy|Romance,81342.0,10601
93855,God Bless America (2011),Comedy|Drama,74306.0,10602
93892,Romantics Anonymous (Les émotifs anonymes) (2010),Comedy|Romance,51991.0,10603
93933,Footnote (Hearat Shulayim) (2011),Drama,72551.0,10604
93939,Café de Flore (2011),Drama,85033.0,10605
93954,Silent House (2011),Horror|Thriller,92182.0,10606
93980,"Three Stooges, The (2012)",Comedy,76489.0,10607
93982,"Raven, The (2012)",Mystery|Thriller,70436.0,10608
93988,North & South (2004),Drama|Romance,147269.0,10609
94015,Mirror Mirror (2012),Adventure|Comedy|Fantasy,62764.0,10610
94018,Battleship (2012),Action|Sci-Fi|Thriller|IMAX,44833.0,10611
94024,Louis Theroux: The Most Hated Family in America in Crisis (2011),Documentary,206953.0,10612
94070,"Best Exotic Marigold Hotel, The (2011)",Comedy|Drama,74534.0,10613
94074,Rush: Beyond the Lighted Stage (2010),Documentary|Musical,41120.0,10614
94126,Bullhead (Rundskop) (2011),Crime|Drama,63310.0,10615
94130,Bully (2011),Documentary,84404.0,10616
94266,"Five-Year Engagement, The (2012)",Comedy|Romance,72207.0,10617
94323,Think Like a Man (2012),Comedy,67660.0,10618
94325,"Lucky One, The (2012)",Drama,77877.0,10619
94405,Safe (2012),Action|Crime|Thriller,72387.0,10620
94410,Hamlet (2009),Drama,28238.0,10621
94469,Red Dog (2011),Comedy|Drama|Romance,66125.0,10622
94478,Dark Shadows (2012),Comedy|Horror|IMAX,62213.0,10623
94480,The Scorpion King: Rise of a Warrior (2008),Action|Adventure|Fantasy,13486.0,10624
94503,"Decoy Bride, The (2011)",Comedy|Romance,40161.0,10625
94558,Beyond the Black Rainbow (2010),Mystery|Sci-Fi,50037.0,10626
94663,Vicky Donor (2012),Comedy|Romance,103243.0,10627
94675,Three Steps Above Heaven (2010),Drama|Romance,61979.0,10628
94677,"Dictator, The (2012)",Comedy,76493.0,10629
94746,"Largo Winch (Heir Apparent: Largo Winch, The) (2008)",Adventure|Thriller,14400.0,10630
94752,Gifted Hands: The Ben Carson Story (2009),Drama,22683.0,10631
94777,Men in Black III (M.III.B.) (M.I.B.³) (2012),Action|Comedy|Sci-Fi|IMAX,41154.0,10632
94780,Snow White and the Huntsman (2012),Action|Adventure|Drama,58595.0,10633
94799,Sound of My Voice (2011),Drama|Mystery|Sci-Fi,86812.0,10634
94810,Eva (2011),Drama|Fantasy|Sci-Fi,77561.0,10635
94813,Chernobyl Diaries (2012),Horror,93856.0,10636
94815,Chicken with Plums (Poulet aux prunes) (2011),Drama,78206.0,10637
94833,"Pirates! Band of Misfits, The (2012)",Adventure|Animation|Children|Comedy,72197.0,10638
94841,Hick (2011),Drama|Romance,94363.0,10639
94864,Prometheus (2012),Action|Horror|Sci-Fi|IMAX,70981.0,10640
94867,"Pact, The (2012)",Horror|Mystery|Thriller,111440.0,10641
94896,Bernie (2011),Comedy|Crime|Drama,92591.0,10642
94931,Take This Waltz (2011),Drama|Romance,86555.0,10643
94939,Sound of Noise (2010),Comedy|Crime|Musical,48392.0,10644
94953,Wanderlust (2012),Comedy,50647.0,10645
94959,Moonrise Kingdom (2012),Comedy|Drama|Romance,83666.0,10646
94967,Texas Killing Fields (2011),Crime|Drama|Thriller,72477.0,10647
94969,Kahaani (2012),Crime|Drama|Thriller,82825.0,10648
94978,I Wish (Kiseki) (2011),Children|Drama,79382.0,10649
94985,Get the Gringo (2012),Action|Crime|Drama|Thriller,80389.0,10650
95058,Cosmopolis  (2012),Drama,49014.0,10651
95067,"Thousand Words, A (2012)",Comedy|Drama,72358.0,10652
95088,Safety Not Guaranteed (2012),Comedy|Drama,84332.0,10653
95105,Madagascar 3: Europe's Most Wanted (2012),Adventure|Animation|Children|Comedy|IMAX,80321.0,10654
95133,Blackthorn (2011),Western,68818.0,10655
95135,Your Sister's Sister (2011),Comedy|Drama,84355.0,10656
95167,Brave (2012),Action|Adventure|Animation|Children,62177.0,10657
95197,Bel Ami (2012),Drama|Romance,86467.0,10658
95199,What to Expect When You're Expecting (2012),Comedy|Drama|Romance,76494.0,10659
95201,To Rome with Love (2012),Comedy,81836.0,10660
95207,Abraham Lincoln: Vampire Hunter (2012),Action|Fantasy|Horror|Thriller,72331.0,10661
95218,First Position (2011),Documentary,89874.0,10662
95237,Detention (2012),Comedy|Horror,68684.0,10663
95307,Rock of Ages (2012),Comedy|Drama|Musical|IMAX,80585.0,10664
95309,Seeking a Friend for the End of the World (2012),Comedy|Drama|Romance,88005.0,10665
95311,Presto (2008),Animation|Children|Comedy|Fantasy,13042.0,10666
95375,Boundin' (2003),Animation|Children,13062.0,10667
95441,Ted (2012),Comedy|Fantasy,72105.0,10668
95443,"Giant Mechanical Man, The (2012)",Comedy|Drama|Romance,100046.0,10669
95449,Magic Mike (2012),Drama|Romance,77930.0,10670
95488,On the Road (2012),Adventure|Drama,83770.0,10671
95508,Cleanskin (2012),Crime|Drama|Thriller,95516.0,10672
95510,"Amazing Spider-Man, The (2012)",Action|Adventure|Sci-Fi|IMAX,1930.0,10673
95543,Ice Age 4: Continental Drift (2012),Adventure|Animation|Comedy,57800.0,10674
95558,Beasts of the Southern Wild (2012),Drama|Fantasy,84175.0,10675
95567,People Like Us (2012),Drama,98548.0,10676
95583,Savages (2012),Crime|Drama|Thriller,82525.0,10677
95604,The War (2007),Documentary|War,208988.0,10678
95654,Geri's Game (1997),Animation|Children,13929.0,10679
95670,Tyler Perry's Madea's Witness Protection (2012),Comedy,103370.0,10680
95720,"Watch, The (2012)",Comedy|Sci-Fi,80035.0,10681
95744,2 Days in New York (2012),Comedy,84165.0,10682
95756,"Cat in the Hat, The (1971)",Animation|Children,43580.0,10683
95761,Killer Joe (2011),Crime|Thriller,73567.0,10684
95804,Wild Bill (2011),Crime|Drama,86593.0,10685
95816,Being Flynn (2012),Comedy|Drama,78571.0,10686
95839,"Christmas Carol, A (1999)",Drama|Fantasy,16716.0,10687
95856,Knick Knack (1989),Animation|Children,13928.0,10688
95858,For the Birds (2000),Animation|Children|Comedy,13930.0,10689
95873,Ruby Sparks (2012),Comedy|Fantasy|Romance,103332.0,10690
95875,Total Recall (2012),Action|Sci-Fi|Thriller,64635.0,10691
95939,"Angels' Share, The (2012)",Comedy|Drama,103747.0,10692
96020,Sidewalls (Medianeras) (2011),Drama,76696.0,10693
96075,Bleak House (2005),Drama,53803.0,10694
96079,Skyfall (2012),Action|Adventure|Thriller|IMAX,37724.0,10695
96110,"Campaign, The (2012)",Comedy,77953.0,10696
96121,Hope Springs (2012),Comedy|Drama,82696.0,10697
96150,"Queen of Versailles, The (2012)",Documentary,84327.0,10698
96281,ParaNorman (2012),Adventure|Animation|Comedy,77174.0,10699
96283,Diary of a Wimpy Kid: Dog Days (2012),Children|Comedy,82650.0,10700
96302,War of the Arrows (Choi-jong-byeong-gi Hwal) (2011),Action,79224.0,10701
96304,Hara-Kiri: Death of a Samurai (2011),Drama,85836.0,10702
96314,Celeste and Jesse Forever (Celeste & Jesse Forever) (2012),Comedy|Drama|Romance,84184.0,10703
96367,Hit and Run (Hit & Run) (2012),Action|Comedy|Romance,109513.0,10704
96373,Broken (2012),Drama,109584.0,10705
96411,6 Days to Air: The Making of South Park (2011),Documentary,76360.0,10706
96417,Premium Rush (2012),Action|Thriller,49526.0,10707
96430,"Odd Life of Timothy Green, The (2012)",Comedy|Drama|Fantasy,71864.0,10708
96432,Lawless (2012),Crime|Drama,82633.0,10709
96448,Piranha 3DD (a.k.a. Piranha DD) (2012),Comedy|Horror,71668.0,10710
96456,ATM (2012),Horror|Thriller,89691.0,10711
96467,Sleepwalk with Me (2012),Comedy|Drama,84340.0,10712
96473,Prime Suspect: Inner Circles (1995),Drama|Mystery,216035.0,10713
96488,Searching for Sugar Man (2012),Documentary,84334.0,10714
96490,"Possession, The (2012)",Horror|Thriller,77883.0,10715
96501,Little White Lies (Les petits mouchoirs) (2010),Comedy|Drama,48034.0,10716
96520,Prime Suspect: The Lost Child (1995),Drama|Mystery,215999.0,10717
96563,Paradise Lost 3: Purgatory (2011),Documentary,83660.0,10718
96565,Bachelorette (2012),Comedy,84174.0,10719
96567,"Words, The (2012)",Drama|Romance,83686.0,10720
96588,Pitch Perfect (2012),Comedy|Musical,114150.0,10721
96590,"Cold Light of Day, The (2012)",Action|Thriller,77948.0,10722
96596,Branded (2012),Action|Drama|Mystery|Sci-Fi,112090.0,10723
96606,Samsara (2011),Documentary,89708.0,10724
96610,Looper (2012),Action|Crime|Sci-Fi,59967.0,10725
96612,Compliance (2012),Drama|Thriller,84188.0,10726
96616,That's My Boy (2012),Comedy,87428.0,10727
96621,Arthur and the Revenge of Maltazard (Arthur et la vengeance de Maltazard) (2009),Animation|Children|Fantasy,26505.0,10728
96634,Apartment 143 (2011),Horror|Thriller,97795.0,10729
96655,Robot & Frank (2012),Comedy|Drama|Sci-Fi,84329.0,10730
96664,Where Do We Go Now? (2011),Comedy|Drama,77461.0,10731
96667,Ai Weiwei: Never Sorry (2012),Documentary,84169.0,10732
96691,Resident Evil: Retribution (2012),Action|Horror|Sci-Fi|IMAX,71679.0,10733
96693,Trouble with the Curve (2012),Drama,87825.0,10734
96700,360 (2011),Drama,89455.0,10735
96728,"Master, The (2012)",Drama,68722.0,10736
96737,Dredd (2012),Action|Sci-Fi,49049.0,10737
96751,Arbitrage (2012),Drama|Thriller,60599.0,10738
96811,End of Watch (2012),Crime|Drama|Thriller,77016.0,10739
96815,V/H/S (2012),Horror|Thriller,84348.0,10740
96821,"Perks of Being a Wallflower, The (2012)",Drama|Romance,84892.0,10741
96829,"Hunt, The (Jagten) (2012)",Drama,103663.0,10742
96832,Holy Motors (2012),Drama|Fantasy|Musical|Mystery|Sci-Fi,103328.0,10743
96857,Red Lights (2012),Drama|Mystery|Thriller,75638.0,10744
96861,Taken 2 (2012),Action|Crime|Drama|Thriller,82675.0,10745
96863,"Paperboy, The (2012)",Thriller,82390.0,10746
96911,"Royal Affair, A (Kongelig affære, En) (2012)",Drama|Romance,88273.0,10747
96917,House at the End of the Street (2012),Horror|Thriller,82505.0,10748
96964,"Tall Man, The (2012)",Crime|Drama|Mystery,86597.0,10749
96966,Laurence Anyways (2012),Drama|Romance,110160.0,10750
96969,"Magic of Belle Isle, The (2012)",Comedy|Drama,101731.0,10751
96975,LOL (2012),Comedy|Drama|Romance,80271.0,10752
96991,"Sapphires, The (2012)",Comedy|Drama|Musical,110146.0,10753
97024,Rust and Bone (De rouille et d'os) (2012),Drama|Romance,97365.0,10754
97057,Kon-Tiki (2012),Adventure|Documentary|Drama,70667.0,10755
97065,Viy or Spirit of Evil (Viy) (1967),Comedy|Drama|Fantasy|Horror,57230.0,10756
97132,Urbanized (2011),Documentary,77269.0,10757
97168,Marley (2012),Documentary,90125.0,10758
97172,Frankenweenie (2012),Animation|Comedy|Horror|IMAX,62214.0,10759
97188,Sinister (2012),Horror|Thriller,82507.0,10760
97194,"Thing: Terror Takes Shape, The (1998)",Documentary,92171.0,10761
97225,Hotel Transylvania (2012),Animation|Children|Comedy,76492.0,10762
97232,"Good Old Fashioned Orgy, A (2011)",Comedy,69778.0,10763
97280,We Are from the Future (My iz budushchego) (2008),Action|Drama|Fantasy,40709.0,10764
97304,Argo (2012),Drama|Thriller,68734.0,10765
97306,Seven Psychopaths (2012),Comedy|Crime,86838.0,10766
97311,Butter (2011),Comedy,79697.0,10767
97324,Atlas Shrugged: Part II (2012),Drama|Mystery|Sci-Fi,134371.0,10768
97328,Liberal Arts (2012),Comedy|Drama,84306.0,10769
97393,"House I Live In, The (2012)",Documentary,84284.0,10770
97395,West of Memphis (2012),Documentary,84351.0,10771
97462,Hoodwinked Too! Hood vs. Evil (2011),Animation|Comedy,57089.0,10772
97470,Catch .44 (2011),Action|Drama|Thriller,75736.0,10773
97639,How to Survive a Plague (2012),Documentary,84286.0,10774
97643,[REC]³ 3 Génesis (2012),Horror|Thriller,80280.0,10775
97665,Asterix & Obelix: God Save Britannia (Astérix et Obélix: Au service de Sa Majesté) (2012),Adventure|Comedy,99770.0,10776
97673,56 Up (2012),Documentary,116167.0,10777
97692,We Are Legion: The Story of the Hacktivists (2012),Documentary,97690.0,10778
97701,Paranormal Activity 4 (2012),Horror|IMAX,82990.0,10779
97742,Alex Cross (2012),Action|Crime|Mystery|Thriller,94348.0,10780
97744,"Ambassador, The (Ambassadøren) (2011)",Documentary,84172.0,10781
97752,Cloud Atlas (2012),Drama|Sci-Fi|IMAX,83542.0,10782
97757,'Hellboy': The Seeds of Creation (2004),Action|Adventure|Comedy|Documentary|Fantasy,72867.0,10783
97779,Steve Jobs: The Lost Interview (2012),Documentary,89638.0,10784
97785,Silent Hill: Revelation 3D (2012),Horror|Mystery|Thriller,61012.0,10785
97832,Chasing Mavericks (2012),Drama,82684.0,10786
97836,Here Comes the Boom (2012),Action|Comedy,87826.0,10787
97860,Killing Them Softly (2012),Crime|Drama|Thriller,64689.0,10788
97866,"Imposter, The (2012)",Documentary,84287.0,10789
97870,"Sessions, The (Surrogate, The) (2012)",Drama,113947.0,10790
97904,Smashed (2012),Comedy|Drama,84341.0,10791
97908,"Babysitters, The (2007)",Drama,13078.0,10792
97913,Wreck-It Ralph (2012),Animation|Comedy,82690.0,10793
97921,Silver Linings Playbook (2012),Comedy|Drama,82693.0,10794
97923,Flight (2012),Drama,87502.0,10795
97933,5 Broken Cameras (2011),Documentary,84170.0,10796
97936,Anna Karenina (2012),Drama,96724.0,10797
97938,Life of Pi (2012),Adventure|Drama|IMAX,87827.0,10798
97946,"Day, The (2011)",Drama|Sci-Fi|Thriller,84226.0,10799
97950,"Man with the Iron Fists, The (2012)",Action|Adventure|Crime,97430.0,10800
97957,Excision (2012),Crime|Drama|Horror|Thriller,84194.0,10801
97966,Bait (2012),Action|Horror|Thriller,118957.0,10802
97984,Wake in Fright (1971),Drama|Thriller,26405.0,10803
97988,"Bay, The (2012)",Horror|Sci-Fi|Thriller,123105.0,10804
98017,"Late Quartet, A (2012)",Drama,121879.0,10805
98019,Vexille (Bekushiru: 2077 Nihon sakoku) (2007),Action|Animation|Sci-Fi,13391.0,10806
98054,Stolen (2012),Action|Crime|Thriller,127493.0,10807
98056,Amour (2012),Drama|Romance,86837.0,10808
98087,Cockneys vs Zombies (2012),Comedy|Horror,114606.0,10809
98122,Indie Game: The Movie (2012),Documentary,80215.0,10810
98154,Lincoln (2012),Drama|War,72976.0,10811
98193,"Invisible War, The (2012)",Crime|Documentary|Drama|War,84288.0,10812
98198,OMG Oh My God! (2012),Comedy|Drama,135718.0,10813
98203,"Twilight Saga: Breaking Dawn - Part 2, The (2012)",Adventure|Drama|Fantasy|Romance|IMAX,50620.0,10814
98230,10 Years (2011),Comedy|Drama|Romance,58547.0,10815
98239,Red Dawn (2012),Action|War,60747.0,10816
98243,Rise of the Guardians (2012),Adventure|Animation|Children|Fantasy|IMAX,81188.0,10817
98279,"Fantastic Fear of Everything, A (2012)",Comedy,101519.0,10818
98296,Deadfall (2012),Crime|Drama|Thriller,97614.0,10819
98361,Byzantium (2012),Drama|Fantasy|Thriller,102780.0,10820
98373,Step Up Revolution (2012),Musical,85446.0,10821
98400,Imaginaerum (2012),Fantasy|Musical,75204.0,10822
98491,Paperman (2012),Animation|Comedy|Romance,140420.0,10823
98585,Hitchcock (2012),Drama,112336.0,10824
98604,From Up on Poppy Hill (Kokuriko-zaka kara) (2011),Animation|Drama|Romance,83389.0,10825
98607,Redline (2009),Action|Animation|Sci-Fi,71883.0,10826
98797,Barbara (2012),Drama,88284.0,10827
98809,"Hobbit: An Unexpected Journey, The (2012)",Adventure|Fantasy|IMAX,49051.0,10828
98836,Hyde Park on Hudson (2012),Comedy|Drama,87504.0,10829
98956,Barfi! (2012),Comedy|Drama|Romance,127501.0,10830
98961,Zero Dark Thirty (2012),Action|Drama|Thriller,97630.0,10831
98973,Chasing Ice (2012),Documentary,84185.0,10832
98975,Antiviral (2012),Horror|Sci-Fi|Thriller,125490.0,10833
98981,"Arrival of a Train, The (1896)",Documentary,160.0,10834
99007,Warm Bodies (2013),Comedy|Horror|Romance,82654.0,10835
99030,Wrong (2012),Comedy|Drama,83186.0,10836
99047,Chained (2012),Horror|Thriller,116979.0,10837
99087,Playing for Keeps (2012),Comedy|Romance,77875.0,10838
99106,"Guilt Trip, The (2012)",Comedy,82687.0,10839
99110,Save the Date (2012),Comedy|Romance,84333.0,10840
99112,Jack Reacher (2012),Action|Crime|Thriller,75780.0,10841
99114,Django Unchained (2012),Action|Drama|Western,68718.0,10842
99117,This Is 40 (2012),Drama,89492.0,10843
99145,"Impossible, The (Imposible, Lo) (2012)",Drama|Thriller,80278.0,10844
99149,"Misérables, Les (2012)",Drama|Musical|Romance|IMAX,82695.0,10845
99178,Struck by Lightning (2012),Comedy|Drama,87440.0,10846
99220,Quartet (2012),Comedy|Drama,121826.0,10847
99305,Kumaré (2011),Documentary,98886.0,10848
99371,Camp Rock 2: The Final Jam (2010),Comedy|Musical|Romance,44244.0,10849
99413,Juan of the Dead (Juan de los Muertos) (2011),Comedy|Horror,74726.0,10850
99415,Parental Guidance (2012),Comedy,88042.0,10851
99437,John Dies at the End (2012),Comedy|Fantasy|Horror,75761.0,10852
99468,"Central Park Five, The (2012)",Documentary,124067.0,10853
99470,"Collection, The (2012)",Action|Horror|Thriller,134597.0,10854
99530,Rurouni Kenshin (Rurôni Kenshin: Meiji kenkaku roman tan) (2012),Action|Drama,127533.0,10855
99537,Extracted (2012),Drama|Sci-Fi,97605.0,10856
99574,Promised Land (2012),Drama,133694.0,10857
99633,"Sweeney, The (2012)",Action|Crime,116613.0,10858
99636,English Vinglish (2012),Comedy|Drama,118628.0,10859
99721,Texas Chainsaw 3D (2013),Horror|Mystery|Thriller,76617.0,10860
99728,Gangster Squad (2013),Action|Crime|Drama,82682.0,10861
99741,"Company You Keep, The (2012)",Thriller,87496.0,10862
99750,"Iceman, The (2012)",Crime|Drama|Thriller,68812.0,10863
99764,It's Such a Beautiful Day (2012),Animation|Comedy|Drama|Fantasy|Sci-Fi,147538.0,10864
99787,"Haunted House, A (2013)",Comedy|Horror,139038.0,10865
99795,Whores' Glory (2011),Documentary,85533.0,10866
99811,Beware of Mr. Baker (2012),Documentary,97610.0,10867
99910,"Last Stand, The (2013)",Action|Crime|Thriller,76640.0,10868
99912,Mama (2013),Horror,132232.0,10869
99917,Upstream Color (2013),Romance|Sci-Fi|Thriller,145197.0,10870
99957,Broken City (2013),Crime|Drama|Thriller,98357.0,10871
99968,Ginger & Rosa (2012),Drama,121872.0,10872
99986,Marina Abramovic: The Artist Is Present (2012),Documentary,84309.0,10873
99992,Shadow Dancer (2012),Crime|Drama|Thriller,84336.0,10874
99996,It's a Disaster (2012),Comedy|Drama,114779.0,10875
100044,Human Planet (2011),Documentary,69372.0,10876
100083,Movie 43 (2013),Comedy,87818.0,10877
100106,"Pervert's Guide to Ideology, The (2012)",Documentary,128190.0,10878
100108,Parker (2013),Crime|Thriller,119283.0,10879
100159,Sightseers (2012),Comedy,117974.0,10880
100163,Hansel & Gretel: Witch Hunters (2013),Action|Fantasy|Horror|IMAX,60304.0,10881
100169,After Porn Ends (2010),Documentary,109520.0,10882
100185,Starlet (2012),Drama,91679.0,10883
100194,Jim Jefferies: Fully Functional (EPIX) (2012),Comedy,146837.0,10884
100244,"East, The (2013)",Drama,87499.0,10885
100272,Snow White (Blancanieves) (2012),Drama,127864.0,10886
100302,Upside Down (2012),Drama|Romance|Sci-Fi,58244.0,10887
100322,"Baytown Outlaws, The (2012)",Action|Comedy|Crime,81446.0,10888
100326,Stand Up Guys (2012),Comedy|Crime,121824.0,10889
100336,Udaan (2010),Drama,45316.0,10890
100344,No (2012),Drama,110398.0,10891
100359,"Haunting in Connecticut 2: Ghosts of Georgia, The (2013)",Drama|Horror|Thriller,150202.0,10892
100383,Side Effects (2013),Crime|Drama|Mystery|Thriller,109421.0,10893
100390,Identity Thief (2013),Comedy|Crime,109431.0,10894
100397,"ABCs of Death, The (2012)",Horror,87436.0,10895
100436,"Gatekeepers, The (2012)",Documentary,127918.0,10896
100440,Lore (2012),Drama|Thriller|War,121835.0,10897
100469,Chinese Zodiac (Armour of God III) (CZ12) (2012),Action|Adventure|IMAX,98567.0,10898
100487,Beautiful Creatures (2013),Drama|Fantasy|Romance,109491.0,10899
100498,"Good Day to Die Hard, A (2013)",Action|Crime|Thriller|IMAX,47964.0,10900
100507,21 and Over (2013),Comedy,107811.0,10901
100509,Tale of Tales (Skazka skazok) (1979),Animation,36079.0,10902
100527,Safe Haven (2013),Drama|Mystery|Romance,112949.0,10903
100556,"Act of Killing, The (2012)",Documentary,123678.0,10904
100579,Universal Soldier: Day of Reckoning (2012),Action|Sci-Fi|Thriller,122857.0,10905
100581,Room 237 (2012),Documentary,84330.0,10906
100611,Escape from Planet Earth (2013),Adventure|Animation|Comedy|Sci-Fi,68179.0,10907
100714,Before Midnight (2013),Drama|Romance,132344.0,10908
100717,"Oranges, The (2011)",Comedy|Drama|Romance,89008.0,10909
100737,Snitch (2013),Action|Drama|Thriller,134411.0,10910
100745,TPB AFK: The Pirate Bay Away from Keyboard (2013),Documentary,50275.0,10911
100810,Dark Skies (2013),Horror|Sci-Fi|Thriller,145135.0,10912
100843,Oh Boy (A Coffee in Berlin) (2012),Comedy|Drama,130739.0,10913
100882,Journey to the West: Conquering the Demons (Daai wa sai you chi Chui mo chun kei) (2013),Adventure|Comedy|Fantasy|Romance|IMAX,170657.0,10914
101025,Jack the Giant Slayer (2013),Adventure|Fantasy|IMAX,81005.0,10915
101060,"Last Exorcism Part II, The (2013)",Horror|Thriller,146203.0,10916
101070,Wadjda (2012),Drama,129112.0,10917
101074,"Legend of Sleepy Hollow, The (1949)",Animation|Comedy|Horror|Musical,43650.0,10918
101076,G.I. Joe: Retaliation (2013),Action|Adventure|Sci-Fi|Thriller|IMAX,72559.0,10919
101088,Stoker (2013),Drama|Mystery|Thriller,86825.0,10920
101097,Phantom (2013),Thriller,152259.0,10921
101106,Sound City (2013),Documentary,157117.0,10922
101112,Oz the Great and Powerful (2013),Action|Adventure|Fantasy|IMAX,68728.0,10923
101137,Dead Man Down (2013),Action|Crime|Drama|Romance|Thriller,102362.0,10924
101142,"Croods, The (2013)",Adventure|Animation|Comedy,49519.0,10925
101186,Populaire (2012),Comedy,136403.0,10926
101207,Emperor (2012),Drama|War,127372.0,10927
101260,StarStruck (2010),Comedy|Musical,35558.0,10928
101262,Geek Charming (2011),Comedy,81250.0,10929
101281,I Give It a Year (2013),Comedy|Romance,150117.0,10930
101283,"Incredible Burt Wonderstone, The (2013)",Comedy,124459.0,10931
101285,Spring Breakers (2013),Comedy|Crime|Drama,122081.0,10932
101296,I'm So Excited (Los amantes pasajeros) (2013),Comedy,144789.0,10933
101360,"Call, The (2013)",Drama|Thriller,158011.0,10934
101362,Olympus Has Fallen (2013),Action|Thriller,117263.0,10935
101415,"First Time, The (2012)",Comedy|Drama|Romance,84199.0,10936
101498,In the House (2012),Comedy|Drama|Mystery|Thriller,121875.0,10937
101525,"Place Beyond the Pines, The (2012)",Crime|Drama,97367.0,10938
101527,Into the White (Cross of Honour) (2012),Action|Drama|War,78215.0,10939
101529,"Brass Teapot, The (2012)",Comedy|Fantasy|Thriller,127867.0,10940
101577,"Host, The (2013)",Action|Adventure|Romance,72710.0,10941
101612,Admission (2013),Comedy|Romance,144340.0,10942
101640,Don (2006),Action|Crime|Musical,17501.0,10943
101739,Evil Dead (2013),Horror,109428.0,10944
101741,Trance (2013),Crime|Thriller,68727.0,10945
101761,Welcome to the Punch (2013),Action|Adventure|Crime|Thriller,93828.0,10946
101765,"Perfect Plan, A (Plan parfait, Un) (2012)",Adventure|Comedy|Romance,133698.0,10947
101850,Death on the Staircase (Soupçons) (2004),Crime|Documentary,89049.0,10948
101864,Oblivion (2013),Action|Adventure|Sci-Fi|IMAX,75612.0,10949
101893,To the Wonder (2013),Drama|Romance,60281.0,10950
101895,42 (2013),Drama,109410.0,10951
101904,Happy (2011),Documentary|Drama,86577.0,10952
101942,Love Is All You Need (Den skaldede frisør) (2012),Comedy|Drama|Romance,126250.0,10953
101962,Wolf Children (Okami kodomo no ame to yuki) (2012),Animation|Fantasy,110420.0,10954
101971,Never Sleep Again: The Elm Street Legacy (2010),Documentary,37757.0,10955
101973,Disconnect (2012),Drama|Thriller,127517.0,10956
101997,Scary Movie 5 (Scary MoVie) (2013),Comedy,4258.0,10957
102005,Like Someone In Love (2012),Drama,102001.0,10958
102033,Pain & Gain (2013),Action|Comedy|Crime,134374.0,10959
102062,"Band Called Death, A (2012)",Documentary,137563.0,10960
102066,Resolution (2012),Horror|Thriller,121606.0,10961
102070,Grabbers (2012),Comedy|Horror|Sci-Fi,84204.0,10962
102072,"Erased (Expatriate, The) (2012)",Action|Thriller,106021.0,10963
102088,"Grandmaster, The (Yi dai zong shi) (2013)",Action|Drama|IMAX,44865.0,10964
102123,This Is the End (2013),Action|Comedy,109414.0,10965
102125,Iron Man 3 (2013),Action|Sci-Fi|Thriller|IMAX,68721.0,10966
102160,"Numbers Station, The (2013)",Action|Thriller,77234.0,10967
102194,Mud (2012),Adventure|Crime|Drama,103731.0,10968
102245,Small Apartments (2012),Comedy|Crime|Drama,95755.0,10969
102378,Syrup (2013),Comedy|Drama,72525.0,10970
102407,"Great Gatsby, The (2013)",Drama,64682.0,10971
102445,Star Trek Into Darkness (2013),Action|Adventure|Sci-Fi|IMAX,54138.0,10972
102481,"Internship, The (2013)",Comedy,116741.0,10973
102588,Stories We Tell (2012),Documentary,128216.0,10974
102602,Mimino (1977),Comedy,27861.0,10975
102666,Ivan Vasilievich: Back to the Future (Ivan Vasilievich menyaet professiyu) (1973),Adventure|Comedy,20803.0,10976
102684,Only God Forgives (2013),Drama|Thriller,77987.0,10977
102686,"Hangover Part III, The (2013)",Comedy,109439.0,10978
102716,"Fast & Furious 6 (Fast and the Furious 6, The) (2013)",Action|Crime|Thriller|IMAX,82992.0,10979
102720,Epic (2013),Adventure|Animation|Fantasy,116711.0,10980
102753,"Past, The (Le passé) (2013)",Drama|Mystery|Romance,152780.0,10981
102800,Frances Ha (2012),Comedy|Drama,121986.0,10982
102819,Behind the Candelabra (2013),Drama,119675.0,10983
102880,After Earth (2013),Action|Adventure|Sci-Fi|IMAX,82700.0,10984
102903,Now You See Me (2013),Crime|Mystery|Thriller,75656.0,10985
102905,Lovelace (2013),Drama,77805.0,10986
102956,Take Me Home (2011),Comedy|Romance,85431.0,10987
102991,Berberian Sound Studio (2012),Drama|Horror|Thriller,116811.0,10988
102993,"Way, Way Back, The (2013)",Comedy|Drama,147773.0,10989
103017,The Body (2012),Mystery|Thriller,111083.0,10990
103027,Much Ado About Nothing (2012),Comedy|Drama|Romance,91739.0,10991
103042,Man of Steel (2013),Action|Adventure|Fantasy|Sci-Fi|IMAX,49521.0,10992
103048,"Kings of Summer, The (2013)",Comedy,156700.0,10993
103055,The Big Wedding (2013),Comedy,87567.0,10994
103059,Hannah Arendt (2012),Drama,121873.0,10995
103075,"Purge, The (2013)",Crime|Horror|Thriller,158015.0,10996
103083,"Reluctant Fundamentalist, The (2012)",Drama,121677.0,10997
103085,Rapture-Palooza (2013),Comedy|Fantasy,174188.0,10998
103107,20 Feet from Stardom (Twenty Feet from Stardom) (2013),Documentary,159014.0,10999
103137,"Bling Ring, The (2013)",Crime|Drama,96936.0,11000
103141,Monsters University (2013),Adventure|Animation|Comedy,62211.0,11001
103210,Fullmetal Alchemist: The Sacred Star of Milos (2011),Action|Adventure|Animation,80518.0,11002
103219,Maniac (2012),Horror|Thriller,103620.0,11003
103228,Pacific Rim (2013),Action|Adventure|Sci-Fi|IMAX,68726.0,11004
103249,World War Z (2013),Action|Drama|Horror|IMAX,72190.0,11005
103253,Elysium (2013),Action|Drama|Sci-Fi|IMAX,68724.0,11006
103255,Dirty Wars (2013),Documentary|War,159004.0,11007
103275,We Steal Secrets: The Story of WikiLeaks (2013),Documentary,159154.0,11008
103279,What Maisie Knew (2012),Drama,127373.0,11009
103299,American Mary (2012),Horror|Thriller,126277.0,11010
103306,Europa Report (2013),Sci-Fi|Thriller,174772.0,11011
103315,Odd Thomas (2013),Drama|Fantasy|Mystery|Thriller,179826.0,11012
103335,Despicable Me 2 (2013),Animation|Children|Comedy|IMAX,93456.0,11013
103339,White House Down (2013),Action|Drama|Thriller|IMAX,117251.0,11014
103341,"World's End, The (2013)",Action|Comedy|Sci-Fi,107985.0,11015
103366,Redemption (Hummingbird) (2013),Action|Crime|Thriller,136418.0,11016
103372,"Heat, The (2013)",Action|Comedy|Crime,136795.0,11017
103384,"Lone Ranger, The (2013)",Action|Adventure|Western|IMAX,57201.0,11018
103444,Woody Allen: A Documentary (2012),Documentary,81167.0,11019
103449,Passion (2012),Crime|Drama|Mystery|Thriller,109099.0,11020
103474,How to Make Money Selling Drugs (2013),Documentary,124071.0,11021
103483,V/H/S/2 (2013),Horror|Thriller,159117.0,11022
103534,Inadequate People (Neadekvatnye lyudi) (2010),Comedy|Romance,57209.0,11023
103539,The Spectacular Now (2013),Comedy|Drama|Romance,157386.0,11024
103541,Thanks for Sharing (2012),Comedy|Drama,112200.0,11025
103543,"Lifeguard, The (2013)",Comedy|Drama,157375.0,11026
103549,"What's in a Name (Prénom, Le) (2012)",Comedy,112198.0,11027
103554,"Hijacking, A (Kapringen) (2012)",Drama|Thriller,127846.0,11028
103606,Stuck in Love (2012),Comedy|Drama|Romance,111969.0,11029
103621,Brain Dead (1990),Horror|Sci-Fi,5898.0,11030
103624,Fruitvale Station (2013),Drama,157354.0,11031
103639,Bhaag Milka Bhaag (2013),Drama,206324.0,11032
103655,R.I.P.D. (2013),Action|Comedy|Fantasy,49524.0,11033
103665,Ip Man: The Final Fight (2013),Action|Drama,182127.0,11034
103685,"Field in England, A (2013)",Drama|Fantasy|Thriller|War,179111.0,11035
103688,"Conjuring, The (2013)",Horror|Thriller,138843.0,11036
103721,Love (2011),Drama|Sci-Fi,54320.0,11037
103727,"Colony, The (2013)",Action|Horror|Sci-Fi|Thriller,178809.0,11038
103736,Scenic Route (2013),Drama|Thriller,172847.0,11039
103755,Turbo (2013),Adventure|Animation|Children|Comedy|Fantasy,77950.0,11040
103772,"Wolverine, The (2013)",Action|Adventure|Fantasy|Sci-Fi,76170.0,11041
103801,Drinking Buddies (2013),Comedy|Drama|Romance,172533.0,11042
103810,Red 2 (2013),Action|Comedy|Crime|Thriller,146216.0,11043
103816,"Battery, The (2012)",Drama|Horror,177221.0,11044
103849,New World (Shin-sae-gye) (2013),Thriller,165213.0,11045
103867,Night Train To Lisbon (2013),Mystery|Romance|Thriller,160139.0,11046
103883,2 Guns (2013),Action|Comedy|Crime,136400.0,11047
103972,"Last Days, The (Últimos días, Los) (2013)",Adventure|Sci-Fi|Thriller,168138.0,11048
103980,Blue Jasmine (2013),Drama,160588.0,11049
103984,"Great Beauty, The (Grande Bellezza, La) (2013)",Comedy|Drama,179144.0,11050
104074,Percy Jackson: Sea of Monsters (2013),Adventure|Children|Fantasy,76285.0,11051
104076,"Smurfs 2, The (2013)",Animation|Children|Comedy,77931.0,11052
104078,Alan Partridge: Alpha Papa (2013),Comedy,177699.0,11053
104089,Computer Chess (2013),Comedy,158743.0,11054
104137,Prince Avalanche (2013),Comedy|Drama,113148.0,11055
104211,We're the Millers (2013),Comedy|Crime,138832.0,11056
104218,Grown Ups 2 (2013),Comedy,109418.0,11057
104231,Drug War (Du zhan) (2012),Crime,110410.0,11058
104241,Kick-Ass 2 (2013),Action|Comedy|Crime,59859.0,11059
104243,Riddick (2013),Action|Sci-Fi|Thriller|IMAX,87421.0,11060
104245,Planes (2013),Adventure|Animation|Comedy,151960.0,11061
104272,Blackfish (2013),Documentary,158999.0,11062
104274,Paranoia (2013),Drama|Thriller,115348.0,11063
104283,"Wind Rises, The (Kaze tachinu) (2013)",Animation|Drama|Romance,149870.0,11064
104303,Jobs (2013),Drama,115782.0,11065
104312,"Mortal Instruments: City of Bones, The (2013)",Action|Adventure|Drama|IMAX,123553.0,11066
104337,Lee Daniels' The Butler (2013),Drama,132363.0,11067
104339,In a World... (2013),Comedy,157360.0,11068
104350,Terms and Conditions May Apply (2013),Documentary,159622.0,11069
104361,Ain't Them Bodies Saints (2013),Drama,152748.0,11070
104374,About Time (2013),Drama|Fantasy|Romance,122906.0,11071
104379,Chennai Express (2013),Action|Adventure|Comedy,205022.0,11072
104431,Enter Nowhere (2011),Mystery|Thriller,98568.0,11073
104441,"Frozen Ground, The (2013)",Crime|Drama|Thriller,199373.0,11074
104457,You're Next (2011),Horror|Thriller,83899.0,11075
104520,"Crimson Permanent Assurance, The (1983)",Adventure|Comedy,39005.0,11076
104631,Adore (2013),Drama|Romance,111190.0,11077
104636,TT3D: Closer to the Edge (2011),Documentary,79628.0,11078
104685,"Suicide Shop, The (Le magasin des suicides) (2012) ",Animation|Comedy|Musical,118293.0,11079
104712,Instructions Not Included (No se Aceptan Devoluciones) (2013),Comedy|Drama,211954.0,11080
104736,Closed Circuit (2013),Crime|Drama|Mystery,146223.0,11081
104760,Getaway (2013),Action|Crime,146227.0,11082
104841,Gravity (2013),Action|Sci-Fi|IMAX,49047.0,11083
104863,What If (2013),Comedy|Drama|Romance,212716.0,11084
104875,"History of Future Folk, The (2012)",Adventure|Comedy|Musical|Sci-Fi,115199.0,11085
104879,Prisoners (2013),Drama|Mystery|Thriller,146233.0,11086
104881,"Out of the Furnace (Dust to Dust) (Low Dweller, The) (2013)",Drama|Thriller,164457.0,11087
104883,"Conspiracy, The (2012)",Horror|Thriller,133369.0,11088
104906,Austenland (2013),Comedy|Romance,156711.0,11089
104908,Insidious: Chapter 2 (2013),Horror|Thriller,91586.0,11090
104913,Rush (2013),Action|Drama,96721.0,11091
104925,"Family, The (2013)",Action|Comedy|Crime,112205.0,11092
104944,Short Term 12 (2013),Drama,169813.0,11093
105037,"To Do List, The (2013)",Comedy,129139.0,11094
105053,"Factory, The (2012)",Mystery|Thriller,136911.0,11095
105133,Repeaters (2010) ,Action|Drama,71700.0,11096
105159,Alps (Alpeis) (2011),Drama,81857.0,11097
105197,Nebraska (2013),Adventure|Drama,129670.0,11098
105211,Enough Said (2013),Comedy|Drama|Romance,209263.0,11099
105213,Don Jon (2013),Comedy|Drama|Romance,138697.0,11100
105246,Mood Indigo (L'écume des jours) (2013),Drama|Fantasy,157820.0,11101
105250,"Century of the Self, The (2002)",Documentary,51452.0,11102
105254,Crystal Fairy & the Magical Cactus and 2012 (2013),Adventure|Comedy,157409.0,11103
105340,Miracle in Cell No. 7 (2013),Comedy|Drama,158445.0,11104
105343,Special 26 (2013),Crime|Drama|Thriller,165904.0,11105
105351,Runner Runner (2013),Crime|Drama|Thriller,146238.0,11106
105355,Blue Is the Warmest Color (La vie d'Adèle) (2013),Drama|Romance,152584.0,11107
105420,Parkland (2013),Drama,209262.0,11108
105429,Inequality for All (2013),Documentary,159008.0,11109
105468,Cloudy with a Chance of Meatballs 2 (2013),Animation|Children|Comedy|Fantasy,109451.0,11110
105504,Captain Phillips (2013),Adventure|Drama|Thriller|IMAX,109424.0,11111
105519,"Philosophers, The (After The Dark) (2013)",Drama|Fantasy|Sci-Fi,198287.0,11112
105531,"Wall, The (Die Wand) (2012)",Drama|Fantasy,115442.0,11113
105585,Machete Kills (Machete 2) (2013),Action|Crime|Thriller,106747.0,11114
105593,Filth (2013),Comedy|Crime|Drama,85889.0,11115
105653,Escape Plan (2013),Action|Mystery|Thriller,107846.0,11116
105703,Haute Cuisine (2012),Drama,139651.0,11117
105731,Carrie (2013),Drama|Horror,133805.0,11118
105742,"Fifth Estate, The (2013)",Drama|Thriller,162903.0,11119
105755,"Counselor, The (2013)",Crime|Drama|Thriller,109091.0,11120
105769,"Congress, The (2013)",Animation|Sci-Fi,152795.0,11121
105799,"Unbelievers, The (2013)",Documentary,191502.0,11122
105801,Escape From Tomorrow (2013),Drama|Fantasy|Horror,158752.0,11123
105835,"Double, The (2013)",Comedy|Drama|Thriller,146015.0,11124
105844,12 Years a Slave (2013),Drama,76203.0,11125
105869,Kill Your Darlings (2013),Crime|Drama|Romance|Thriller,157370.0,11126
105954,All Is Lost (2013),Action|Adventure|Drama,152747.0,11127
106002,Ender's Game (2013),Action|Adventure|Sci-Fi|IMAX,80274.0,11128
106011,"Blue Umbrella, The (2013)",Animation,200481.0,11129
106022,Toy Story of Terror (2013),Animation|Children|Comedy,213121.0,11130
106030,"Last Days on Mars, The (2013)",Horror|Sci-Fi,190847.0,11131
106062,Jackass Presents: Bad Grandpa (2013),Comedy,208134.0,11132
106072,Thor: The Dark World (2013),Action|Adventure|Fantasy|IMAX,76338.0,11133
106100,Dallas Buyers Club (2013),Drama,152532.0,11134
106144,"Selfish Giant, The (2013)",Drama,194101.0,11135
106163,"Touch of Sin, A (Tian zhu ding) (2013)",Drama,187022.0,11136
106195,How I Live Now (2013),Action|Drama|Thriller,162215.0,11137
106204,Pieta (2013),Drama,123377.0,11138
106234,Great Expectations (2012),Drama,121674.0,11139
106236,Somm (2012),Documentary,184149.0,11140
106240,Free Birds (2013),Action|Adventure|Animation|Children|Comedy|Sci-Fi,175574.0,11141
106330,Last Vegas (2013),Comedy|Drama|Romance,137093.0,11142
106332,Muscle Shoals (2013),Documentary,159151.0,11143
106438,Philomena (2013),Comedy|Drama,205220.0,11144
106441,"Book Thief, The (2013)",Children|Drama|War,203833.0,11145
106452,Ida (2013),Drama,209274.0,11146
106487,The Hunger Games: Catching Fire (2013),Action|Adventure|Sci-Fi|IMAX,101299.0,11147
106489,"Hobbit: The Desolation of Smaug, The (2013)",Adventure|Fantasy|IMAX,57158.0,11148
106491,47 Ronin (2013),Action|Adventure|Fantasy,64686.0,11149
106508,"Dyatlov Pass Incident, The (Devil's Pass) (2013)",Mystery|Thriller,169219.0,11150
106540,Delivery Man (2013),Comedy,146239.0,11151
106542,Charlie Countryman (2013),Action|Comedy|Romance,41602.0,11152
106696,Frozen (2013),Adventure|Animation|Comedy|Fantasy|Musical|Romance,109445.0,11153
106762,Trigun: Badlands Rumble (2010),Action|Animation|Sci-Fi|Western,51859.0,11154
106766,Inside Llewyn Davis (2013),Drama,86829.0,11155
106782,"Wolf of Wall Street, The (2013)",Comedy|Crime|Drama,106646.0,11156
106785,Homefront (2013),Action|Crime|Thriller,204082.0,11157
106839,Mandela: Long Walk to Freedom (2013),Drama,192136.0,11158
106841,August: Osage County (2013),Comedy|Drama,152737.0,11159
106870,Grave Encounters 2 (2012),Horror,134366.0,11160
106889,Tim's Vermeer (2013),Documentary,212063.0,11161
106916,American Hustle (2013),Crime|Drama,168672.0,11162
106918,"Secret Life of Walter Mitty, The (2013)",Adventure|Comedy|Drama,116745.0,11163
106920,Her (2013),Drama|Romance|Sci-Fi,152601.0,11164
106983,Young & Beautiful (2013),Drama,184314.0,11165
107069,Lone Survivor (2013),Action|Drama|Thriller|War,193756.0,11166
107117,"Armstrong Lie, The (2013)",Documentary,214083.0,11167
107130,"Adventure in Space and Time, An (2013)",Drama,210024.0,11168
107141,Saving Mr. Banks (2013),Comedy|Drama,140823.0,11169
107196,Is the Man Who Is Tall Happy? (2013),Animation|Documentary,167502.0,11170
107314,Oldboy (2013),Action|Drama|Mystery,87516.0,11171
107348,Anchorman 2: The Legend Continues (2013),Comedy,109443.0,11172
107406,Snowpiercer (2013),Action|Drama|Sci-Fi,110415.0,11173
107408,Only Old Men Are Going to Battle (V boy idut odni stariki) (1973),Comedy|Drama|War,37129.0,11174
107410,Guest from the Future (Gostya iz buduschego) (1985),Adventure|Drama|Sci-Fi,20894.0,11175
107412,"Kidnapping, Caucasian Style (Kavkazskaya plennitsa) (1967)",Comedy|Romance,20878.0,11176
107436,Haunter (2013),Horror|Mystery|Thriller,166271.0,11177
107447,Wrong Cops (2013),Comedy|Crime,158990.0,11178
107565,"Fuck You, Goethe (Fack Ju Göhte) (2013)",Comedy,233063.0,11179
107649,Borgman (2013),Thriller,186929.0,11180
107653,"Lost Thing, The (2010)",Animation|Drama|Fantasy,58515.0,11181
107702,Grudge Match (2013),Comedy,64807.0,11182
107707,Dhoom (2004),Action|Crime|Musical|Romance,17478.0,11183
107756,A.C.O.D. (2013),Comedy,115283.0,11184
107769,Paranormal Activity: The Marked Ones (2014),Horror|Thriller,227348.0,11185
107771,Only Lovers Left Alive (2013),Drama|Horror|Romance,152603.0,11186
107883,The Lunchbox (2013),Drama|Romance,191714.0,11187
107910,I Know That Voice (2013),Documentary,124623.0,11188
107916,Yves Saint Laurent (2014),Drama|Romance,245775.0,11189
107953,Dragon Ball Z: Battle of Gods (2013),Action|Animation|Fantasy|IMAX,126963.0,11190
108041,"Me, Myself and Mum (Les garçons et Guillaume, à table!) (2013)",Comedy,190880.0,11191
108078,Chinese Puzzle (Casse-tête chinois) (2013),Comedy|Romance,206408.0,11192
108085,+1 (2013),Sci-Fi|Thriller,176068.0,11193
108156,Ride Along (2014),Action|Comedy,168530.0,11194
108188,Jack Ryan: Shadow Recruit (2014),Action|Drama|Thriller|IMAX,137094.0,11195
108190,Divergent (2014),Adventure|Romance|Sci-Fi|IMAX,157350.0,11196
108200,Reasonable Doubt (2014),Crime|Thriller,240916.0,11197
108220,"Square, The (Al Midan) (2013)",Documentary,159037.0,11198
108318,"Single Shot, A (2013)",Crime|Drama|Film-Noir|Thriller,159932.0,11199
108514,Yeh Jawaani Hai Deewani (2013),Comedy|Drama|Musical|Romance,185008.0,11200
108566,"Man Who Sleeps, The (Un homme qui dort) (1974)",Drama,104086.0,11201
108579,Samurai Cop (1989),Action|Thriller,65374.0,11202
108599,"Banshee Chapter, The (2013)",Horror|Thriller,207769.0,11203
108689,"I, Frankenstein (2014)",Action|Fantasy|Sci-Fi|IMAX,100241.0,11204
108715,Better Living Through Chemistry (2014),Comedy|Drama,157099.0,11205
108727,Nymphomaniac: Volume I (2013),Drama,110414.0,11206
108729,Enemy (2013),Mystery|Thriller,181886.0,11207
108760,Big Bad Wolves (2013),Crime|Thriller,171540.0,11208
108778,Stranger by the Lake (L'inconnu du lac) (2013),Drama|Romance,186992.0,11209
108780,Labor Day (2013),Drama|Romance,130150.0,11210
108787,Tom at the Farm (Tom à la ferme) (2013),Drama,184352.0,11211
108791,"Noordzee, Texas (North Sea Texas) (2011)",Drama,100898.0,11212
108825,"Young and Prodigious T.S. Spivet, The (L'extravagant voyage du jeune et prodigieux T.S. Spivet) (2013)",Adventure|Children|Drama,157841.0,11213
108879,Teen Beach Movie (2013),Children|Musical,177888.0,11214
108899,Gloria (2013),Comedy|Drama,160068.0,11215
108928,"Monuments Men, The (2014)",Action|Drama|War,152760.0,11216
108932,The Lego Movie (2014),Action|Adventure|Animation|Children|Comedy|Fantasy,137106.0,11217
108945,RoboCop (2014),Action|Crime|Sci-Fi|IMAX,97020.0,11218
108949,"Art of the Steal, The (2013)",Crime,209247.0,11219
108977,Paranoia Agent (2004),Animation|Crime|Drama|Horror|Mystery,313289.0,11220
108981,Nymphomaniac: Volume II (2013),Drama|Mystery,249397.0,11221
108983,La Luna (2011),Animation,83564.0,11222
109042,Knights of Badassdom (2013),Adventure|Comedy|Fantasy,74461.0,11223
109072,Sabotage (2014),Action|Crime|Drama,144336.0,11224
109157,"Long Way Down, A (2014)",Comedy|Drama,141043.0,11225
109181,Adult World (2013),Comedy,143049.0,11226
109187,"Zero Theorem, The (2013)",Drama|Fantasy|Sci-Fi,157834.0,11227
109189,Endless Love (2014),Drama|Romance,226857.0,11228
109191,Winter's Tale (2014),Drama|Fantasy|Mystery,137321.0,11229
109243,Joe (2013),Drama,157847.0,11230
109372,About Last Night (2014),Comedy|Romance,222899.0,11231
109374,"Grand Budapest Hotel, The (2014)",Comedy|Drama,120467.0,11232
109376,Cuban Fury (2014),Comedy,201086.0,11233
109390,"Black Coal, Thin Ice (Bai ri yan huo) (2014)",Crime|Drama|Mystery|Thriller,255756.0,11234
109420,Mater and the Ghostlight (2006),Animation|Children|Comedy,13934.0,11235
109423,Your Friend the Rat (2007),Animation,13061.0,11236
109425,Dug's Special Mission (2009),Animation|Children|Comedy,24589.0,11237
109452,Omar (2013),Drama|Romance,187028.0,11238
109461,Supercondriaque (2014),Comedy,248507.0,11239
109472,Grand Piano (2013),Mystery|Thriller,220286.0,11240
109483,That Awkward Moment (2014),Comedy|Romance,225565.0,11241
109487,Interstellar (2014),Sci-Fi|IMAX,157336.0,11242
109569,3 Days to Kill (2014),Action|Crime|Drama,192102.0,11243
109576,Welcome to the Jungle (2013),Comedy,205724.0,11244
109578,Non-Stop (2014),Action|Mystery|Thriller,225574.0,11245
109607,In Fear (2013),Thriller,159095.0,11246
109627,Mystery Road (2013),Mystery|Thriller,199818.0,11247
109629,Breathe In (2013),Drama|Romance,158907.0,11248
109633,"Garden of Words, The (Koto no ha no niwa) (2013)",Animation|Romance,198375.0,11249
109673,300: Rise of an Empire (2014),Action|Drama|War|IMAX,53182.0,11250
109687,Particle Fever (2013),Documentary,202141.0,11251
109720,Contracted (2013),Drama|Horror|Thriller,204349.0,11252
109733,Captain EO (1986),Adventure|Children|Comedy|Musical|Sci-Fi,19492.0,11253
109740,Obvious Child (2014),Comedy|Romance,248774.0,11254
109742,Cheap Thrills (2013),Comedy|Thriller,175291.0,11255
109769,"Keeper of Lost Causes, The (Kvinden i buret) (2013)",Crime|Mystery|Thriller,196024.0,11256
109802,"Man from the Future, The (O Homem do Futuro) (2011)",Comedy|Fantasy|Sci-Fi,73624.0,11257
109846,Mr. Peabody & Sherman (2014),Adventure|Animation|Comedy,82703.0,11258
109848,Under the Skin (2013),Horror|Sci-Fi|Thriller,97370.0,11259
109850,Need for Speed (2014),Action|Crime|Drama|IMAX,136797.0,11260
109853,Barefoot (2014),Comedy|Drama|Romance,242042.0,11261
109864,Veronica Mars (2014),Comedy|Crime|Drama,177494.0,11262
109895,Bad Words (2013),Comedy,209403.0,11263
109941,Puss in Boots: The Three Diablos (2012),Animation|Comedy,83201.0,11264
109968,Why Don't You Play In Hell? (Jigoku de naze warui) (2013),Action|Drama,134350.0,11265
109971,Ocho apellidos vascos (2014),Comedy,236737.0,11266
110102,Captain America: The Winter Soldier (2014),Action|Adventure|Sci-Fi|IMAX,100402.0,11267
110110,Starred Up (2013),Drama,209276.0,11268
110127,Noah (2014),Adventure|Drama|IMAX,86834.0,11269
110130,"Nut Job, The (2014)",Adventure|Animation|Children|Comedy,227783.0,11270
110194,Mistaken for Strangers (2013),Comedy|Documentary,173455.0,11271
110295,"Legend of Hercules, The (2014)",Action|Adventure,188207.0,11272
110297,Muppets Most Wanted (2014),Adventure|Comedy|Crime,145220.0,11273
110322,Dom Hemingway (2014),Comedy|Crime|Drama,192134.0,11274
110328,Electrick Children (2012),Drama,89237.0,11275
110387,"Unknown Known, The (2013)",Documentary,209799.0,11276
110407,"Machine, The (2013)",Sci-Fi|Thriller,174675.0,11277
110453,Draft Day (2014),Drama,200505.0,11278
110461,We Are the Best! (Vi är bäst!) (2013),Children|Comedy|Drama,191294.0,11279
110501,The Raid 2: Berandal (2014),Action|Crime|Thriller,180299.0,11280
110503,Metro Manila (2013),Action|Crime|Drama,158091.0,11281
110553,The Amazing Spider-Man 2 (2014),Action|Sci-Fi|IMAX,102382.0,11282
110586,Calvary (2014),Comedy|Drama,157832.0,11283
110591,Oculus (2013),Horror,157547.0,11284
110603,God's Not Dead (2014),Drama,249660.0,11285
110611,Cold in July (2014),Drama|Thriller,244509.0,11286
110655,Rio 2 (2014),Adventure|Animation|Children|Comedy,172385.0,11287
110675,In Your Eyes (2014),Drama|Fantasy|Romance,226448.0,11288
110718,Fading Gigolo (2013),Comedy,214030.0,11289
110730,Transcendence (2014),Drama|Sci-Fi|IMAX,157353.0,11290
110750,Heaven Is for Real (2014),Drama,236751.0,11291
110771,"Other Woman, The (2014)",Comedy|Romance,193610.0,11292
110773,"Haunted House 2, A (2014)",Comedy|Horror,184345.0,11293
110796,Le Week-End (2013),Comedy|Drama,209350.0,11294
110809,Vampire Academy (2014),Action|Comedy|Fantasy,203739.0,11295
110826,Brick Mansions (2014),Action|Crime|Drama,254473.0,11296
110828,Devil's Knot (2013),Crime|Drama|Thriller,152792.0,11297
110882,Locke (2013),Drama,210479.0,11298
110899,Rage (2014),Action|Crime|Thriller,242310.0,11299
110968,Pompeii (2014),Action|Adventure|Drama,76649.0,11300
111113,Neighbors (2014),Comedy,195589.0,11301
111130,Powers of Ten (1977),Documentary,53223.0,11302
111235,Jodorowsky's Dune (2013),Documentary|Sci-Fi,191720.0,11303
111245,"Case of You, A (2013)",Comedy|Romance,174316.0,11304
111249,Belle (2013),Drama,205601.0,11305
111251,"Immigrant, The (2013)",Drama|Romance,152599.0,11306
111255,"Wednesday!, A (2008)",Action|Drama|Thriller,19703.0,11307
111320,Mom's Night Out (2014),Comedy,252680.0,11308
111360,Lucy (2014),Action|Sci-Fi,240832.0,11309
111362,X-Men: Days of Future Past (2014),Action|Adventure|Sci-Fi,127585.0,11310
111364,Godzilla (2014),Action|Adventure|Sci-Fi|IMAX,124905.0,11311
111375,Walk of Shame (2014),Comedy,187596.0,11312
111384,Blue Ruin (2013),Thriller,188166.0,11313
111387,Palo Alto (2013),Drama,192132.0,11314
111389,Kid Cannabis (2014),Drama,212231.0,11315
111443,Chef (2014),Comedy,212778.0,11316
111551,Afflicted (2013),Horror|Sci-Fi|Thriller,210947.0,11317
111617,Blended (2014),Comedy,232672.0,11318
111622,Begin Again (2013),Comedy|Romance,198277.0,11319
111659,Maleficent (2014),Action|Adventure|Children|IMAX,102651.0,11320
111661,"Two Faces of January, The (2014)",Thriller,192149.0,11321
111663,Zombeavers (2014),Action|Comedy|Horror,254474.0,11322
111732,"Dance of Reality, The (Danza de la realidad, La) (2013)",Drama|Fantasy,137698.0,11323
111734,"Love Punch, The (2013)",Comedy,209249.0,11324
111743,A Million Ways to Die in the West (2014),Comedy|Western,188161.0,11325
111759,Edge of Tomorrow (2014),Action|Sci-Fi|IMAX,137113.0,11326
111778,Tracks (2013),Adventure|Drama,203819.0,11327
111781,Mission: Impossible - Rogue Nation (2015),Action|Adventure|Thriller,177677.0,11328
111913,Lilting (2014),Drama,248212.0,11329
111921,The Fault in Our Stars (2014),Drama|Romance,222935.0,11330
111924,"Grand Seduction, The (2013)",Comedy,209185.0,11331
112066,"Letter to Momo, A (Momo e no tegami) (2011)",Animation|Drama,100271.0,11332
112070,Maps to the Stars (2014),Drama,157851.0,11333
112087,Frequencies (2013),Mystery|Romance|Sci-Fi,218425.0,11334
112138,22 Jump Street (2014),Action|Comedy|Crime,187017.0,11335
112171,"Equalizer, The (2014)",Action|Crime|Thriller,156022.0,11336
112175,How to Train Your Dragon 2 (2014),Action|Adventure|Animation,82702.0,11337
112183,Birdman: Or (The Unexpected Virtue of Ignorance) (2014),Comedy|Drama,194662.0,11338
112290,Boyhood (2014),Drama,85350.0,11339
112303,Think Like a Man Too (2014),Comedy|Romance,184098.0,11340
112316,Jersey Boys (2014),Drama|Musical,209451.0,11341
112334,"Internet's Own Boy: The Story of Aaron Swartz, The (2014)",Documentary,250658.0,11342
112370,Transformers: Age of Extinction (2014),Action|Adventure|Sci-Fi,91314.0,11343
112399,Finding Vivian Maier (2013),Documentary,169607.0,11344
112421,Frank (2014),Comedy|Drama|Mystery,171372.0,11345
112450,They Came Together (2014),Comedy|Romance,180296.0,11346
112460,Planes: Fire & Rescue (2014),Adventure|Animation|Comedy,218836.0,11347
112497,Tammy (2014),Comedy,226486.0,11348
112512,Colourful (Karafuru) (2010),Animation|Drama|Fantasy|Mystery,64246.0,11349
112550,White God (Fehér isten) (2014),Drama,267999.0,11350
112552,Whiplash (2014),Drama,244786.0,11351
112556,Gone Girl (2014),Drama|Thriller,210577.0,11352
112580,"Angriest Man in Brooklyn, The (2014)",Comedy|Drama,152790.0,11353
112582,Life Itself (2014),Documentary,250766.0,11354
112623,Dawn of the Planet of the Apes (2014),Sci-Fi,119450.0,11355
112727,Deliver Us from Evil (2014),Crime|Horror|Thriller,184346.0,11356
112767,Premature (2014),Comedy,253310.0,11357
112788,Sex Tape (2014),Comedy,225886.0,11358
112804,I Origins (2014),Drama|Sci-Fi,244267.0,11359
112818,"Purge: Anarchy, The (2014)",Action|Horror|Thriller,238636.0,11360
112852,Guardians of the Galaxy (2014),Action|Adventure|Sci-Fi,118340.0,11361
112868,"Signal, The (2014)",Sci-Fi|Thriller,242095.0,11362
112895,Willow Creek (2013),Horror|Mystery,185460.0,11363
112897,The Expendables 3 (2014),Action|Adventure,138103.0,11364
112911,Hercules (2014),Action|Adventure,184315.0,11365
112940,A Most Wanted Man (2014),Thriller,157849.0,11366
112946,Wish I Was Here (2014),Comedy|Drama,231576.0,11367
113064,"Trip to Italy, The (2014)",Comedy|Drama,242088.0,11368
113071,Earth to Echo (2014),Adventure|Children|Sci-Fi,238603.0,11369
113103,Step Up All In (2014),Drama|Musical|Romance,243683.0,11370
113188,"Rover, The (2014)",Crime|Drama,157845.0,11371
113207,Get on Up (2014),Drama|Musical,239566.0,11372
113216,"Suspect, The (Yong-eui-ja) (2013)",Action|Thriller,242454.0,11373
113225,Magic in the Moonlight (2014),Comedy|Drama|Romance,229297.0,11374
113240,Winter Sleep (Kis Uykusu) (2014),Drama,265169.0,11375
113250,In Order of Disappearance (Kraftidioten) (2014),Action|Comedy|Crime|Thriller,252822.0,11376
113252,Housebound (2014),Comedy|Horror|Thriller,253306.0,11377
113275,The Hundred-Foot Journey (2014),Comedy|Drama,228194.0,11378
113313,"Den, The (2013)",Horror|Thriller,244610.0,11379
113315,Zero Motivation (Efes beyahasei enosh) (2014),Comedy|Drama,261825.0,11380
113345,Jupiter Ascending (2015),Action|Adventure|Sci-Fi,76757.0,11381
113348,Teenage Mutant Ninja Turtles (2014),Action|Adventure|Comedy,98566.0,11382
113378,"Giver, The (2014)",Drama|Sci-Fi,227156.0,11383
113394,"Pretty One, The (2013)",Comedy|Drama,174337.0,11384
113453,Let's Be Cops (2014),Comedy|Crime,193893.0,11385
113532,"Inbetweeners 2, The (2014)",Comedy,242022.0,11386
113565,"Sacrament, The (2013)",Horror|Thriller,211067.0,11387
113573,Sin City: A Dame to Kill For (2014),Action|Crime|Thriller,189.0,11388
113604,If I Stay (2014),Drama,249164.0,11389
113640,"Canal, The (2014)",Horror|Thriller,265010.0,11390
113696,Are You Here (2014),Comedy,209244.0,11391
113705,"Two Days, One Night (Deux jours, une nuit) (2014)",Drama,221902.0,11392
113741,Coherence (2013),Drama|Mystery|Sci-Fi|Thriller,220289.0,11393
113769,"Pyramid, The (2014)",Horror,282813.0,11394
113775,Life of Crime (2013),Comedy|Crime,209189.0,11395
113780,"As Above, So Below (2014)",Horror|Thriller,256274.0,11396
113829,"One I Love, The (2014)",Comedy|Drama|Romance,242090.0,11397
113862,"Guest, The (2014)",Thriller,241848.0,11398
114007,Before I Go to Sleep (2014),Mystery|Thriller,204922.0,11399
114028,Pride (2014),Comedy|Drama,234200.0,11400
114033,Into the Storm (2014),Action|Thriller,216282.0,11401
114042,Third Person (2013),Drama|Romance,192145.0,11402
114044,Honeymoon (2014),Horror,254191.0,11403
114046,God's Pocket (2014),Drama,244517.0,11404
114060,The Drop (2014),Crime|Drama|Thriller,154400.0,11405
114066,"20,000 Days on Earth (2014)",Documentary|Drama|Musical,246400.0,11406
114074,The Skeleton Twins (2014),Drama,244772.0,11407
114180,"Maze Runner, The (2014)",Action|Mystery|Sci-Fi,198663.0,11408
114182,No Good Deed (2014),Thriller,136835.0,11409
114184,Camp X-Ray (2014),Drama,244506.0,11410
114244,"Riot Club, The (2014)",Drama|Thriller,270302.0,11411
114246,"Walk Among the Tombstones, A (2014)",Action|Crime|Mystery|Thriller,169917.0,11412
114250,My Old Lady (2014),Comedy|Drama,282296.0,11413
114265,Laggies (2014),Comedy|Romance,244264.0,11414
114277,God Help the Girl (2014),Drama|Musical|Romance,245859.0,11415
114329,What We Did on Our Holiday (2014),Comedy,276843.0,11416
114342,Force Majeure (Turist) (2014),Drama,265189.0,11417
114378,CBGB (2013),Drama,111479.0,11418
114392,"Homesman, The (2014)",Drama|Western,264656.0,11419
114439,"November Man, The (2014)",Action|Crime|Thriller,254904.0,11420
114459,White Bird in a Blizzard (2014),Drama|Romance|Thriller,157825.0,11421
114486,"Electric Boogaloo: The Wild, Untold Story of Cannon Films (2014)",Comedy|Documentary,282041.0,11422
114494,Who Am I (Kein System Ist Sicher) (2014),Thriller,284427.0,11423
114552,"Boxtrolls, The (2014)",Adventure|Animation|Children|Comedy|Fantasy,170687.0,11424
114554,"Tale of Princess Kaguya, The (Kaguyahime no monogatari) (2013)",Animation|Drama|Fantasy,149871.0,11425
114601,This Is Where I Leave You (2014),Comedy|Drama,239678.0,11426
114627,Angel's Egg (Tenshi no tamago) (1985),Animation|Drama|Fantasy,15916.0,11427
114635,"Look of Silence, The (2014)",Documentary,267480.0,11428
114662,American Sniper (2014),Action|War,190859.0,11429
114670,Tusk (2014),Comedy|Drama|Horror,246403.0,11430
114678,Hector and the Search for Happiness (2014),Adventure|Comedy|Drama,254375.0,11431
114692,"Overnighters, The (2014)",Documentary|Drama,250666.0,11432
114700,"Tribe, The (Plemya) (2014)",Crime|Drama,271397.0,11433
114704,Space Station 76 (2014),Comedy|Drama|Sci-Fi,253312.0,11434
114713,Annabelle (2014),Horror,250546.0,11435
114758,Open Windows (2014),Crime|Thriller,151368.0,11436
114760,Happy Christmas (2014),Comedy|Drama,244534.0,11437
114762,Two Night Stand (2014),Comedy|Romance,286554.0,11438
114793,Time of Eve (Eve no jikan) (2010),Animation|Romance|Sci-Fi,234284.0,11439
114795,Dracula Untold (2014),Action|Drama|Fantasy,49017.0,11440
114818,Stretch (2014),Action|Comedy|Crime,227300.0,11441
114847,Autómata (Automata) (2014),Sci-Fi|Thriller,262543.0,11442
114849,The Prince (2014),Action|Thriller,241254.0,11443
114925,"Captive, The (2014)",Crime|Drama|Thriller,244761.0,11444
114935,Predestination (2014),Action|Mystery|Sci-Fi|Thriller,206487.0,11445
114945,Jack and the Cuckoo-Clock Heart (Jack et la mécanique du coeur) (2013),Adventure|Animation|Drama|Fantasy|Musical|Romance,204436.0,11446
115071,Jackass Presents: Bad Grandpa .5 (2014),Comedy|Documentary,273641.0,11447
115122,What We Do in the Shadows (2014),Comedy|Horror,246741.0,11448
115147,The Best of Me (2014),Drama|Romance,239571.0,11449
115149,John Wick (2014),Action|Thriller,245891.0,11450
115170,"Judge, The (2014)",Drama,205587.0,11451
115172,"Disappearance of Eleanor Rigby: Them, The (2014)",Drama,157829.0,11452
115174,Love Is Strange (2014),Drama,244268.0,11453
115210,Fury (2014),Action|Drama|War,228150.0,11454
115216,"Salvation, The (2014)",Drama|Western,266285.0,11455
115231,St. Vincent (2014),Comedy,239563.0,11456
115235,Young Ones (2014),Drama|Sci-Fi|Western,215379.0,11457
115381,"Alexander and the Terrible, Horrible, No Good, Very Bad Day (2014)",Comedy,218778.0,11458
115414,Left Behind (2014),Action|Sci-Fi|Thriller,218043.0,11459
115437,Blind (2014),Drama,245844.0,11460
115467,Harmontown (2014),Documentary,253292.0,11461
115471,Extraterrestrial (2014),Horror|Sci-Fi,265016.0,11462
115502,"Rewrite, The (2014)",Comedy|Romance,289727.0,11463
115534,Ouija (2014),Horror,242512.0,11464
115569,Nightcrawler (2014),Crime|Drama|Thriller,242582.0,11465
115617,Big Hero 6 (2014),Action|Animation|Comedy,177572.0,11466
115629,Marshland (2014),Crime|Thriller,236735.0,11467
115664,The Book of Life (2014),Adventure|Animation|Romance,228326.0,11468
115667,"Love, Rosie (2014)",Comedy|Romance,200727.0,11469
115680,Time Lapse (2014),Crime|Drama|Sci-Fi|Thriller,273271.0,11470
115713,Ex Machina (2015),Drama|Sci-Fi|Thriller,264660.0,11471
115770,Before I Disappear (2014),Drama,253254.0,11472
115824,Mr. Turner (2014),Drama,245700.0,11473
115828,Copenhagen (2014),Adventure|Drama|Romance,251232.0,11474
115875,Toy Story Toons: Hawaiian Vacation (2011),Adventure|Animation|Children|Comedy|Fantasy,77887.0,11475
115879,Toy Story Toons: Small Fry (2011),Adventure|Animation|Children|Comedy|Fantasy,82424.0,11476
115881,9 (2005),Animation|Fantasy,98622.0,11477
115927,Doctor Strange (2007),Action|Animation|Children|Fantasy|Sci-Fi,14830.0,11478
115949,An American Tail: The Mystery of the Night Monster (1999),Adventure|Animation|Children|Fantasy|Mystery|Sci-Fi,27653.0,11479
115965,Dead Man's Bluff (2005),Action|Comedy|Crime,20994.0,11480
115967,These Final Hours (2014),Drama|Thriller,199575.0,11481
115969,Generation War (2013),Drama|War,178446.0,11482
115973,Haider (2014),Crime|Drama|Romance,280795.0,11483
115991,"Kumiko, the Treasure Hunter (2014)",Comedy|Drama,244563.0,11484
116136,Olive Kitteridge (2014),Drama,289314.0,11485
116138,Leviathan (2014),Drama,265180.0,11486
116161,Foxcatcher (2014),Drama,87492.0,11487
116191,Wolf Creek 2 (2013),Horror|Thriller,199534.0,11488
116217,Secret of the Wings (2012),Adventure|Animation|Children|Fantasy,75258.0,11489
116219,Tinker Bell and the Lost Treasure (2009),Adventure|Animation|Children|Fantasy,25475.0,11490
116307,You're Not You (2014),Drama,290542.0,11491
116397,Stonehearst Asylum (2014),Thriller,207933.0,11492
116411,Tangerines (2013),Drama,238628.0,11493
116413,Life Partners (2014),Comedy|Romance,260001.0,11494
116503,The Possession of Michael King (2014),Horror,272692.0,11495
116529,Stalingrad (2013),Action|Drama|War|IMAX,203793.0,11496
116660,Free Fall (2013),Drama,167581.0,11497
116668,Dead Snow 2: Red vs. Dead (2014) ,Action|Comedy|Horror,241842.0,11498
116781,Serena (2014),Drama,164251.0,11499
116797,The Imitation Game (2014),Drama|Thriller|War,205596.0,11500
116799,Inherent Vice (2014),Comedy|Crime|Drama|Mystery|Romance,171274.0,11501
116801,Labyrinth of Lies (2014),Drama,287495.0,11502
116807,Babysitting (2014),Comedy,262551.0,11503
116817,Rudderless (2014),Comedy|Drama,244403.0,11504
116823,The Hunger Games: Mockingjay - Part 1 (2014),Adventure|Sci-Fi|Thriller,131631.0,11505
116839,Gett: The Trial of Viviane Amsalem (2014),Drama,270403.0,11506
116841,Rosewater (2014),Drama,222649.0,11507
116849,Sex Ed (2014),Comedy|Romance,295315.0,11508
116855,The Way He Looks (2014),Drama|Romance,237791.0,11509
116887,Exodus: Gods and Kings (2014),Action|Adventure|Drama,147441.0,11510
116893,Trash (2014),Adventure|Crime|Drama|Thriller,206563.0,11511
116897,Wild Tales (2014),Comedy|Drama|Thriller,265195.0,11512
116905,Patema Inverted (2013),Adventure|Animation|Drama|Fantasy|Sci-Fi,212167.0,11513
116907,Fed Up (2014),Documentary,250657.0,11514
116951,Bo Burnham: what. (2013),Comedy,244001.0,11515
116977,Dumb and Dumber To (2014),Comedy,100042.0,11516
116985,The Longest Week (2014),Comedy|Drama,206821.0,11517
116989,Tales of the Grim Sleeper (2014),Crime|Documentary,289575.0,11518
117109,Too Many Cooks (2014),Comedy,301566.0,11519
117123,Dear White People (2014),Comedy|Drama,114750.0,11520
117176,The Theory of Everything (2014),Drama|Romance,266856.0,11521
117312,The ABCs of Death 2 (2014),Comedy|Horror,193726.0,11522
117364,Virunga (2014),Documentary|War,263614.0,11523
117368,The Madagascar Penguins in a Christmas Caper (2005),Animation|Comedy,10258.0,11524
117372,V/H/S: Viral (2014),Horror|Thriller,267806.0,11525
117430,Gone Nutty (2002),Animation|Comedy,17963.0,11526
117434,Starry Eyes (2014),Horror,254194.0,11527
117438,When Marnie Was There (2014),Animation|Drama,242828.0,11528
117444,Song of the Sea (2014),Animation|Children|Fantasy,110416.0,11529
117456,Beyond the Lights (2014),Drama,241771.0,11530
117466,In the Heart of the Sea (2015),Action|Adventure|Drama,205775.0,11531
117511,Hello Ladies: The Movie (2014),Comedy,303623.0,11532
117517,Listen Up Philip (2014),Drama,251736.0,11533
117529,Jurassic World (2015),Action|Adventure|Drama|Sci-Fi|Thriller,135397.0,11534
117533,Citizenfour (2014),Documentary,293310.0,11535
117545,Asterix: The Land of the Gods (Astérix: Le domaine des dieux) (2014),Animation,170522.0,11536
117549,The Taking of Deborah Logan (2014),Horror|Thriller,297608.0,11537
117590,Horrible Bosses 2 (2014),Comedy|Crime,227159.0,11538
117851,Penguins of Madagascar (2014),Adventure|Animation|Children|Comedy,270946.0,11539
117861,Black or White (2014),Drama,253331.0,11540
117867,'71 (2014),Action|Drama|Thriller|War,252178.0,11541
117871,"Water Diviner, The (2014)",Action|Drama|War,256917.0,11542
117877,The Rabbi's Cat (Le chat du rabbin) (2011),Adventure|Animation,75491.0,11543
117881,Still Alice (2014),Drama,284293.0,11544
117887,Paddington (2014),Children|Comedy,116149.0,11545
117893,Jessabelle (2014),Horror|Thriller,203834.0,11546
117895,Maze Runner: Scorch Trials (2015),Action|Thriller,294254.0,11547
117922,Ice Age: A Mammoth Christmas (2011),Adventure|Animation|Children,79218.0,11548
118082,The Voices (2014),Comedy|Crime|Thriller,244458.0,11549
118085,"Welcome, or No Trespassing (1964)",Children|Comedy,20886.0,11550
118101,Donald Glover: Weirdo (2011),Comedy,84154.0,11551
118166,Courier (1987),Comedy|Drama|Romance,70966.0,11552
118173,The Batman vs. Dracula (2005),Action|Animation|Horror|Thriller,20077.0,11553
118202,Cowspiracy: The Sustainability Secret (2014),Adventure|Comedy|Documentary|Mystery,282297.0,11554
118244,Wanderers (2014),Animation|Sci-Fi,306963.0,11555
118246,Clouds of Sils Maria (2014),Drama,246860.0,11556
118302,The Pokrovsky Gates (1983),Comedy|Drama|Musical|Romance,37176.0,11557
118338,Hard to Be a God (2013),Sci-Fi,110402.0,11558
118354,Kill the Messenger (2014),Crime|Drama|Mystery|Thriller,245916.0,11559
118466,"Kingdom of Dreams and Madness, The (2013)",Animation|Documentary,252511.0,11560
118496,A Cinderella Story: Once Upon a Song (2011),Children|Comedy|Romance,74018.0,11561
118696,The Hobbit: The Battle of the Five Armies (2014),Adventure|Fantasy,122917.0,11562
118700,Selma (2014),Drama,273895.0,11563
118702,Unbroken (2014),Drama|War,227306.0,11564
118706,Black Sea (2015),Adventure|Mystery|Thriller,246080.0,11565
118760,The Good Lie (2014),Drama,250538.0,11566
118814,Playing It Cool (2014),Comedy|Romance,277547.0,11567
118880,"Girl Walks Home Alone at Night, A (2014)",Horror|Romance|Thriller,252171.0,11568
118888,Dave Chappelle: For What it's Worth (2004),Comedy,20147.0,11569
118896,Mommy (2014),Drama,265177.0,11570
118898,A Most Violent Year (2014),Action|Crime|Drama|Thriller,241239.0,11571
118900,Wild (2014),Drama,228970.0,11572
118924,Top Five (2014),Comedy,284296.0,11573
118930,Bill Burr: I'm Sorry You Feel That Way (2014),Comedy,308571.0,11574
118970,Redirected (2014),Action|Comedy|Crime,190469.0,11575
118985,Big Eyes (2014),Drama,87093.0,11576
118997,Into the Woods (2014),Children|Comedy|Fantasy|Musical,224141.0,11577
119065,Scooby-Doo! and the Witch's Ghost (1999),Animation|Comedy|Mystery,17681.0,11578
119068,"Men, Women & Children (2014)",Comedy|Drama,243684.0,11579
119139,Ascension (2014),Drama|Sci-Fi,312497.0,11580
119141,The Interview (2014),Action|Comedy,228967.0,11581
119145,Kingsman: The Secret Service (2015),Action|Adventure|Comedy|Crime,207703.0,11582
119153,Bill Burr: You People Are All the Same (2012),Comedy,191489.0,11583
119155,Night at the Museum: Secret of the Tomb (2014),Adventure|Children|Comedy|Fantasy,181533.0,11584
119218,The Punisher: Dirty Laundry (2012),Action|Crime|Drama,120605.0,11585
119655,Seventh Son (2014),Adventure|Children|Fantasy,68737.0,11586
120130,Into the Forest of Fireflies' Light (2011),Animation|Drama|Fantasy,92321.0,11587
120132,Annie (2014),Children|Comedy|Drama|Musical,196867.0,11588
120138,PK (2014),Comedy|Drama|Fantasy|Mystery|Romance,297222.0,11589
120392,Comet (2014),Comedy|Drama|Romance|Sci-Fi,276908.0,11590
120466,Chappie (2015),Action|Thriller,198184.0,11591
120468,Toy Story Toons: Partysaurus Rex (2012),Animation|Children|Comedy,130925.0,11592
120474,Toy Story That Time Forgot (2014),Animation|Children,256835.0,11593
120478,The Salt of the Earth (2014),Documentary,265297.0,11594
120625,The Fool (2014),Drama,285700.0,11595
120635,Taken 3 (2015),Action|Crime|Thriller,260346.0,11596
120637,Blackhat (2015),Action|Crime|Drama|Mystery|Thriller,201088.0,11597
120783,Son of a Gun (2014),Action|Crime|Drama,294652.0,11598
120799,Terminator Genisys (2015),Action|Adventure|Sci-Fi|Thriller,87101.0,11599
120807,John Mulaney: New In Town (2012),Comedy,86705.0,11600
120813,Patton Oswalt: My Weakness Is Strong (2009),Comedy,27317.0,11601
120825,The Woman in Black 2: Angel of Death (2015),Drama|Horror|Thriller,288158.0,11602
120853,Fresh Guacamole (2012),Animation,142563.0,11603
121035,Houdini (2014),Drama,289394.0,11604
121099,101 Dalmatians II: Patch's London Adventure (2003),Animation|Children,13654.0,11605
121111,V (1983),Drama|Sci-Fi,101660.0,11606
121155,Kevin Hart: Let Me Explain (2013),Comedy|Documentary,181330.0,11607
121169,The Duke of Burgundy (2014),Drama,250225.0,11608
121171,Red Army (2014),Documentary,256876.0,11609
121190,When in Rome (2002),Children|Comedy,39227.0,11610
121231,It Follows (2014),Horror,270303.0,11611
121235,The Anomaly (2014),Action|Sci-Fi|Thriller,269173.0,11612
121253,The Town that Dreaded Sundown (2014),Horror|Thriller,287084.0,11613
121372,Bill Burr: Let It Go (2010),Comedy,46967.0,11614
121374,Bill Burr: Why Do I Do This? (2008),Comedy,32836.0,11615
122104,Kevin Hart: Seriously Funny (2010),Comedy,42189.0,11616
122882,Mad Max: Fury Road (2015),Action|Adventure|Sci-Fi|Thriller,76341.0,11617
122884,Insidious: Chapter 3 (2015),Fantasy|Horror|Thriller,280092.0,11618
122886,Star Wars: Episode VII - The Force Awakens (2015),Action|Adventure|Fantasy|Sci-Fi|IMAX,140607.0,11619
122888,Ben-hur (2016),(no genres listed),271969.0,11620
122890,Warcraft (2016),Action|Adventure|Fantasy,68735.0,11621
122892,Avengers: Age of Ultron (2015),Action|Adventure|Sci-Fi,99861.0,11622
122896,Pirates of the Caribbean: Dead Men Tell No Tales (2017),(no genres listed),166426.0,11623
122898,Justice League (2017),Action|Adventure|Sci-Fi,141052.0,11624
122900,Ant-Man (2015),Action|Adventure|Sci-Fi,102899.0,11625
122902,Fantastic Four (2015),Action|Adventure|Fantasy|Sci-Fi,166424.0,11626
122904,Deadpool (2016),Action|Adventure|Comedy|Sci-Fi,293660.0,11627
122906,Black Panther (2017),Action|Adventure|Sci-Fi,284054.0,11628
122910,Captain Marvel (2018),Action|Adventure|Sci-Fi,299537.0,11629
122912,Avengers: Infinity War - Part I (2018),Action|Adventure|Sci-Fi,299536.0,11630
122914,Avengers: Infinity War - Part II (2019),Action|Adventure|Sci-Fi,299534.0,11631
122916,Thor: Ragnarok (2017),Action|Adventure|Sci-Fi,284053.0,11632
122918,Guardians of the Galaxy 2 (2017),Action|Adventure|Sci-Fi,283995.0,11633
122920,Captain America: Civil War (2016),Action|Sci-Fi|Thriller,271110.0,11634
122922,Doctor Strange (2016),Action|Adventure|Sci-Fi,284052.0,11635
122924,X-Men: Apocalypse (2016),Action|Adventure|Fantasy|Sci-Fi,246655.0,11636
122926,Untitled Spider-Man Reboot (2017),Action|Adventure|Fantasy,202249.0,11637
122940,Clear History (2013),Comedy,133790.0,11638
123200,Jim Jefferies: I Swear to God (2009),Comedy,31981.0,11639
123288,Taken (2002),Sci-Fi,150004.0,11640
123571,Jim Jefferies: Alcoholocaust (2010),Comedy,49505.0,11641
123947,Cake (2014),Drama,284276.0,11642
124859,The Gambler (2014),Crime|Drama|Thriller,284536.0,11643
124867,Justice League: Throne of Atlantis (2015),Action|Animation,297556.0,11644
125914,Mortdecai (2015),Adventure|Comedy|Mystery|Romance,210860.0,11645
125916,Fifty Shades of Grey (2015),Drama|Romance,216015.0,11646
125926,Kiwi! (2006),Action|Animation,53215.0,11647
125970,Halloweentown (1998),Adventure|Children|Comedy|Fantasy,27850.0,11648
125972,Halloweentown II: Kalabar's Revenge (2001),Adventure|Children|Comedy|Drama|Fantasy,34205.0,11649
125974,Halloweentown High (2004),Adventure|Children|Comedy|Fantasy,34560.0,11650
126008,Signs (2008),Romance,53214.0,11651
126084,The Horribly Slow Murderer with the Extremely Inefficient Weapon (2008),Comedy|Horror,27618.0,11652
126090,Hedgehog in the Fog (1975),Animation,36129.0,11653
126106,Beastie Boys: Sabotage (1994),(no genres listed),53285.0,11654
126426,Solyaris (1968),Drama|Sci-Fi,321130.0,11655
126430,The Pacific (2010),Action|Adventure|Drama|War,189197.0,11656
126482,Strange Magic (2015),Animation|Children|Fantasy|Musical,302429.0,11657
126548,The DUFF (2015),Comedy,272693.0,11658
126575,Everly (2014),Action|Thriller,277355.0,11659
126599,The Little Death (2014),Comedy,276844.0,11660
126921,The Fox and the Hound 2 (2006),Adventure|Animation|Children|Comedy,9948.0,11661
127040,Fantomas (Fantômas) (1964),Adventure|Comedy|Crime|Fantasy,1871.0,11662
127042,Fantomas Unleashed (Fantômas se déchaîne) (1965),Adventure|Comedy|Crime|Fantasy,1870.0,11663
127044,Fantomas vs. Scotland Yard (Fantômas contre Scotland Yard) (1967),Adventure|Comedy|Crime|Fantasy,1875.0,11664
127052,Operation 'Y' & Other Shurik's Adventures (1965),Comedy|Crime|Romance,20875.0,11665
127084,Suicide Room (2011),Drama|Thriller,72478.0,11666
127096,Project Almanac (2015),Sci-Fi|Thriller,227719.0,11667
127098,Louis C.K.: Live at The Comedy Store (2015),Comedy,321594.0,11668
127108,Brooklyn (2015),Drama|Romance,167073.0,11669
127110,Digging for Fire (2015),Drama,295490.0,11670
127114,The End of the Tour (2015),Drama,249688.0,11671
127116,Experimenter (2015),Drama,309299.0,11672
127124,I'll See You in My Dreams (2015),Comedy|Drama,310121.0,11673
127128,Mississippi Grind (2015),Drama,309242.0,11674
127130,Mistress America (2015),Comedy,309245.0,11675
127134,A Walk in the Woods (2015),Adventure|Comedy|Drama,232572.0,11676
127136,True Story (2015),Drama|Mystery|Thriller,245706.0,11677
127140,Sleeping with Other People (2015),Comedy|Drama|Romance,288036.0,11678
127144,Drunk Stoned Brilliant Dead: The Story of the National Lampoon (2015),Comedy|Documentary,319070.0,11679
127146,Kurt Cobain: Montage of Heck (2015),Documentary,319075.0,11680
127148,The Hunting Ground (2015),Documentary,319091.0,11681
127152,Going Clear: Scientology and the Prison of Belief (2015),Documentary,318224.0,11682
127158,Tig (2015),Documentary,318225.0,11683
127164,"What Happened, Miss Simone? (2015)",Documentary,318044.0,11684
127178,99 Homes (2014),Drama,283235.0,11685
127180,"Story of Film: An Odyssey, The (2011)",Documentary,125336.0,11686
127186,Girlhood (2014),Drama,266082.0,11687
127188,Advantageous (2015),Children|Drama|Sci-Fi,308457.0,11688
127196,The Diary of a Teenage Girl (2015),Drama,250124.0,11689
127198,Dope (2015),Comedy|Drama,308639.0,11690
127202,Me and Earl and the Dying Girl (2015),Drama,308369.0,11691
127204,The Overnight (2015),Comedy,308024.0,11692
127206,"People, Places, Things (2015)",Comedy,308027.0,11693
127208,Results (2015),Comedy|Romance,294132.0,11694
127212,The Stanford Prison Experiment (2015),Drama|Thriller,308032.0,11695
127218,Z for Zachariah (2015),Sci-Fi,193687.0,11696
127298,A Pigeon Sat on a Branch Reflecting on Existence (2014),Comedy|Drama,110390.0,11697
127315,Alien Outpost (2014),Action|Sci-Fi|Thriller,312526.0,11698
127319,The Loft (2014),Thriller,72784.0,11699
127321,[REC] 4: Apocalypse (2014),Horror|Thriller,185341.0,11700
127323,Vice (2015),Action|Adventure|Sci-Fi|Thriller,307663.0,11701
127390,Family Guy Presents: Blue Harvest (2007),Animation|Comedy,278468.0,11702
127441,Last Days in Vietnam (2014),Documentary|War,250761.0,11703
127565,Lost River (2014),Fantasy|Thriller,167810.0,11704
128089,Kevin Hart: I'm a Grown Little Man (2009),Comedy,27866.0,11705
128099,Jim Jefferies: BARE (2014),Comedy,289333.0,11706
128320,Monty Python: Almost the Truth - Lawyers Cut (2009),Comedy|Documentary,138394.0,11707
128360,The Hateful Eight (2015),Western,273248.0,11708
128488,Wild Card (2015),Action|Crime|Drama|Thriller,265208.0,11709
128512,Paper Towns (2015),Drama|Mystery|Romance,286565.0,11710
128520,The Wedding Ringer (2015),Comedy,252838.0,11711
128542,Wyrmwood (2015),Action|Horror|Sci-Fi,290999.0,11712
128592,The Boy Next Door (2015),Mystery|Thriller,241251.0,11713
128594,Boy Meets Girl (2015),Comedy|Drama|Romance,263105.0,11714
128604,Knight of Cups (2015),Drama,86835.0,11715
128606,45 Years (2015),Drama,311291.0,11716
128620,Victoria (2015),Crime|Drama|Romance,320007.0,11717
128632,Home Sweet Hell (2015),Comedy|Drama,276839.0,11718
128671,Timbuktu (2014),Drama,265228.0,11719
128679,The Year Without a Santa Claus (1974),Animation|Children,13397.0,11720
128695,The Dark Valley (2014),Western,248933.0,11721
128736,I'm Here (2010),Drama,37058.0,11722
128832,The Last Five Years (2014),Comedy|Drama|Musical|Romance,206296.0,11723
128838,Crimson Peak (2015),Horror,201085.0,11724
128852,Chris Rock: Bigger & Blacker (1999),Comedy,17870.0,11725
128912,Mike Birbiglia: My Girlfriend's Boyfriend (2013),Comedy,216652.0,11726
128944,"Honey, We Shrunk Ourselves (1997)",Action|Adventure|Children|Comedy|Sci-Fi,11425.0,11727
128968,Stitch! The Movie (2003),Animation|Children|Comedy,15567.0,11728
128975,Hot Tub Time Machine 2 (2015),Comedy|Sci-Fi,243938.0,11729
129013,Eddie Izzard: Circle (2002),Comedy,13587.0,11730
129032,Sense & Sensibility (2008),Drama|Romance,315010.0,11731
129313,Reality (2014),Comedy,179150.0,11732
129354,Focus (2015),Comedy|Crime|Drama|Romance,256591.0,11733
129362,Merchants of Doubt (2014),Documentary,288789.0,11734
129370,"SpongeBob Movie: Sponge Out of Water, The (2015)",Adventure|Animation|Children|Comedy,228165.0,11735
129372,Demonic (2015),Horror|Thriller,234212.0,11736
129397,Marvel One-Shot: Item 47 (2012),Action|Fantasy|Sci-Fi,119569.0,11737
129428,The Second Best Exotic Marigold Hotel (2015),Comedy|Drama,268238.0,11738
129514,George Carlin: It's Bad for Ya! (2008),Comedy,13643.0,11739
129657,Tracers (2015),Action,290764.0,11740
129659,"McFarland, USA (2015)",Drama,228203.0,11741
129707,The Lazarus Effect (2015),Horror|Thriller,243940.0,11742
129737,Unfinished Business (2015),Comedy,239573.0,11743
129739,Bogowie (2014),Drama,298040.0,11744
129779,Ghost in the Shell Arise - Border 1: Ghost Pain (2013),Action|Animation|Sci-Fi,196750.0,11745
129781,About Alex (2014),Drama,259956.0,11746
129820,Spare Parts (2015),Drama,264337.0,11747
129937,Run All Night (2015),Action|Crime|Drama|Thriller,241554.0,11748
130044,Late Phases (2014),Drama|Horror,254193.0,11749
130052,Clown (2014),Drama|Horror,112454.0,11750
130073,Cinderella (2015),Children|Drama|Fantasy|Romance,150689.0,11751
130075,Frozen Fever (2015),Adventure|Animation,326359.0,11752
130083,Kidnapping Mr. Heineken (2015),Action|Crime|Drama|Thriller,228968.0,11753
130087,The Cobbler (2015),Comedy|Drama|Fantasy,238215.0,11754
130351,The Wrecking Crew (2008),Documentary,70027.0,11755
130448,Poltergeist (2015),Horror|Thriller,243688.0,11756
130450,Pan (2015),Adventure|Children|Fantasy,266647.0,11757
130452,While We're Young (2014),Comedy|Drama,252512.0,11758
130474,Suite Française (2015),Drama|Romance|War,271674.0,11759
130490,Insurgent (2015),Action|Sci-Fi|Thriller,262500.0,11760
130492,Dum Laga Ke Haisha (2015),Children|Comedy|Romance,325138.0,11761
130496,Big Game (2014),Action|Adventure,230179.0,11762
130506,Berserk: The Golden Age Arc 2 - The Battle for Doldrey (2012),Action|Animation|Fantasy,118412.0,11763
130508,Berserk: The Golden Age Arc - The Egg of the King (2012),Action|Adventure|Animation|Fantasy|Horror,113082.0,11764
130510,Berserk: The Golden Age Arc 3 - Descent (2013),Action|Animation|Fantasy,144288.0,11765
130518,The Amazing Screw-On Head (2006),Action|Adventure|Animation|Comedy|Sci-Fi,213110.0,11766
130520,Home (2015),Adventure|Animation|Children|Comedy|Fantasy|Sci-Fi,228161.0,11767
130576,Midnight Special (2015),Drama|Sci-Fi,245703.0,11768
130578,"Gunman, The (2015)",Action|Thriller,266396.0,11769
130618,Baby (2015),Action|Crime|Mystery|Thriller,314389.0,11770
130628,Boys (2014),Drama,244063.0,11771
130634,Furious 7 (2015),Action|Crime|Thriller,168259.0,11772
130636,Unfriended (2014),Horror|Mystery|Thriller,277685.0,11773
130642,Backcountry (2014),Drama|Horror|Thriller,228973.0,11774
130684,We Are Still Here (2015),Horror,291272.0,11775
130686,The Final Girls (2015),Comedy|Horror,293970.0,11776
130840,Spring (2015),Horror|Romance|Sci-Fi,241855.0,11777
130842,Power/Rangers (2015),Action|Adventure|Sci-Fi,327029.0,11778
130956,Child 44 (2015),Crime|Thriller,181283.0,11779
130970,George Carlin: Life Is Worth Losing (2005),Comedy,13015.0,11780
130976,Legend No. 17 (2013),Drama,184155.0,11781
130978,Love and Pigeons (1985),Comedy|Romance,32334.0,11782
130988,A Little Chaos (2014),Drama|Romance,283227.0,11783
131013,Get Hard (2015),Comedy|Crime,257091.0,11784
131023,That Sugar Film (2014),Documentary,305091.0,11785
131050,Stargate SG-1 Children of the Gods - Final Cut (2009),Adventure|Sci-Fi|Thriller,80527.0,11786
131066,Ronal the Barbarian (2011),Adventure|Animation|Fantasy,79433.0,11787
131080,Cinderella III: A Twist in Time (2007),Animation|Children|Fantasy|Musical|Romance,16119.0,11788
131092,"Mickey, Donald, Goofy: The Three Musketeers (2004)",Adventure|Animation|Children|Comedy,21385.0,11789
131168,Phoenix (2014),Drama,254578.0,11790
131170,Parallels (2015),Sci-Fi|Thriller,328595.0,11791
131237,What Men Talk About (2010),Comedy,35428.0,11792
131248,Brother Bear 2 (2006),Adventure|Animation|Children|Comedy|Fantasy,10010.0,11793
131252,Forklift Driver Klaus: The First Day on the Job (2001),Comedy|Horror,9677.0,11794
131270,Kung Fu Jungle (2014),Action|Crime|Thriller,290864.0,11795
131389,Sabrina the Teenage Witch (1996),Children|Comedy|Fantasy|Sci-Fi,15674.0,11796
131433,Confession of Murder (2012),Action|Thriller,140212.0,11797
131439,Kill Me Three Times (2014),Thriller,237756.0,11798
131444,Rurouni Kenshin: The Legend Ends (2014),Action|Adventure|Drama,221732.0,11799
131446,Rurouni Kenshin: Kyoto Inferno (2014),Action|Adventure|Animation|Drama,221731.0,11800
131451,The Atticus Institute (2015),Horror,299551.0,11801
131470,The Houses October Built (2014),Horror,293572.0,11802
131656,Shaun the Sheep Movie (2015),Adventure|Animation|Children|Comedy,263109.0,11803
131658,Infinitely Polar Bear (2014),Comedy|Drama|Romance,244539.0,11804
131714,Last Knights (2015),Action|Adventure,308504.0,11805
131724,The Jinx: The Life and Deaths of Robert Durst (2015),Documentary,321640.0,11806
131739,Batman vs. Robin (2015),Action|Adventure|Animation,321528.0,11807
131796,Woman in Gold (2015),Drama,304357.0,11808
131830,Samba (2014),Comedy|Drama,269148.0,11809
131842,Cut Bank (2014),Thriller,276902.0,11810
131920,The Road Within (2014),Comedy|Drama,228108.0,11811
132012,Lemonade Mouth (2011),Children,65218.0,11812
132046,Tomorrowland (2015),Action|Adventure|Children|Mystery|Sci-Fi,158852.0,11813
132056,The Forger (2014),Crime|Drama|Thriller,255157.0,11814
132112,Good Kill (2014),Drama|Thriller,253626.0,11815
132128,Faults (2015),Drama|Thriller,243526.0,11816
132146,The Harvest (2013),Drama|Thriller,229182.0,11817
132157,Paul Blart: Mall Cop 2 (2015),Action|Comedy|Crime,256961.0,11818
132335,Breathe (2014),Drama,270400.0,11819
132424,The Longest Ride (2015),Drama|Romance,228205.0,11820
132446,Atari: Game Over (2014),Documentary,284470.0,11821
132456,Lage Raho Munna Bhai (2006),Comedy|Drama|Romance,21461.0,11822
132480,The Age of Adaline (2015),Drama|Fantasy|Romance,293863.0,11823
132496,Danny Collins (2015),Comedy|Drama,256924.0,11824
132549,Grandma (2015),(no genres listed),309304.0,11825
132555,Winning Time: Reggie Miller vs. The New York Knicks (2010),Documentary,39185.0,11826
132569,Comedy Central Roast of Justin Bieber (2015),Comedy,333103.0,11827
132630,Tinker Bell and the Legend of the NeverBeast (2014),Adventure|Animation|Children,297270.0,11828
132632,The Pirate Fairy (2014),Animation|Children|Fantasy,175112.0,11829
132652,Mother's Day (2010),Crime|Drama|Horror|Thriller,101669.0,11830
132660,Man Up (2015),Comedy|Romance,332340.0,11831
132796,San Andreas (2015),Action|Drama|Thriller,254128.0,11832
132798,Regression (2015),Thriller,241257.0,11833
132800,Welcome to Me (2014),Comedy|Drama,284537.0,11834
132883,Testament of Youth (2014),Drama|War,284689.0,11835
132888,Comedy Central Roast of James Franco (2013),Comedy,300302.0,11836
132961,Far from the Madding Crowd (2015),Drama,250734.0,11837
133001,The Spy Who Loved Flowers (1966),Adventure,182067.0,11838
133123,Barbie as The Princess & the Pauper (2004),Animation|Children|Comedy,15165.0,11839
133127,Barbie of Swan Lake (2003),Animation|Children,15016.0,11840
133139,Barbie in the 12 Dancing Princesses (2006),Animation|Children,13002.0,11841
133167,Barbie as Rapunzel (2002),Animation|Children,15015.0,11842
133185,The Bélier Family (2014),Comedy,304410.0,11843
133195,Hitman: Agent 47 (2015),Action|Crime|Thriller,249070.0,11844
133219,Tinker Bell and the Great Fairy Rescue (2010),Adventure|Animation|Children|Fantasy,44683.0,11845
133281,Ricki and the Flash (2015),Comedy|Drama,275601.0,11846
133377,Infini (2015),Horror|Sci-Fi|Thriller,301728.0,11847
133389,Piku (2015),Comedy|Drama,332835.0,11848
133419,Pitch Perfect 2 (2015),Comedy,254470.0,11849
133545,Just Before I Go (2014),Comedy|Drama,258099.0,11850
133645,Carol (2015),Drama|Romance,258480.0,11851
133712,Office Romance (1977),Comedy|Romance,31139.0,11852
133716,Bootleggers (1961),Comedy|Crime,42279.0,11853
133767,Andaz Apna Apna (1994),Comedy|Drama|Romance,58128.0,11854
133769,Hera Pheri (2000),Comedy,21614.0,11855
133771,The Lobster (2015),Comedy|Romance|Sci-Fi,254320.0,11856
133782,Maggie (2015),Drama|Horror|Thriller,287424.0,11857
133798,Hot Pursuit (2015),Action|Comedy,268920.0,11858
133802,Slow West (2015),Action|Thriller|Western,223485.0,11859
133824,The Human Centipede III (Final Sequence) (2015),Horror,94365.0,11860
133832,The Green Inferno (2014),Horror|Thriller,171424.0,11861
133867,Barely Lethal (2015),Action|Adventure|Comedy,248574.0,11862
133869,MI-5 (2015),Action|Drama|Thriller,292040.0,11863
133945,Deep Web (2015),Documentary,321769.0,11864
134021,5 to 7 (2014),Comedy|Drama|Romance,259954.0,11865
134041,Afonya (1975),Comedy|Drama|Romance,20870.0,11866
134109,Radio Day (2008),Comedy,25936.0,11867
134130,The Martian (2015),Adventure|Drama|Sci-Fi,286217.0,11868
134170,Kung Fury (2015),Action|Comedy|Fantasy|Sci-Fi,251516.0,11869
134184,Elections Day (2007),Comedy,20963.0,11870
134204,A Hard Day (2014),Action|Crime|Thriller,269494.0,11871
134214,Youth (2015),Drama,310593.0,11872
134246,Survivor (2015),Action|Thriller,334074.0,11873
134248,Hot Girls Wanted (2015),Documentary,318256.0,11874
134250,Striped Trip (1961),Comedy,45210.0,11875
134252,That Munchhausen (1979),Comedy|Drama|Fantasy,27937.0,11876
134326,The Taming of the Scoundrel (1980),Comedy,10986.0,11877
134368,Spy (2015),Action|Comedy|Crime,238713.0,11878
134374,Tinker Bell (2008),Adventure|Animation|Children|Fantasy,13179.0,11879
134393,Trainwreck (2015),Comedy|Romance,271718.0,11880
134528,Aloha (2015),Comedy|Drama|Romance,222936.0,11881
134569,She's Funny That Way (2015),Comedy,245906.0,11882
134680,Taxi (2015),Comedy|Drama,320006.0,11883
134751,The Fantastic Flying Books of Mr. Morris Lessmore (2011),Adventure|Animation|Children|Drama,86412.0,11884
134775,Dragon Blade (2015),Action|Adventure|Drama,300168.0,11885
134783,Entourage (2015),Comedy,188222.0,11886
134796,Bitter Lake (2015),Documentary,321109.0,11887
134849,Duck Amuck (1953),Animation|Children|Comedy,53210.0,11888
134851,5 Flights Up (2014),Drama,286521.0,11889
134853,Inside Out (2015),Adventure|Animation|Children|Comedy|Drama|Fantasy,150540.0,11890
134859,The Wolfpack (2015),Documentary,307931.0,11891
134867,Tanu Weds Manu (2011),Comedy|Drama|Romance,58333.0,11892
134881,Love & Mercy (2014),Drama,271714.0,11893
134945,Police Story 2013 (2013),Action|Crime|Drama|Thriller,219572.0,11894
135127,Metro (2013),Action|Thriller,174733.0,11895
135133,The Hunger Games: Mockingjay - Part 2 (2015),Adventure|Sci-Fi,131634.0,11896
135135,Max (2015),Adventure|Children|Drama,272878.0,11897
135137,Pixels (2015),Action|Comedy|Sci-Fi,257344.0,11898
135141,Allegiant: Part 1 (2016),Adventure|Sci-Fi,262504.0,11899
135143,Fantastic Beasts and Where to Find Them (2016),Fantasy,259316.0,11900
135216,The Star Wars Holiday Special (1978),Adventure|Children|Comedy|Sci-Fi,74849.0,11901
135264,Zenon: Girl of the 21st Century (1999),Adventure|Children|Comedy,34766.0,11902
135288,Mr. Holmes (2015),Drama|Mystery,280996.0,11903
135426,Fantastic Beasts and Where to Find Them 2 (2018),(no genres listed),338952.0,11904
135436,The Secret Life of Pets (2016),Animation|Comedy,328111.0,11905
135442,The Skeleton Dance (1929),Animation,88018.0,11906
135456,Ghost in the Shell: Stand Alone Complex - The Laughing Man (2005),Action|Animation|Crime|Sci-Fi,18839.0,11907
135502,The Boy and the World (2013),Animation,223706.0,11908
135504,Little Boy (2015),Comedy|Drama|War,256962.0,11909
135518,Self/less (2015),Action|Mystery|Sci-Fi|Thriller,238615.0,11910
135530,Criminal (2016),Action|Crime|Drama|Sci-Fi,302156.0,11911
135532,The Last Witch Hunter (2015),Action|Adventure|Fantasy,274854.0,11912
135534,Krampus (2015),Comedy|Fantasy|Horror,287903.0,11913
135536,Suicide Squad (2016),Action|Crime|Sci-Fi,297761.0,11914
135567,Independence Day: Resurgence (2016),Action|Adventure|Sci-Fi,47933.0,11915
135569,Star Trek Beyond (2016),Action|Adventure|Sci-Fi,188927.0,11916
135625,Final Girl (2015),Action|Drama|Thriller,277558.0,11917
135753,The Dawns Here are Quiet (1972),Drama|War,49106.0,11918
135861,Ted 2 (2015),Comedy,214756.0,11919
135867,Rabbit Fire (1951),Animation|Children|Comedy,53220.0,11920
135875,Queen (2014),Comedy,247645.0,11921
135885,Absolutely Anything (2015),Comedy|Sci-Fi,86828.0,11922
135887,Minions (2015),Adventure|Animation|Children|Comedy,211672.0,11923
135889,The House at the End of Time (2013),Horror,207686.0,11924
136016,The Good Dinosaur (2015),Adventure|Animation|Children|Comedy|Fantasy,105864.0,11925
136018,Black Mass (2015),Crime|Drama,261023.0,11926
136020,Spectre (2015),Action|Adventure|Crime,206647.0,11927
136204,The Second Mother (2015),Drama,310569.0,11928
136239,Smart House (1999),Children|Drama|Fantasy|Sci-Fi,35215.0,11929
136247,Scooby-Doo on Zombie Island (1998),Animation|Children|Comedy|Mystery,13151.0,11930
136305,Sharknado 3: Oh Hell No! (2015),Horror|Sci-Fi,331446.0,11931
136335,Scooby-Doo and the Alien Invaders (2000),Animation|Children,20410.0,11932
136337,Scooby-Doo and the Cyber Chase (2001),Animation|Children,15601.0,11933
136443,Gabriel Iglesias: Hot and Fluffy (2007),Comedy,20720.0,11934
136445,George Carlin: Back in Town (1996),Comedy,34509.0,11935
136447,George Carlin: You Are All Diseased (1999),Comedy,34513.0,11936
136449,Ghost in the Shell 2.0 (2008),Action|Animation|Sci-Fi,14092.0,11937
136457,Jeff Dunham: Arguing with Myself (2006),Comedy,14542.0,11938
136459,Jeff Dunham: Spark of Insanity (2007),Comedy,14540.0,11939
136463,Jim Gaffigan: Beyond the Pale (2006),Comedy,108930.0,11940
136467,Kim Possible: A Sitch in Time (2003),Action|Adventure|Animation|Children,51786.0,11941
136469,Larry David: Curb Your Enthusiasm (1999),Comedy,261414.0,11942
136477,One Froggy Evening (1955),Animation|Children|Comedy,53211.0,11943
136485,Robot Chicken: Star Wars (2007),Animation|Comedy|Sci-Fi,42979.0,11944
136501,Three Little Pigs (1933),Animation|Children|Comedy|Musical,34463.0,11945
136538,Teen Titans: Trouble in Tokyo (2007),Action|Adventure|Animation|Children|Sci-Fi,16237.0,11946
136542,Mickey's Christmas Carol (1983),Animation|Children,14813.0,11947
136556,Kung Fu Panda: Secrets of the Masters (2011),Animation|Children,81003.0,11948
136562,Steve Jobs (2015),Drama,321697.0,11949
136564,Macbeth (2015),Drama,225728.0,11950
136588,Santa Claus is Comin' to Town (1970),Animation|Children|Fantasy,13400.0,11951
136598,Vacation (2015),Adventure|Comedy,296099.0,11952
136602,Creep (2014),Horror|Thriller,250574.0,11953
136798,Let Us Prey (2014),Horror,276488.0,11954
136864,Batman v Superman: Dawn of Justice (2016),Action|Adventure|Fantasy|Sci-Fi,209112.0,11955
137337,Amy (2015),Documentary,331781.0,11956
137595,Magic Mike XXL (2015),Comedy|Drama,264999.0,11957
137857,The Jungle Book (2016),Adventure|Drama|Fantasy,278927.0,11958
137863,Dragon Ball Z: Resurrection of F (2015),Action|Adventure|Animation|Fantasy,303857.0,11959
137904,"I, Claudius (1976)",Drama,206514.0,11960
138036,The Man from U.N.C.L.E. (2015),Action|Adventure|Comedy,203801.0,11961
138104,Justice League: Gods and Monsters (2015),Action|Animation,323027.0,11962
138202,Burying the Ex (2015),Comedy|Horror,255798.0,11963
138204,7 Days in Hell (2015),Comedy,287689.0,11964
138208,The Walk (2015),Adventure|Drama|Thriller,285783.0,11965
138210,13 Hours (2016),Drama,300671.0,11966
138212,Spectral (2016),(no genres listed),324670.0,11967
138230,Staten Island Summer (2015),Comedy,343934.0,11968
138610,The Gallows (2015),Horror|Thriller,299245.0,11969
138702,Feast (2014),Animation|Children|Comedy|Drama|Romance,293299.0,11970
138835,Return to Treasure Island (1988),Adventure|Animation|Comedy,49418.0,11971
139052,Dark Places (2015),Drama|Mystery|Thriller,182560.0,11972
139090,The U (2009),Documentary,54744.0,11973
139106,You Don't Know Bo (2012),Documentary,149255.0,11974
139120,Mustang (2015),Drama,336804.0,11975
139130,Afro Samurai (2007),Action|Adventure|Animation|Drama|Fantasy,62931.0,11976
139148,Bajrangi Bhaijaan (2015),(no genres listed),348892.0,11977
139385,The Revenant (2015),Adventure|Drama,281957.0,11978
139415,Irrational Man (2015),Crime|Drama,282984.0,11979
139417,Tale of Tales (2015),Fantasy,314405.0,11980
139525,Cartel Land (2015),Action|Documentary|Drama,317952.0,11981
139575,Baahubali: The Beginning (2015),Action|Drama,256040.0,11982
139642,Southpaw (2015),Action|Drama,307081.0,11983
139644,Sicario (2015),Crime|Drama|Mystery,273481.0,11984
139655,Goodnight Mommy (Ich seh ich seh) (2014),Drama|Fantasy|Horror|Thriller,284303.0,11985
139721,X+Y (2014),Comedy|Drama,278236.0,11986
139747,Before We Go (2014),Romance,283350.0,11987
139757,Best of Enemies (2015),Documentary,319067.0,11988
139855,Anomalisa (2015),Animation|Comedy|Fantasy,291270.0,11989
139857,Colonia (2016),Thriller,318781.0,11990
139859,Ghost in the Shell Arise - Border 2: Ghost Whispers (2013),Action|Animation|Sci-Fi|Thriller,212168.0,11991
139861,Ghost in the Shell Arise - Border 3: Ghost Tears (2014),Action|Animation|Sci-Fi,240341.0,11992
139863,Ghost in the Shell Arise - Border 4: Ghost Stands Alone (2014),Action|Animation|Sci-Fi,279254.0,11993
139915,How to Make Love Like an Englishman (2014),Comedy|Romance,253344.0,11994
140038,Madly in Love (1981),Comedy,11441.0,11995
140074,The Vatican Tapes (2015),Horror|Thriller,157544.0,11996
140106,Our Little Sister (2015),Comedy,315846.0,11997
140110,The Intern (2015),Comedy,257211.0,11998
140131,Extinction (2015),Drama|Horror|Sci-Fi,338676.0,11999
140160,Descendants (2015),Action|Adventure|Comedy,277217.0,12000
140162,Love (2015),Drama|Romance,292431.0,12001
140174,Room (2015),Drama,264644.0,12002
140247,The Gift (2015),Drama|Horror,328425.0,12003
140265,George Carlin: Jammin' in New York (1992),Comedy,25161.0,12004
140267,The Witch (2015),Horror,310131.0,12005
140289,Men & Chicken (2015),Comedy|Drama,296313.0,12006
140301,The Escort (2015),Comedy|Romance,351964.0,12007
140341,Lava (2015),Animation|Children,286192.0,12008
140481,"Family Guy Presents: Something, Something, Something, Dark Side (2009)",Animation|Comedy|Sci-Fi,278604.0,12009
140523,"Visit, The (2015)",Comedy|Horror,298312.0,12010
140525,Secret in Their Eyes (2015),Crime|Drama|Mystery,290751.0,12011
140529,Sinister 2 (2015),Horror|Mystery|Thriller,283445.0,12012
140627,Battle For Sevastopol (2015),Drama|Romance|War,332270.0,12013
140711,American Ultra (2015),Action|Comedy|Sci-Fi|Thriller,261392.0,12014
140713,No Escape (2015),Thriller,192141.0,12015
140715,Straight Outta Compton (2015),Drama,277216.0,12016
140725,Cop Car (2015),Crime|Thriller,310133.0,12017
140737,The Lost Room (2006),Action|Fantasy|Mystery,134777.0,12018
140747,16 Wishes (2010),Children|Drama|Fantasy,40205.0,12019
140769,Puella Magi Madoka Magica the Movie Part I: Beginnings (2012),Action|Animation|Horror|Mystery,152042.0,12020
140805,Attack on Titan (2015),Drama|Horror,295830.0,12021
140816,Tangerine (2015),Comedy|Drama,308084.0,12022
140820,Air (2015),Sci-Fi|Thriller,284674.0,12023
140928,Joy (2015),Comedy|Drama,274479.0,12024
140942,The Turkish Gambit (2005),Action|Adventure|Drama|Mystery,53129.0,12025
140956,Ready Player One,Action|Sci-Fi|Thriller,333339.0,12026
141004,Victor Frankenstein (2015),Drama|Horror|Sci-Fi,228066.0,12027
141131,Guardians (2016),(no genres listed),354556.0,12028
141166,Arthur 3: The War of the Two Worlds (2010),Adventure|Animation|Children|Fantasy,42949.0,12029
141397,Equals (2015),Drama|Sci-Fi,301875.0,12030
141402,Star Trek: Renegades (2015),Action|Adventure|Sci-Fi,329637.0,12031
141408,Scouts Guide to the Zombie Apocalypse (2015),Action|Comedy|Horror,273477.0,12032
141420,Paranormal Activity 2: Tokyo Night (2010),Horror|Thriller,59429.0,12033
141422,Suffragette (2015),Drama,245168.0,12034
141432,Sweet Red Bean Paste (2015),Drama,319373.0,12035
141544,Turbo Kid (2015),Action|Adventure|Sci-Fi,310135.0,12036
141648,We Are Your Friends (2015),Drama|Romance,301351.0,12037
141668,War Room (2015),Drama,323272.0,12038
141676,Joseph: King of Dreams (2000),Animation,16366.0,12039
141688,Legend (2015),Crime|Thriller,276907.0,12040
141702,Drishyam (2015),Drama|Mystery|Thriller,352173.0,12041
141714,Queen of Earth (2015),Drama,300542.0,12042
141718,Deathgasm (2015),Comedy|Horror,323373.0,12043
141749,The Danish Girl (2015),Drama,306819.0,12044
141761,Area 51 (2015),Horror|Sci-Fi|Thriller,57876.0,12045
141799,Cooties (2015),Comedy|Horror,241843.0,12046
141810,Autumn Marathon (1979),Comedy|Drama,27924.0,12047
141812,The Most Charming and Attractive (1985),Comedy|Romance,65142.0,12048
141816,12 Chairs (1976),Adventure|Comedy,27934.0,12049
141818,Ordinary Miracle (1978),Comedy|Drama|Fantasy|Romance,27935.0,12050
141826,The Garage (1979),Comedy|Drama,56547.0,12051
141830,Unbelievable Adventures of Italians in Russia (1974),Adventure|Comedy,57778.0,12052
141844,12 Chairs (1971),Adventure|Comedy,31648.0,12053
141846,Steve Jobs: The Man in the Machine (2015),Documentary,324308.0,12054
141866,Green Room (2015),(no genres listed),313922.0,12055
141890,Beasts of No Nation (2015),Drama|War,283587.0,12056
141924,The Lady in the Van (2015),Drama,328589.0,12057
141946,Meru (2015),Action|Adventure|Documentary,318279.0,12058
142032,The Transporter Refuelled (2015),Action|Crime|Thriller,287948.0,12059
142058,The Lorax (1972),Animation|Children,38060.0,12060
142074,Knock Knock (2015),Crime|Horror|Thriller,263472.0,12061
142082,The Nightmare (2015),Documentary,312827.0,12062
142084,Welcome to Leith (2015),Documentary|Thriller,318973.0,12063
142115,The Blue Planet (2001),Documentary,200813.0,12064
142158,Return to Halloweentown (2006),Adventure|Children|Comedy|Fantasy,34204.0,12065
142222,Demolition (2016),Drama,303991.0,12066
142258,Listen to Me Marlon (2015),Documentary,319076.0,12067
142366,Cigarette Burns (2005),Horror|Thriller,327389.0,12068
142372,Our Brand Is Crisis (2015),Comedy|Drama,10317.0,12069
142386,The Assassin (2015),Drama,253450.0,12070
142420,High Rise (2015),Action|Drama|Sci-Fi,254302.0,12071
142422,The Night Before (2015),Comedy,296100.0,12072
142424,Into the Forest (2015),Drama|Sci-Fi,334538.0,12073
142448,Everest (2015),Adventure|Drama|Thriller,253412.0,12074
142450,Puella Magi Madoka Magica the Movie Part III: Rebellion (2013),Animation|Fantasy|Mystery|Thriller,212162.0,12075
142452,Puella Magi Madoka Magica the Movie Part II: Eternal (2012),Action|Animation|Horror|Mystery,152044.0,12076
142456,The Brand New Testament (2015),(no genres listed),330764.0,12077
142488,Spotlight (2015),Thriller,314365.0,12078
142492,Son of Saul (2015),Drama,336050.0,12079
142503,Shut In (2015),Drama|Horror|Thriller,333674.0,12080
142507,Pawn Sacrifice (2015),Drama,245698.0,12081
142509,Hardcore Henry (2015),Action|Adventure|Sci-Fi,325348.0,12082
142536,Burnt (2015),Drama,295964.0,12083
142540,Visions (2015),Horror|Thriller,353686.0,12084
142598,Last Shift (2014),Horror,296065.0,12085
142602,"F*ck You, Goethe 2 (2015)",Comedy,329263.0,12086
142604,Pay the Ghost (2015),Horror|Thriller,290637.0,12087
142765,The Program (2015),Drama,271736.0,12088
142925,A Christmas Horror Story (2015),Horror,311539.0,12089
142997,Hotel Transylvania 2 (2015),Animation|Comedy,159824.0,12090
142999,Hidden (2015),Horror|Thriller,360784.0,12091
143209,Tremors 5: Bloodline (2015),Action|Horror|Sci-Fi,339530.0,12092
143237,Freeheld (2015),Drama|Romance,306745.0,12093
143239,By the Sea (2015),Drama|Romance,314385.0,12094
143245,The Little Prince (2015),Animation|Fantasy,309809.0,12095
143257,Ashby (2015),Comedy|Drama,330112.0,12096
143271,Dheepan (2015),Drama,314402.0,12097
143309,"Liza, the Fox-Fairy (2015)",Comedy|Fantasy|Romance,326333.0,12098
143345,Shazam! (2019),Action|Adventure|Fantasy|Sci-Fi,287947.0,12099
143347,Aquaman (2018),Action|Fantasy|Sci-Fi,297802.0,12100
143355,Wonder Woman (2017),Action|Adventure|Fantasy,297762.0,12101
143365,The Circle (2016),Drama|Sci-Fi|Thriller,339988.0,12102
143367,Silence (2016),Drama|Thriller,68730.0,12103
143385,Bridge of Spies (2015),Drama|Thriller,296098.0,12104
143387,Pitch Perfect 3 (2017),(no genres listed),353616.0,12105
143389,Les Misérables in Concert - The 25th Anniversary (2010),(no genres listed),158675.0,12106
143440,"Mune, le gardien de la lune (2015)",Animation|Children|Fantasy,323661.0,12107
143444,"Bigger Splash, A (2015)",Comedy|Crime|Drama|Mystery,324807.0,12108
143476,Where To Invade Next (2015),Documentary,352208.0,12109
143511,Human (2015),Documentary,359364.0,12110
143657,The Invitation (2015),Horror|Thriller,306947.0,12111
143859,"Hail, Caesar! (2016)",Comedy,270487.0,12112
143969,Er ist wieder da (2015),Comedy,318917.0,12113
143990,Little Dorrit (2008),Drama,47084.0,12114
144172,February (2015),Horror,334536.0,12115
144224,Baskin (2015),Horror,334394.0,12116
144482,Circle (2015),Drama|Horror|Sci-Fi,335866.0,12117
144606,Confessions of a Dangerous Mind (2002),Comedy|Crime|Drama|Romance|Thriller,4912.0,12118
144620,Goosebumps (2015),Adventure|Comedy|Horror,257445.0,12119
144632,Back In Time (2015),Documentary,330127.0,12120
144698,Miss You Already (2015),Comedy|Drama|Romance,290762.0,12121
144716,Rock the Kasbah (2015),Comedy,253414.0,12122
144734,Freaks of Nature (2015),Comedy|Horror|Sci-Fi,218784.0,12123
144762,Tales of Halloween (2015),Horror,306964.0,12124
144976,Bone Tomahawk (2015),Horror|Western,294963.0,12125
144982,Paranormal Activity: The Ghost Dimension (2015),Horror|Thriller,146301.0,12126
145030,The 33 (2015),Drama,293646.0,12127
145064,Suburra (2015),Crime|Drama,356296.0,12128
145066,Amy Schumer: Live at the Apollo (2015),Comedy,355178.0,12129
145070,They Look Like People (2015),Horror|Mystery|Thriller,325302.0,12130
145094,Howl (2015),Horror,301846.0,12131
145096,Barbie & Her Sisters in the Great Puppy Adventure (2015),Animation,361380.0,12132
145140,Fathers and Daughters (2015),Drama,254172.0,12133
145150,The Dressmaker (2015),Comedy|Drama|Thriller,298382.0,12134
145418,Trumbo (2015),Drama,294016.0,12135
145839,Concussion (2015),Drama,321741.0,12136
145935,"Peanuts Movie, The (2015)",Adventure|Animation|Children|Comedy,227973.0,12137
145994,Formula of Love (1984),Comedy,27940.0,12138
146002,D'Artagnan and Three Musketeers (1979),Adventure|Comedy,64042.0,12139
146024,A Man from Boulevard des Capucines (1987),Comedy|Romance|Western,45227.0,12140
146028,The Adventures of Sherlock Holmes and Dr. Watson: The Hound of the Baskervilles (1981),Crime|Mystery,84254.0,12141
146040,Three Men in a Boat (1979),Comedy,65123.0,12142
146196,Meet the Patels (2014),Documentary,266764.0,12143
146210,Blue Mountain State: The Rise of Thadland (2015),Comedy,288171.0,12144
146307,The Hallow (2015),Horror,312831.0,12145
146309,The Boy and the Beast (2015),Action|Adventure|Animation,315465.0,12146
146327,Can't Change the Meeting Place (1979),Action|Crime,67467.0,12147
146329,The Master and Margarita (2005),Drama|Mystery|Romance,51129.0,12148
146604,Naomi and Ely's No Kiss List (2015),Comedy|Drama|Romance,306952.0,12149
146642,Wildlike (2015),Adventure|Drama|Thriller,300654.0,12150
146656,Creed (2015),Drama,312221.0,12151
146662,Dragons: Gift of the Night Fury (2011),Adventure|Animation|Comedy,91417.0,12152
146672,The Gendarme of St. Tropez (1964),Comedy,4727.0,12153
146682,Twinsters (2015),Documentary,324325.0,12154
146684,Cosmic Scrat-tastrophe (2015),Animation|Children|Comedy,367326.0,12155
146688,Solace (2015),Fantasy|Mystery|Thriller,339527.0,12156
146866,Louder Than Bombs (2015),Drama,157827.0,12157
146900,Heist (2015),Action|Thriller,336004.0,12158
146926,400 Days (2015),Mystery|Sci-Fi|Thriller,332502.0,12159
147022,Love the Coopers (2015),Comedy,333348.0,12160
147196,The Girls (1961),Comedy|Romance,20975.0,12161
147246,Adventures of Mowgli (1973),Animation|Children,59803.0,12162
147250,The Adventures of Sherlock Holmes and Doctor Watson,(no genres listed),127605.0,12163
147282,What Men Still Talk About (2011),Comedy,83456.0,12164
147290,Seventeen Moments in Spring (1973),Adventure|Drama|War,38430.0,12165
147300,Adventures Of Sherlock Holmes And Dr. Watson: The Twentieth Century Approaches (1986),Crime|Mystery,270393.0,12166
147326,The Adventures of Sherlock Holmes and Doctor Watson: King of Blackmailers (1980),Crime|Mystery,126846.0,12167
147328,The Adventures of Sherlock Holmes and Dr. Watson: Bloody Signature (1979),Crime,72093.0,12168
147330,Sherlock Holmes and Dr. Watson: Acquaintance (1979),Crime,72095.0,12169
147410,A Perfect Day (2015),Comedy|Drama,321751.0,12170
147750,Rams (2015),(no genres listed),336222.0,12171
147831,Anthony Jeselnik: Thoughts and Prayers (2015),Comedy,364089.0,12172
147847,Point Break (2015),Action|Crime|Thriller,257088.0,12173
148036,Winter on Fire: Ukraine's Fight for Freedom (2015),Documentary,355020.0,12174
148166,Hitchcock/Truffaut (2015),Documentary,339751.0,12175
148172,The 5th Wave (2016),Adventure|Sci-Fi|Thriller,299687.0,12176
148238,A Very Murray Christmas (2015),Comedy,364067.0,12177
148280,Truman (2015),Comedy|Drama,341744.0,12178
148369,The Wave (2015),Action|Drama|Thriller,336882.0,12179
148424,Chi-Raq (2015),Comedy|Drama,340275.0,12180
148482,Truth (2015),Drama,300693.0,12181
148626,"Big Short, The (2015)",Drama,318846.0,12182
148652,The Ridiculous 6 (2015),Comedy|Western,347969.0,12183
148667,John Mulaney: The Comeback Kid (2015),Comedy,367735.0,12184
148671,Saw (2003),Crime|Horror,246355.0,12185
148775,Wizards of Waverly Place: The Movie (2009),Adventure|Children|Comedy|Drama|Fantasy|Sci-Fi,26736.0,12186
148855,Ghost in the Shell: The New Movie (2015),Animation|Sci-Fi,334376.0,12187
148881,World of Tomorrow (2015),Animation|Comedy,303867.0,12188
148888,Zoolander 2 (2016),Comedy,329833.0,12189
148956,How to Be Single (2016),Comedy|Romance,259694.0,12190
149011,He Never Died (2015),Comedy|Drama|Horror,279690.0,12191
149186,Fifty Shades of Black (2016),Comedy|Romance,351819.0,12192
149334,Nocturnal Animals,Drama|Thriller,340666.0,12193
149352,Daddy's Home (2015),Comedy,274167.0,12194
149354,Sisters (2015),Children|Comedy,266294.0,12195
149406,Kung Fu Panda 3 (2016),Action|Adventure|Animation,140300.0,12196
149552,Krisha (2015),(no genres listed),323929.0,12197
149650,Childhood's End (2015),Drama|Sci-Fi|Thriller,373977.0,12198
149830,Pride and Prejudice and Zombies (2016),Comedy|Horror|Romance|Thriller,58431.0,12199
150254,The Devil's Candy (2015),Horror,354216.0,12200
150258,Jane Got a Gun (2015),Action|Drama|Western,174751.0,12201
150262,Megamind: The Button Of Doom (2011),Action|Animation|Children|Comedy,57718.0,12202
150294,The Forest (2016),Horror|Thriller,329440.0,12203
150604,Moonwalkers (2015),Comedy,272548.0,12204
151113,A Man Called Ove (2015),Comedy|Drama,348678.0,12205
151199,"Un peu, beaucoup, aveuglément (2015)",Comedy,334878.0,12206
151311,Wiener-Dog (2016),Comedy,326094.0,12207
151315,Ride Along 2 (2016),Action|Comedy,323675.0,12208
151317,Maggie's Plan (2015),Comedy,312669.0,12209
151345,Batman: Bad Blood (2016),Animation,366924.0,12210
151455,Eddie the Eagle (2016),Comedy,319888.0,12211
151459,Airlift (2016),Drama|Thriller,375290.0,12212
151605,Lo and Behold: Reveries of the Connected World (2016),Documentary,360030.0,12213
151639,The Boy (2016),Horror|Thriller,321258.0,12214
151675,Lazer Team (2016),Comedy|Sci-Fi,279096.0,12215
151687,Risen (2016),Children|Drama,335778.0,12216
151695,The Survivalist (2015),Drama|Sci-Fi|Thriller,329004.0,12217
151731,April and the Twisted World (2015),Adventure|Animation|Comedy,340357.0,12218
151735,The Other Side of the Door (2016),Horror,364116.0,12219
151739,Dirty Grandpa (2016),Comedy,291870.0,12220
151759,Requiem for the American Dream (2015),Documentary,333377.0,12221
151763,Death Note Rewrite: Genshisuru Kami (2007),Mystery,333040.0,12222
151765,Death Note: R2 - L o Tsugu Mono (2008),Animation|Crime|Drama|Fantasy|Thriller,68555.0,12223
151769,Three from Prostokvashino (1978),Animation,77294.0,12224
151777,The Finest Hours (2016),Drama|Thriller,300673.0,12225
151781,Ghost in the Shell: Solid State Society (2006),Action|Animation|Crime|Sci-Fi|Thriller,18874.0,12226
151933,The Birth of a Nation (2016),Drama,339408.0,12227
152017,Me Before You (2016),Drama|Romance,296096.0,12228
152037,Grease Live (2016),(no genres listed),348089.0,12229
152057,Miles Ahead (2016),Drama,316000.0,12230
152059,"Crouching Tiger, Hidden Dragon: Sword of Destiny (2016)",Action|Adventure|Drama,263341.0,12231
152061,Triple 9 (2016),Crime|Drama,146198.0,12232
152063,Gods of Egypt (2016),Adventure|Fantasy,205584.0,12233
152065,Embrace of the Serpent (2016),Adventure|Drama,336808.0,12234
152071,Race (2016),Drama,323677.0,12235
152077,10 Cloverfield Lane (2016),Thriller,333371.0,12236
152079,London Has Fallen (2016),Action|Crime|Thriller,267860.0,12237
152081,Zootopia (2016),Action|Adventure|Animation|Children|Comedy,269149.0,12238
152083,Whiskey Tango Foxtrot (2016),Comedy|War,279641.0,12239
152091,The Brothers Grimsby (2016),Comedy,267193.0,12240
152163,A War (2015),Drama|War,348674.0,12241
152284,War and Peace (2016),Drama|Romance,378779.0,12242
152290,The Fear of 13 (2015),Documentary,367215.0,12243
152372,Southbound (2016),Horror,354251.0,12244
152515,Cabin Fever (2016),Horror,298584.0,12245
152591,Ip Man 3 (2015),Action,365222.0,12246
152970,Hunt for the Wilderpeople (2016),Adventure|Comedy,371645.0,12247
152976,Forsaken (2016),Drama|Western,354110.0,12248
153070,Rabbits (2002),Comedy|Drama|Fantasy,44351.0,12249
153959,4th Man Out (2016),Comedy,342672.0,12250
154051,The Last Man on the Moon (2016),Documentary|Drama,276537.0,12251
154358,The Barkley Marathons: The Race That Eats Its Young (2015),Documentary,334495.0,12252
154915,Remember (2015),Drama|Thriller,302528.0,12253
154939,The Mermaid (2016),Comedy|Fantasy|Romance|Sci-Fi,381890.0,12254
154941,And Then There Were None (2015),Drama|Mystery,371758.0,12255
155018,Emelie (2015),Horror,329010.0,12256
155064,The Neon Demon (2016),Drama|Horror|Mystery,301365.0,12257
155074,Evolution (2016),Drama,330770.0,12258
155078,Lo chiamavano Jeeg Robot (2016),Fantasy,364433.0,12259
155181,Elvis & Nixon (2016),Comedy,301348.0,12260
155288,Eye in the Sky (2016),Drama|Thriller|War,333352.0,12261
155392,"Hello, My Name Is Doris (2016)",Drama,320588.0,12262
155509,Mr. Right (2016),Action|Comedy|Romance,333385.0,12263
155545,Backtrack (2016),Mystery|Thriller,332704.0,12264
155581,Pee-wee's Big Holiday (2016),Adventure|Comedy,347689.0,12265
155583,Miracles from Heaven (2016),Drama,339984.0,12266
155625,Under the Shadow (2016),Horror|Thriller,375012.0,12267
155659,Florence Foster Jenkins (2016),Comedy|Drama,315664.0,12268
155743,My Big Fat Greek Wedding 2 (2016),Comedy,302688.0,12269
155800,Jimmy Carr: Funny Business (2016),Comedy,387054.0,12270
155812,Get a Job (2016),Comedy,186759.0,12271
155820,Keanu (2016),Comedy,342521.0,12272
155828,The Lure (2015),Thriller,375742.0,12273
155832,Yoga Hosers (2015),Comedy|Horror|Thriller,290825.0,12274
155846,War on Everyone (2016),Comedy,333663.0,12275
155874,Love & Friendship (2016),Drama|Romance,296360.0,12276
155968,The Night Manager (2016),Crime|Drama|Mystery|Thriller,385965.0,12277
156000,Justice League vs. Teen Titans (2016),Action|Animation,379291.0,12278
156025,Ice Age: The Great Egg-Scapade (2016),Adventure|Animation|Children|Comedy,387893.0,12279
156369,Zero Days (2016),Documentary,380808.0,12280
156371,Everybody Wants Some (2016),Comedy,295699.0,12281
156387,Sing Street (2016),Drama,369557.0,12282
156605,Paterson,(no genres listed),370755.0,12283
156607,The Huntsman Winter's War (2016),Action|Adventure|Drama|Fantasy,290595.0,12284
156609,Neighbors 2: Sorority Rising (2016),Comedy,325133.0,12285
156706,The Trust (2016),Crime|Thriller,301608.0,12286
156726,Hush (2016),Thriller,376570.0,12287
156755,Things to Come (2016),Drama,374465.0,12288
156903,The Waiting (2016),Thriller,339994.0,12289
156944,Land of Mine (2015),War,335578.0,12290
157122,The Man Who Knew Infinity (2016),Drama,353326.0,12291
157200,Money Monster (2016),Drama|Thriller,303858.0,12292
157224,Nine Lives (2016),Comedy,322240.0,12293
157268,Don't Think Twice (2016),Comedy|Drama,356298.0,12294
157270,Barbershop: The Next Cut (2016),Comedy,326423.0,12295
157274,The Choice (2016),Drama|Romance,330483.0,12296
157276,Our Kind of Traitor (2016),Drama|Thriller,205588.0,12297
157296,Finding Dory (2016),Adventure|Animation|Comedy,127380.0,12298
157312,The Boss (2016),Comedy,323676.0,12299
157318,Perfect Strangers (2016),Comedy|Drama,381341.0,12300
157326,Bastille Day (2016),Action,333669.0,12301
157338,Free State of Jones (2016),Action|Drama|Thriller,316152.0,12302
157340,The Angry Birds Movie (2016),Animation|Comedy,153518.0,12303
157361,Tickled (2016),Documentary,373072.0,12304
157373,It's Such a Beautiful Day (2011),Animation|Comedy|Drama,86517.0,12305
157498,11.22.63 (2016),Drama|Thriller,347938.0,12306
157667,Mother's Day (2016),Comedy,353069.0,12307
157671,Manhattan Night (2016),Mystery|Thriller,311667.0,12308
157699,Snowden (2016),Drama|Thriller,302401.0,12309
157797,Special Correspondents (2016),Comedy,355008.0,12310
157851,Team Foxcatcher (2016),Documentary,390520.0,12311
157853,Patton Oswalt: Talking for Clapping (2016),Comedy,392891.0,12312
157865,Ratchet & Clank (2016),Action|Adventure|Animation|Children|Comedy|Sci-Fi,234004.0,12313
157881,Holidays (2016),Comedy|Horror,323262.0,12314
157961,Synchronicity (2015),Mystery|Sci-Fi|Thriller,347945.0,12315
158238,The Nice Guys (2016),Crime|Mystery|Thriller,290250.0,12316
158260,A Hologram for the King (2015),Comedy|Drama,270010.0,12317
158382,The Family Fang (2016),Drama,291264.0,12318
158402,The Crew (2016),Action,380111.0,12319
158528,The Shallows (2016),Drama|Thriller,332567.0,12320
158783,The Handmaiden (2016),Drama|Romance|Thriller,290098.0,12321
158813,Alice Through the Looking Glass (2016),Adventure|Children|Fantasy,241259.0,12322
158830,The BFG (2016),Children|Fantasy,267935.0,12323
158842,My Scientology Movie (2016),Documentary,359871.0,12324
158872,Sausage Party (2016),Animation|Comedy,223702.0,12325
158956,Kill Command (2016),Action|Horror|Sci-Fi,384798.0,12326
158962,The Eyes of My Mother (2016),Drama|Horror,371560.0,12327
158966,Captain Fantastic (2016),Drama,334533.0,12328
158972,Toni Erdmann (2016),Drama,374475.0,12329
159061,The Wailing (2016),Mystery|Thriller,293670.0,12330
159077,The Meddler (2016),Comedy|Drama,337154.0,12331
159093,Now You See Me 2 (2016),Action|Comedy|Thriller,291805.0,12332
159161,Ali Wong: Baby Cobra (2016),(no genres listed),396292.0,12333
159191,Julieta (2016),Drama,332872.0,12334
159193,Café Society (2016),Comedy|Drama|Romance,339397.0,12335
159195,"I, Daniel Blake (2016)",Drama,374473.0,12336
159415,Swiss Army Man (2016),Comedy|Drama|Romance,347031.0,12337
159441,The Do-Over (2016),Comedy,389053.0,12338
159447,Before I Wake (2016),Horror|Thriller,301804.0,12339
159451,Graduation (2016),Drama,374458.0,12340
159614,The Ones Below (2015),Thriller,356842.0,12341
159690,Teenage Mutant Ninja Turtles: Out of the Shadows (2016),Action|Adventure|Comedy,308531.0,12342
159696,The Darkness (2016),Horror|Thriller,257345.0,12343
159717,The Fundamentals of Caring (2016),Drama,318121.0,12344
159755,Popstar: Never Stop Never Stopping (2016),Comedy,341012.0,12345
159811,The Bremen Town Musicians (1969),Animation|Drama|Fantasy,33108.0,12346
159817,Planet Earth (2006),Documentary,192040.0,12347
159819,Life (2009),Documentary,220903.0,12348
159827,All the Way (2016),Drama,347123.0,12349
159849,Bo Burnham: Make Happy (2016),Comedy,400608.0,12350
159858,The Conjuring 2 (2016),Horror,259693.0,12351
159917,Weiner (2016),Documentary,376261.0,12352
159972,Approaching the Unknown (2016),Drama|Sci-Fi|Thriller,328429.0,12353
159976,Pelé: Birth of a Legend (2016),Drama,245913.0,12354
160020,The Witness (2016),Documentary,356332.0,12355
160080,Ghostbusters (2016),Action|Comedy|Horror|Sci-Fi,43074.0,12356
160112,Cell (2016),Horror|Sci-Fi,168098.0,12357
160271,Central Intelligence (2016),Action|Comedy,302699.0,12358
160289,O.J.: Made in America (2016),Documentary,377462.0,12359
160400,Genius (2016),Drama,267192.0,12360
160438,Jason Bourne (2016),Action,324668.0,12361
160553,De Palma (2016),Documentary,355254.0,12362
160559,Minimalism: A Documentary About the Important Things (2016),Documentary,392553.0,12363
160563,The Legend of Tarzan (2016),Action|Adventure,258489.0,12364
160565,The Purge: Election Year (2016),Action|Horror|Sci-Fi,316727.0,12365
160567,Mike & Dave Need Wedding Dates (2016),Comedy,316023.0,12366
160569,Ice Age: Collision Course (2016),Adventure|Animation|Children|Comedy,278154.0,12367
160571,Lights Out (2016),Horror,345911.0,12368
160573,Pete's Dragon (2016),Adventure|Children|Fantasy,294272.0,12369
160644,Indignation (2016),Drama,340611.0,12370
160656,Tallulah (2016),Drama,353571.0,12371
160684,Marauders (2016),Action,359412.0,12372
160710,Absolutely Fabulous: The Movie (2016),Comedy,372411.0,12373
160718,Piper (2016),Animation,399106.0,12374
160848,The Red Turtle (2016),Animation,337703.0,12375
160874,"Life, Animated (2016)",Animation|Documentary,376233.0,12376
160954,Nerve (2016),Drama|Thriller,328387.0,12377
160980,Sully (2016),Drama,363676.0,12378
160988,The Student (2016),Drama,392817.0,12379
160990,It's Only the End of the World (2016),Drama,338189.0,12380
161024,Jim Jefferies: Freedumb (2016),Comedy,404022.0,12381
161127,The Infiltrator (2016),Crime|Drama,325789.0,12382
161131,War Dogs (2016),Comedy,308266.0,12383
161348,The Love Witch (2016),Drama|Horror|Thriller,374052.0,12384
161354,Batman: The Killing Joke (2016),Action|Animation|Crime|Drama,382322.0,12385
161580,Bad Moms (2016),Comedy,376659.0,12386
161582,Hell or High Water (2016),Crime|Drama,338766.0,12387
161586,Little Men (2016),Drama,373473.0,12388
161594,Kingsglaive: Final Fantasy XV (2016),Action|Adventure|Animation|Drama|Fantasy|Sci-Fi,390734.0,12389
161634,Don't Breathe (2016),Thriller,300669.0,12390
161650,47 Meters Down (2016),Horror|Thriller,403119.0,12391
161852,King Cobra (2016),Crime|Drama,390584.0,12392
161922,The Edge of Seventeen (2016),Comedy,376660.0,12393
161954,Anthropoid (2016),War,351339.0,12394
161956,Blood Father (2016),Action|Thriller,309886.0,12395
161966,Elle (2016),Thriller,337674.0,12396
162082,Train to Busan (2016),Action|Thriller,396535.0,12397
162148,Friend Request (2016),Horror|Thriller,368031.0,12398
162322,Mechanic: Resurrection (2016),Action|Crime|Thriller,278924.0,12399
162344,Tom Segura: Mostly Stories (2016),Comedy,376482.0,12400
162350,The Magnificent Seven (2016),Action|Western,333484.0,12401
162396,Skiptrace (2016),Action|Comedy,270774.0,12402
162414,Moonlight,Drama,376867.0,12403
162418,A Conspiracy of Faith (2016),Crime|Drama|Mystery|Thriller,348668.0,12404
162478,Masterminds (2016),Action|Comedy|Crime,213681.0,12405
162578,Kubo and the Two Strings (2016),Adventure|Animation|Children|Fantasy,313297.0,12406
162590,Bridget Jones's Baby (2016),Comedy|Romance,95610.0,12407
162592,The Light Between Oceans (2016),Drama,283552.0,12408
162594,Morgan (2016),Sci-Fi|Thriller,377264.0,12409
162596,Queen of Katwe (2016),Drama,317557.0,12410
162598,Deepwater Horizon (2016),Drama,296524.0,12411
162600,Miss Peregrine's Home for Peculiar Children (2016),Fantasy,283366.0,12412
162602,The Girl on the Train (2016),Thriller,346685.0,12413
162606,The Accountant (2016),Crime|Drama|Thriller,302946.0,12414
162730,The Whole Truth (2016),Drama|Thriller,331583.0,12415
162738,American Honey (2016),Comedy|Drama,340485.0,12416
162828,Imperium (2016),Crime|Drama|Thriller,374617.0,12417
162842,David Brent: Life on the Road (2016),Comedy,339792.0,12418
162882,I Am Not a Serial Killer (2016),Thriller,381034.0,12419
162982,Steins;Gate the Movie: The Burden of Déjà vu (2013),Animation|Drama|Sci-Fi,225745.0,12420
163056,Shin Godzilla (2016),Action|Adventure|Fantasy|Sci-Fi,315011.0,12421
163066,Rabbit Seasoning (1952),Animation|Children|Comedy,52954.0,12422
163072,Winnie Pooh (1969),Animation|Children,36161.0,12423
163112,Winnie the Pooh Goes Visiting (1971),Animation,36163.0,12424
163134,Your Name. (2016),Animation|Drama|Fantasy|Romance,372058.0,12425
163386,Winnie the Pooh and the Day of Concern (1972),Animation,36162.0,12426
163508,Certain Women (2016),Drama,340487.0,12427
163512,Aquarius (2016),Drama,377273.0,12428
163645,Hacksaw Ridge (2016),Drama|War,324786.0,12429
163663,Other People (2016),Drama,371449.0,12430
163771,For the Love of Spock (2016),Documentary,338544.0,12431
163809,Over the Garden Wall (2013),Adventure|Animation|Drama,409696.0,12432
163925,"Wings, Legs and Tails (1986)",Animation|Comedy,333372.0,12433
163931,Billy Lynn's Long Halftime Walk (2016),Drama|War,293767.0,12434
163937,Blair Witch (2016),Horror|Thriller,351211.0,12435
163949,The Beatles: Eight Days a Week - The Touring Years (2016),Documentary,391698.0,12436
163959,Loving (2016),Drama,339419.0,12437
163971,Christine (2016),Drama,339405.0,12438
163981,31 (2016),Horror,284564.0,12439
163985,ARQ (2016),Sci-Fi|Thriller,410199.0,12440
164107,Tower (2016),Crime|Documentary,381028.0,12441
164141,I.T. (2016),Drama,340677.0,12442
164147,Behind the Planet of the Apes (1998),Documentary|Sci-Fi,17244.0,12443
164163,Twitches (2005),Children|Comedy|Drama|Fantasy,21481.0,12444
164175,A Monster Calls (2016),Drama|Fantasy,258230.0,12445
164179,Arrival (2016),Sci-Fi,329865.0,12446
164200,Storks (2016),Animation|Children|Comedy,332210.0,12447
164204,After the Storm (2016),Children|Drama,374671.0,12448
164260,Horace and Pete (2016),Comedy|Drama,409536.0,12449
164367,The Girl with All the Gifts (2016),Drama|Horror|Sci-Fi|Thriller,375366.0,12450
164369,The Distinguished Citizen (2016),Comedy|Drama,408537.0,12451
164411,My Life as a Courgette (2016),Animation|Children|Drama,393559.0,12452
164540,Amanda Knox (2016),Documentary,411009.0,12453
164735,The Cheetah Girls (2003),Children|Comedy|Drama,32293.0,12454
164821,Colossal (2016),Action|Sci-Fi|Thriller,339967.0,12455
164899,Blue Jay (2016),Drama,408508.0,12456
164909,La La Land (2016),Comedy|Drama|Romance,313369.0,12457
164917,13th (2016),Documentary,407806.0,12458
164931,The Siege of Jadotville (2016),Drama|Thriller,334517.0,12459
164949,The Salesman (2016),Drama,375315.0,12460
164981,Allied (2016),Action|Drama|Romance|Thriller|War,369885.0,12461
164983,The Monster (2016),Horror,340103.0,12462
165069,Baseball (1994),Documentary,126820.0,12463
165087,Brimstone (2016),Mystery|Thriller|Western,324560.0,12464
165101,Inferno (2016),Mystery|Thriller,207932.0,12465
165103,Keeping Up with the Joneses (2016),Comedy,331313.0,12466
165105,Ouija: Origin of Evil (2016),Horror|Thriller,335796.0,12467
165119,Mascots (2016),Comedy,368993.0,12468
165141,Trolls (2016),Adventure|Animation|Children,136799.0,12469
165219,Max Steel (2016),Action|Adventure|Sci-Fi,286567.0,12470
165239,Supersonic (2016),Documentary,412924.0,12471
165337,Denial (2016),Drama,402298.0,12472
165343,The Rocky Horror Picture Show: Let's Do the Time Warp Again (2016),Comedy|Horror|Sci-Fi|Thriller,377448.0,12473
165347,Jack Reacher: Never Go Back (2016),Action|Crime|Drama|Mystery|Thriller,343611.0,12474
165353,In a Valley of Violence (2016),Thriller|Western,291356.0,12475
165421,The Red Pill (2016),Documentary,366696.0,12476
165483,Joe Rogan: Triggered (2016),Comedy,421854.0,12477
165491,Into the Inferno (2016),Documentary,360029.0,12478
165503,Mr. Church (2016),Drama,374461.0,12479
165527,Before the Flood (2016),Documentary,410718.0,12480
165549,Manchester by the Sea (2016),Drama,334541.0,12481
165551,Lion (2016),Drama,334543.0,12482
165601,I Am the Pretty Thing That Lives in the House (2016),Horror|Thriller,407559.0,12483
165603,The Autopsy of Jane Doe (2016),Horror,397243.0,12484
165639,While You Were Fighting: A Thor Mockumentary (2016),Comedy|Fantasy|Sci-Fi,413279.0,12485
165641,Closet Monster (2016),Drama,353728.0,12486
165645,Bad Santa 2 (2016),Comedy,338964.0,12487
165831,Marvel One-Shot: All Hail the King (2014),Action|Comedy|Drama|Fantasy|Thriller,253980.0,12488
165937,Collateral Beauty (2016),Drama,345920.0,12489
165947,The True Memoirs of an International Assassin (2016),Action|Comedy,339396.0,12490
165959,Alesha Popovich and Tugarin the Dragon (2004),Animation|Comedy|Drama,33065.0,12491
165969,HyperNormalisation (2016),Documentary,419546.0,12492
166024,Whiplash (2013),(no genres listed),367412.0,12493
166149,A United Kingdom (2016),Drama,347026.0,12494
166183,Junior and Karlson (1968),Adventure|Animation|Children,77304.0,12495
166291,A Silent Voice (2016),Animation|Drama|Romance,378064.0,12496
166461,Moana (2016),Adventure|Animation|Children|Comedy|Fantasy,277834.0,12497
166486,Jackie (2016),Drama,376866.0,12498
166492,Office Christmas Party (2016),Comedy,384682.0,12499
166526,The Space Between Us (2016),Adventure|Sci-Fi,365942.0,12500
166528,Rogue One: A Star Wars Story (2016),Action|Adventure|Fantasy|Sci-Fi,330459.0,12501
166530,Pet (2016),Thriller,353979.0,12502
166532,Live by Night (2017),Crime|Drama,259695.0,12503
166534,Split (2017),Drama|Horror|Thriller,381288.0,12504
166558,Underworld: Blood Wars (2016),Action|Horror,346672.0,12505
166568,Miss Sloane (2016),Thriller,376290.0,12506
166635,Passengers (2016),Adventure|Drama|Romance|Sci-Fi,274870.0,12507
166643,Hidden Figures (2016),Drama,381284.0,12508
166655,Hell House LLC (2015),Horror|Thriller,359246.0,12509
166705,Fences (2016),Drama,393457.0,12510
166721,Bleed for This (2016),Drama,332979.0,12511
166788,20th Century Women (2016),Drama,342737.0,12512
166918,The Great Wall (2016),Action|Adventure|Thriller,311324.0,12513
166940,This Beautiful Fantastic (2016),Drama,352490.0,12514
166946,The Founder (2016),Drama,310307.0,12515
167018,Why Him? (2016),Comedy,356305.0,12516
167036,Sing (2016),Animation|Children|Comedy,335797.0,12517
167064,I Am Not Your Negro (2017),Documentary,411019.0,12518
167248,Kedi (2016),(no genres listed),392011.0,12519
167370,Assassin's Creed (2016),Action|Adventure|Sci-Fi,121856.0,12520
167380,A Dog's Purpose (2017),Comedy|Drama,381289.0,12521
167392,Dangal (2016),Drama,360814.0,12522
167544,Patriots Day (2016),Drama|Thriller,388399.0,12523
167546,Gold (2016),Drama,334524.0,12524
167564,The Little Hours (2017),Comedy,411873.0,12525
167570,The OA,(no genres listed),432192.0,12526
167620,Leap! (2016),Animation|Children|Comedy,342473.0,12527
167634,Fist Fight (2017),Comedy,345922.0,12528
167636,Monster Trucks (2016),Action|Animation|Children|Comedy|Sci-Fi,262841.0,12529
167638,Sleepless (2017),Action|Thriller,324542.0,12530
167640,A Cure for Wellness (2017),Drama|Horror|Mystery|Thriller,340837.0,12531
167732,A Street Cat Named Bob (2016),Comedy|Drama,404378.0,12532
167738,xXx: Return of Xander Cage (2017),Action|Adventure|Crime|Thriller,47971.0,12533
167740,The Bye Bye Man (2017),Horror|Thriller,292280.0,12534
167746,The Lego Batman Movie (2017),Action|Animation|Comedy,324849.0,12535
167792,"What's Opera, Doc? (1957)",Animation|Children|Comedy,53217.0,12536
167794,Frantz (2016),Drama,377263.0,12537
167832,The Invisible Guest (2016),Thriller,411088.0,12538
168026,Marvel One-Shot: Agent Carter (2013),Action|Adventure|Fantasy|Sci-Fi,211387.0,12539
168060,Rings (2017),Horror,14564.0,12540
168122,Raw (2017),Drama,393519.0,12541
168248,John Wick: Chapter Two (2017),Action|Crime|Thriller,324552.0,12542
168250,Get Out (2017),Horror,419430.0,12543
168252,Logan (2017),Action|Sci-Fi,263115.0,12544
168254,Kong: Skull Island (2017),Action|Adventure|Fantasy,293167.0,12545
168266,T2: Trainspotting (2017),Crime|Drama,180863.0,12546
168286,Before I Fall (2017),Drama,397837.0,12547
168288,The Belko Experiment (2017),Action|Horror|Thriller,341006.0,12548
168326,The Big Sick (2017),Comedy|Romance,416477.0,12549
168328,Ingrid Goes West (2017),Comedy|Drama,411741.0,12550
168330,I Don't Feel at Home in This World Anymore (2017),Crime|Drama,425591.0,12551
168344,King Arthur: Legend of the Sword (2017),Action|Adventure|Drama|Fantasy,274857.0,12552
168366,Beauty and the Beast (2017),Fantasy|Romance,321612.0,12553
168418,The Boss Baby (2017),Animation|Children|Comedy,295693.0,12554
168420,Justice League Dark (2017),Action|Animation|Fantasy|Horror,408220.0,12555
168492,Call Me by Your Name (2017),Drama|Romance,398818.0,12556
168498,Resident Evil: The Final Chapter (2017),Action|Horror|Sci-Fi,173897.0,12557
168554,iBoy (2017),Action|Crime|Sci-Fi|Thriller,414190.0,12558
168608,Mudbound (2017),Drama,414425.0,12559
168610,A Ghost Story (2017),Drama,428449.0,12560
168612,Ghost in the Shell (2017),Action|Drama|Sci-Fi,315837.0,12561
168632,Bill Burr: Walk Your Way Out (2017),Comedy,437752.0,12562
168650,XX (2017),Horror,297160.0,12563
168712,Fifty Shades Darker (2017),Drama|Romance,341174.0,12564
168714,Wilson (2017),Comedy,346681.0,12565
168722,Attraction (2017),Sci-Fi,401513.0,12566
168806,The Other Side Of Hope (2017),(no genres listed),429199.0,12567
169028,Berlin Syndrome (2017),Drama|Thriller,363126.0,12568
169164,Song to Song (2017),Drama,330947.0,12569
169166,To the Bone (2017),Drama,401104.0,12570
169218,God's Own Country (2017),Drama|Romance,428493.0,12571
169220,A Fantastic Woman (2017),Drama,429191.0,12572
169252,Everything Will Be OK (2006),Animation|Drama,32532.0,12573
169400,Gantz: O (2016),Action|Animation|Horror|Sci-Fi,396263.0,12574
169656,The Glass Castle,Drama,336000.0,12575
169670,The Void (2016),Horror,378018.0,12576
169756,Their Finest (2017),Comedy|Drama|Romance|War,340101.0,12577
169760,Lady Macbeth (2017),Drama,410117.0,12578
169764,Personal Shopper (2016),Drama|Thriller,340676.0,12579
169842,The Shack (2017),Drama|Fantasy,345938.0,12580
169864,Life (2017),Horror|Sci-Fi|Thriller,395992.0,12581
169900,The Lost City of Z (2017),Action|Adventure|Drama,314095.0,12582
169906,The Night Of (2016),Crime|Drama,414399.0,12583
169948,Tomorrow Everything Starts (2016),Comedy|Drama,382591.0,12584
169958,Buster's Mal Heart (2017),Drama|Mystery,367147.0,12585
169982,Power Rangers (2017),Action|Adventure|Sci-Fi,305470.0,12586
169984,Alien: Covenant (2017),Action|Horror|Sci-Fi|Thriller,126889.0,12587
169992,Free Fire (2017),Action|Crime|Drama,334521.0,12588
170024,Casting JonBenet (2017),Documentary,430826.0,12589
170046,Amy Schumer: The Leather Special (2017),Comedy,444513.0,12590
170151,The Party (2017),Comedy,415401.0,12591
170263,Trevor Noah: Afraid of the Dark (2017),Comedy,440767.0,12592
170355,Mulholland Dr. (1999),Drama|Mystery|Romance,185789.0,12593
170357,Dave Chappelle: The Age of Spin (2017),Comedy,444705.0,12594
170399,CHiPS (2017),Action|Comedy|Drama,417644.0,12595
170401,Table 19 (2017),Comedy|Drama,353569.0,12596
170403,Going in Style (2017),Comedy,353070.0,12597
170405,Bokeh (2017),Drama|Sci-Fi,286538.0,12598
170411,Dave Chappelle: Deep in the Heart of Texas (2017),Comedy,444706.0,12599
170555,The Bar (2017),Comedy|Thriller,420648.0,12600
170597,A Plasticine Crow (1981),Animation,129229.0,12601
170627,Smurfs: The Lost Village (2017),Adventure|Animation|Children|Comedy,137116.0,12602
170629,The Discovery (2017),Drama|Romance|Sci-Fi,376134.0,12603
170635,Rejected (2000),Animation,32536.0,12604
170645,The Zookeeper's Wife (2017),Drama,289222.0,12605
170697,Gifted (2017),Drama,400928.0,12606
170705,Band of Brothers (2001),Action|Drama|War,331214.0,12607
170709,Teen Titans: The Judas Contract (2017),Action|Animation|Sci-Fi,408647.0,12608
170729,Louis C.K. 2017 (2017),Comedy,449674.0,12609
170745,13 reasons why,(no genres listed),450980.0,12610
170751,Aftermath (2017),Drama|Thriller,390051.0,12611
170777,There Once Was a Dog (1982),Animation|Children|Comedy,72215.0,12612
170787,"Everything, Everything (2017)",Drama|Romance,417678.0,12613
170799,Twin Peaks: The Missing Pieces (2014),Crime|Drama|Thriller,284457.0,12614
170809,The Spacewalker (2017),Drama,440642.0,12615
170813,Baywatch (2017),Action|Comedy,339846.0,12616
170817,Snatched (2017),Action|Comedy,373569.0,12617
170827,The Mummy (2017),Action|Adventure|Fantasy|Horror|Thriller,282035.0,12618
170875,The Fate of the Furious (2017),Action|Crime|Drama|Thriller,337339.0,12619
170891,The Legend Is Born: Ip Man (2010),Action|Drama,44249.0,12620
170897,Sandy Wexler (2017),Comedy,419700.0,12621
170907,Betting on Zero (2016),Documentary,385805.0,12622
170939,Captain Underpants: The First Epic Movie (2017),Action|Animation|Children|Comedy,268531.0,12623
170945,It Comes at Night (2017),Horror|Mystery|Thriller,418078.0,12624
170947,Megan Leavey (2017),Adventure|Drama|War,424488.0,12625
170949,My Cousin Rachel (2017),Drama|Romance,413998.0,12626
170957,Cars 3 (2017),Adventure|Animation|Comedy,260514.0,12627
170959,Maudie (2017),Drama|Romance,359784.0,12628
170961,Resident Evil: Vendetta (2017),Animation|Horror,400136.0,12629
171007,The Book of Henry (2017),Drama,382614.0,12630
171011,Planet Earth II (2016),Documentary,420714.0,12631
171013,In This Corner of the World (2016),Animation|Drama,378108.0,12632
171049,The Wall (2017),Drama|Thriller,405775.0,12633
171141,Handsome Devil (2016),Drama,412202.0,12634
171207,Beyond Skyline (2017),Action|Sci-Fi,271404.0,12635
171233,The Trip to Spain (2017),Comedy|Drama,426264.0,12636
171253,Brigsby Bear (2017),Comedy,403431.0,12637
171315,Sand Castle (2017),Drama|War,390054.0,12638
171439,A Dark Song (2017),Drama|Horror,409297.0,12639
171491,Unlocked (2017),Action|Thriller,291276.0,12640
171495,Cosmos,(no genres listed),409926.0,12641
171583,Super Dark Times (2017),Drama|Thriller,396940.0,12642
171611,Baahubali 2: The Conclusion (2017),Action|Adventure|War,350312.0,12643
171647,Pink Floyd: Live at Pompeii (1972),Documentary,25771.0,12644
171749,Death Note: Desu nôto (2006–2007),(no genres listed),419787.0,12645
171759,The Beguiled (2017),Drama|Thriller|Western,399019.0,12646
171763,Baby Driver (2017),Action|Crime|Thriller,339403.0,12647
171765,Okja (2017),Action|Adventure|Drama|Sci-Fi,387426.0,12648
171867,Rough Night (2017),Comedy|Drama,397422.0,12649
171881,Mindhorn (2017),Comedy,381518.0,12650
171925,Hounds of Love (2017),Crime,408439.0,12651
171983,Patti Cake$ (2017),Drama,426256.0,12652
172009,Loveless (2017),Drama,429174.0,12653
172255,The Matrix Revisited (2001),Documentary,14543.0,12654
172455,Beatriz at Dinner (2017),Comedy,429107.0,12655
172461,Get Me Roger Stone (2017),Documentary,448448.0,12656
172535,High Security Vacation (2009),Action|Comedy,41978.0,12657
172547,Despicable Me 3 (2017),Adventure|Animation|Children|Comedy,324852.0,12658
172577,Last Year's Snow Was Falling (1983),Animation|Children|Comedy|Fantasy,145760.0,12659
172585,Karlson Returns (1970),Adventure|Animation|Children,72203.0,12660
172587,Vacations in Prostokvashino (1980),Animation,77759.0,12661
172589,Winter in Prostokvashino (1984),Animation,77762.0,12662
172699,Mommy Dead and Dearest (2017),Documentary,438446.0,12663
172743,Somnio (2016),(no genres listed),428948.0,12664
172793,Vovka in the Kingdom of Far Far Away (1965),Adventure|Animation|Children|Fantasy,160046.0,12665
172813,The Wizard of Lies (2017),Drama,363992.0,12666
172877,Beyond (2003),Animation|Sci-Fi,24675.0,12667
172879,World Record (2003),Animation|Sci-Fi,24960.0,12668
172881,Final Flight of the Osiris (2003),Action|Animation|Sci-Fi,24357.0,12669
172887,Kid's Story (2003),Animation|Sci-Fi,24914.0,12670
172889,Program (2003),Animation|Sci-Fi,24959.0,12671
172909,Cheburashka (1971),Animation,213313.0,12672
173007,Blame! (2017),Action|Animation|Drama|Horror|Sci-Fi,409421.0,12673
173139,The Bad Batch (2017),Horror|Romance|Thriller,316154.0,12674
173145,War for the Planet of the Apes (2017),Action|Adventure|Drama|Sci-Fi,281338.0,12675
173161,Kidnap (2017),Drama|Thriller,293768.0,12676
173197,The Square (2017),Drama,401246.0,12677
173203,How to Talk to Girls at Parties (2017),Comedy|Romance|Sci-Fi,341689.0,12678
173205,The Meyerowitz Stories (2017),Comedy,396398.0,12679
173209,War Machine (2017),Comedy|Drama|War,354287.0,12680
173273,Wakefield (2017),Drama,369894.0,12681
173291,Valerian and the City of a Thousand Planets (2017),Action|Adventure|Sci-Fi,339964.0,12682
173351,Wow! A Talking Fish! (1983),Animation|Children|Comedy|Fantasy,165095.0,12683
173369,You Were Never Really Here (2017),Drama,398181.0,12684
173535,The Adventures of Sherlock Holmes and Doctor Watson: The Hunt for the Tiger (1980),(no genres listed),406403.0,12685
173879,Shimmer Lake (2017),(no genres listed),457962.0,12686
173925,Seven Sisters (2017),Sci-Fi|Thriller,406990.0,12687
173939,On Body and Soul (2017),Drama|Romance,436343.0,12688
173941,Atomic Blonde (2017),Thriller,341013.0,12689
174045,Goon: Last of the Enforcers (2017),Comedy,336890.0,12690
174055,Dunkirk (2017),Action|Drama|Thriller|War,374720.0,12691
174181,The Keepers (2017),Crime|Documentary|Drama,458298.0,12692
174371,Once Upon a Time in Venice (2017),Comedy,345915.0,12693
174395,Better Watch Out (2016),Thriller,406994.0,12694
174487,"Don't Hug Me, I'm Scared (2011)",Animation|Fantasy|Horror,127144.0,12695
174489,"Don't Hug Me, I'm Scared II: Time (2014)",Horror,255384.0,12696
174503,Orbiter 9 (2017),Romance|Sci-Fi,437311.0,12697
174585,Transformers: The Last Knight (2017),Action|Adventure|Sci-Fi|Thriller,335988.0,12698
174727,Good Time (2017),Crime|Drama,429200.0,12699
174815,The House (2017),Comedy,345914.0,12700
174859,120 Beats Per Minute (2017),(no genres listed),451945.0,12701
174893,2:22 (2017),Drama|Thriller,269795.0,12702
174909,Logan Lucky (2017),Comedy,399170.0,12703
175165,What the Health (2017),Documentary,415086.0,12704
175197,The Dark Tower (2017),Fantasy|Horror|Sci-Fi|Western,353491.0,12705
175199,Annabelle: Creation (2017),Horror,396422.0,12706
175243,Security (2017),Action,460846.0,12707
175277,"Faces, Places (2017)",Documentary,451995.0,12708
175281,Tour De Pharmacy (2017),Comedy,458506.0,12709
175303,It (2017),Horror,346364.0,12710
175387,On the Trail of the Bremen Town Musicians (1973),Adventure|Animation|Children,70061.0,12711
175397,"In the blue sea, in the white foam. (1984)",Animation|Children|Fantasy,196649.0,12712
175475,The Emoji Movie (2017),Animation|Children|Comedy,378236.0,12713
175485,Death Note (2017),Horror|Thriller,351460.0,12714
175569,Wind River (2017),Action|Crime|Mystery|Thriller,395834.0,12715
175585,Shot Caller (2017),Action|Crime|Drama|Thriller,339692.0,12716
175649,Wish Upon (2017),Fantasy|Horror|Thriller,440597.0,12717
175655,Girls Trip (2017),Comedy,417870.0,12718
175659,Detroit (2017),Crime|Drama|Thriller,407448.0,12719
175661,The Hitman's Bodyguard (2017),Action|Comedy,390043.0,12720
175667,Columbus (2017),Drama,414453.0,12721
175795,Descendants 2 (2017),Action|Adventure|Children|Comedy,417320.0,12722
175809,Jungle (2017),Action|Adventure|Drama,390062.0,12723
175813,Force Majeure (2014),Comedy|Drama,265189.0,12724
175981,Twelve Angry Men (1954),Drama,269981.0,12725
176101,Kingsman: The Golden Circle (2017),Action|Adventure|Comedy,343668.0,12726
176103,The LEGO Ninjago Movie (2017),Action|Animation|Comedy,274862.0,12727
176105,Flatliners (2017),Drama|Horror|Sci-Fi,400710.0,12728
176211,In a Heartbeat (2017),Animation|Romance,455661.0,12729
176219,Cadet Kelly (2002),Comedy,14008.0,12730
176355,The Mountain Between Us (2017),Action|Adventure|Drama,290512.0,12731
176371,Blade Runner 2049 (2017),Sci-Fi,335984.0,12732
176419,Mother! (2017),Drama|Horror|Mystery|Thriller,381283.0,12733
176423,Icarus (2017),Documentary,432976.0,12734
176487,Marjorie Prime (2017),Comedy|Drama|Mystery|Sci-Fi,426254.0,12735
176521,The Layover (2017),Comedy,339404.0,12736
176523,Goodbye Christopher Robin (2017),Children,418680.0,12737
176551,The Limehouse Golem (2017),Horror|Thriller,369300.0,12738
176567,The Endless (2017),Horror|Sci-Fi|Thriller,430231.0,12739
176599,Naked (2017),Comedy,433251.0,12740
176601,Black Mirror,(no genres listed),452830.0,12741
176603,The Snowman (2017),Crime|Thriller,372343.0,12742
176681,Batman & Harley Quinn (2017),Action|Animation,408648.0,12743
176751,American Made (2017),Crime|Thriller,337170.0,12744
176801,Suspiria (2017),Horror|Thriller,361292.0,12745
176829,6 Days (2017),Action,347984.0,12746
176919,Beach Rats (2017),Drama,426238.0,12747
176921,The Villainess (2017),Action|Drama,437109.0,12748
176929,Happy Death Day (2017),Horror|Mystery|Thriller,440021.0,12749
176933,The Foreigner (2017),Action|Thriller,379149.0,12750
176935,Geostorm (2017),Action,274855.0,12751
176937,Jigsaw (2017),Horror|Thriller,298250.0,12752
177101,Rememory (2017),Drama|Mystery|Sci-Fi,395814.0,12753
177123,Wonderstruck (2017),Drama,383709.0,12754
177225,Home Again (2017),Comedy|Drama,427900.0,12755
177231,Brad's Status (2017),Comedy,425980.0,12756
177237,Battle of the Sexes (2017),Comedy,369192.0,12757
177239,Stronger (2017),Drama,395993.0,12758
177243,Marshall (2017),Drama,392982.0,12759
177287,Little Evil (2017),Comedy|Horror,346671.0,12760
177497,Hostiles (2017),Adventure|Drama|Western,384680.0,12761
177593,"Three Billboards Outside Ebbing, Missouri (2017)",Crime|Drama,359940.0,12762
177607,American Assassin (2017),Action|Thriller,415842.0,12763
177615,Lady Bird (2017),Comedy,391713.0,12764
177651,The Florida Project (2017),Drama,394117.0,12765
177689,The Killing of a Sacred Deer (2017),Drama|Horror|Mystery|Thriller,399057.0,12766
177763,Murder on the Orient Express (2017),Crime|Drama|Mystery,392044.0,12767
177765,Coco (2017),Adventure|Animation|Children,354912.0,12768
177771,Suburbicon (2017),Comedy|Crime|Mystery,395458.0,12769
177787,Chappaquiddick (2017),Drama|Thriller,432301.0,12770
177867,Borg vs McEnroe (2017),Drama,397538.0,12771
177871,Victoria & Abdul (2017),Drama,423899.0,12772
177883,Jerry Before Seinfeld (2017),Comedy,473812.0,12773
177939,"The Night Is Short, Walk on Girl (2017)",Animation|Romance,430214.0,12774
178061,"I, Tonya (2017)",Drama,389015.0,12775
178063,Zama (2017),Drama,326382.0,12776
178323,Gaga: Five Foot Two (2017),Documentary,472424.0,12777
178335,Thelma (2017),Fantasy|Romance|Thriller,401898.0,12778
178401,Lucky (2017),Drama,407449.0,12779
178447,Cult of Chucky (2017),Horror|Thriller,393345.0,12780
178521,The Babysitter (2017),Horror,419479.0,12781
178523,1922 (2017),Crime|Drama|Mystery,452507.0,12782
178613,Dave Chappelle: Killin' Them Softly (2000),Comedy,16275.0,12783
178667,Gerald's Game (2017),Horror|Thriller,343674.0,12784
178827,Paddington 2 (2017),Adventure|Animation|Children|Comedy,346648.0,12785
178839,Crooked House (2017),Mystery,419835.0,12786
178907,Blade Runner: Black Out 2022 (2017),Action|Animation|Sci-Fi,475946.0,12787
179085,The Ritual (2017),Horror,433808.0,12788
179119,The Death of Stalin (2017),Comedy,402897.0,12789
179133,Loving Vincent (2017),Animation|Crime|Drama,339877.0,12790
179135,Blue Planet II (2017),Documentary,463612.0,12791
179137,Professor Marston & the Wonder Women (2017),(no genres listed),420622.0,12792
179173,Rabbit of Seville (1950),Animation|Comedy,52971.0,12793
179221,Brawl in Cell Block 99 (2017),Action|Crime|Thriller,398175.0,12794
179247,Revenge (2017),Action|Thriller,467938.0,12795
179275,Happy End (2017),Drama,399031.0,12796
179285,Tragedy Girls (2017),Comedy|Horror,413857.0,12797
179287,Breathe (2017),Drama,407445.0,12798
179295,My Friend Dahmer (2017),Crime|Drama|Horror|Thriller,445040.0,12799
179301,Salyut 7 (2017),(no genres listed),438740.0,12800
179331,Only the Brave (2017),Drama,395991.0,12801
179333,Veronica (2017),Horror,441701.0,12802
179345,Arrhythmia (2017),Drama,457842.0,12803
179401,Jumanji: Welcome to the Jungle (2017),Action|Adventure|Children,353486.0,12804
179409,OtherLife (2017),Crime|Mystery|Sci-Fi,411999.0,12805
179415,Wheelman (2017),Action|Thriller,471014.0,12806
179491,Mayhem (2017),Action|Horror,429733.0,12807
179709,Wonder Wheel (2017),Drama,429189.0,12808
179749,Creep 2 (2017),Comedy|Horror,396493.0,12809
179779,A Taxi Driver (2017),Action|Drama,437068.0,12810
179811,Last Flag Flying (2017),Comedy|Drama,419709.0,12811
179815,"Roman J. Israel, Esq. (2017)",Drama|Thriller,413362.0,12812
179817,Darkest Hour (2017),Drama|War,399404.0,12813
179819,Star Wars: The Last Jedi (2017),Action|Adventure|Fantasy|Sci-Fi,181808.0,12814
179863,Radius (2017),Sci-Fi|Thriller,436274.0,12815
179881,Downsizing (2017),Comedy|Drama|Sci-Fi,301337.0,12816
179925,The Unknown Soldier (2017),Drama|War,400728.0,12817
179953,A Bad Moms Christmas (2017),Comedy,431530.0,12818
179977,In the Fade (2017),Drama,423646.0,12819
180031,The Shape of Water (2017),Adventure|Drama|Fantasy,399055.0,12820
180037,24 Hours to Live (2017),Thriller,470114.0,12821
180045,Molly's Game (2017),Drama,396371.0,12822
180095,Wonder (2017),Drama,406997.0,12823
180231,Daddy's Home 2 (2017),Comedy|Drama,419680.0,12824
180265,Jim & Andy: The Great Beyond (2017),Documentary,469019.0,12825
180297,The Disaster Artist (2017),Comedy|Drama,371638.0,12826
180497,The Post (2017),Drama|Thriller,446354.0,12827
180555,Mom and Dad (2017),Horror|Thriller,401561.0,12828
180587,The Wife (2017),Drama,340613.0,12829
180737,A Christmas Prince (2017),Romance,483104.0,12830
180985,The Greatest Showman (2017),Drama,316029.0,12831
180987,Ferdinand (2017),Animation|Children|Comedy,364689.0,12832
181267,Perfectos desconocidos (2017),Comedy|Drama,435126.0,12833
181315,Phantom Thread (2017),Drama|Romance,400617.0,12834
181671,The Breadwinner (2017),Animation|Drama|War,435129.0,12835
181751,Lagaan: Once Upon a Time in India (2001),Adventure|Drama|Romance,19666.0,12836
182479,Mary and the Witch's Flower (2017),Adventure|Animation,430447.0,12837
182637,The Second Renaissance Part I (2003),Animation|Sci-Fi,24358.0,12838
182715,Annihilation (2018),Adventure|Mystery|Sci-Fi|Thriller,300668.0,12839
182723,Cosmos: A Spacetime Odissey,(no genres listed),488705.0,12840
182783,The Insult (2017),Drama,468284.0,12841
182819,Father Figures (2017),Comedy,354861.0,12842
182823,Bright (2017),Action|Crime|Fantasy,400106.0,12843
182825,All the Money in the World (2017),Crime|Drama|Mystery|Thriller,446791.0,12844
182835,The 15:17 to Paris (2018),Drama|Thriller,453201.0,12845
183011,The Commuter (2018),Crime|Drama|Mystery|Thriller,399035.0,12846
183155,Lean on Pete (2018),Adventure|Drama,407890.0,12847
183197,Dave Chappelle: Equanimity (2017),Comedy,488223.0,12848
183227,Dave Chappelle: The Bird Revelation (2017),Comedy,494368.0,12849
183295,Insidious: The Last Key (2018),Horror|Mystery|Thriller,406563.0,12850
183309,Every Day (2018),Children|Drama|Fantasy|Romance,465136.0,12851
183421,Red Sparrow (2018),Thriller,401981.0,12852
183423,AlphaGo (2017),Documentary,455008.0,12853
183437,World of Tomorrow Episode Two: The Burden of Other People's Thoughts (2017),Animation|Sci-Fi,471495.0,12854
183461,Godless (2017),Crime|Drama|Western,488654.0,12855
183497,The Polka King (2018),Comedy,419472.0,12856
183589,Fifty Shades Freed (2018),Drama|Romance,337167.0,12857
183597,Please Stand By (2017),Comedy|Drama,338768.0,12858
183611,Game Night (2018),Action|Comedy|Crime|Horror,445571.0,12859
183613,Thoroughbreds (2018),Drama|Thriller,397722.0,12860
183619,Den of Thieves (2018),Crime,449443.0,12861
183635,Maze Runner: The Death Cure (2018),Action|Mystery|Sci-Fi|Thriller,336843.0,12862
183695,Marrowbone (2017),Drama|Horror|Thriller,399366.0,12863
183701,12 Strong (2018),Drama|War,429351.0,12864
183815,The Open House (2018),Horror|Thriller,485774.0,12865
183833,Early Man (2018),Animation|Children|Comedy,387592.0,12866
183837,The Favourite,Drama,375262.0,12867
183843,Mandy (2018),Action|Fantasy|Horror,460885.0,12868
183855,Terminal,Drama|Thriller,385332.0,12869
183869,Hereditary (2018),(no genres listed),493922.0,12870
183897,Isle of Dogs (2018),Animation|Comedy,399174.0,12871
183909,A Futile & Stupid Gesture (2018),(no genres listed),391710.0,12872
183915,Batman: Gotham by Gaslight (2018),Action|Animation|Sci-Fi|Thriller,471474.0,12873
184015,When We First Met (2018),Comedy,433310.0,12874
184017,Mute (2018),Mystery|Sci-Fi|Thriller,401371.0,12875
184023,Unsane (2018),Drama|Horror,467660.0,12876
184089,Winchester (2018),Fantasy|Horror,416234.0,12877
184119,Braven (2018),Action,459910.0,12878
184239,Peter Rabbit (2018),Animation,381719.0,12879
184253,The Cloverfield Paradox (2018),Horror|Mystery|Sci-Fi|Thriller,384521.0,12880
184257,Making a Murderer (2015),Crime|Documentary,502892.0,12881
184399,Eighth Grade (2018),(no genres listed),489925.0,12882
184469,Chris Rock: Tamborine (2018),Comedy,505159.0,12883
184471,Tomb Raider (2018),Action|Adventure|Fantasy,338970.0,12884
184623,Gringo (2018),Action|Comedy|Drama,340022.0,12885
184721,First Reformed (2017),Drama|Thriller,458737.0,12886
184931,Death Wish (2018),Action|Crime|Drama|Thriller,395990.0,12887
184987,A Wrinkle in Time (2018),Adventure|Children|Fantasy|Sci-Fi,407451.0,12888
184997,"Love, Simon (2018)",Comedy|Drama,449176.0,12889
184999,Overboard (2018),Comedy|Romance,454619.0,12890
185001,I Feel Pretty (2018),Comedy,460668.0,12891
185029,A Quiet Place (2018),Drama|Horror|Thriller,447332.0,12892
185031,Alpha (2018),Adventure|Thriller,399360.0,12893
185033,I Kill Giants (2018),Drama|Fantasy|Thriller,419831.0,12894
185109,Disobedience (2018),Drama|Romance,419743.0,12895
185169,The Strangers: Prey at Night (2018),Horror|Thriller,371608.0,12896
185295,The Outsider (2018),Crime|Drama|Mystery,199928.0,12897
185319,Prospect (2018),Sci-Fi|Western,506072.0,12898
185385,Midnight Sun (2018),Drama|Romance,419478.0,12899
185425,The Titan (2018),Sci-Fi,476926.0,12900
185435,"Game Over, Man! (2018)",Action|Comedy,456750.0,12901
185443,Ricky Gervais: Humanity (2018),Comedy,508933.0,12902
185473,Blockers (2018),Comedy,437557.0,12903
185481,Ghostland (2018),Horror,476299.0,12904
185569,7 Days in Entebbe (2018),Drama|Thriller,433627.0,12905
185585,Pacific Rim: Uprising (2018),Action|Fantasy|Sci-Fi,268896.0,12906
185927,Wild Wild Country (2018),Documentary,510882.0,12907
185977,Bad Samaritan (2018),Crime|Drama,467632.0,12908
185979,Ghost Stories (2018),Drama|Horror,429417.0,12909
185987,The Rider (2018),Drama,453278.0,12910
185989,Truth or Dare (2018),Horror|Thriller,460019.0,12911
185997,Life of the Party (2018),Comedy,399796.0,12912
186005,Book Club (2018),Comedy|Romance,502682.0,12913
186311,The Guernsey Literary and Potato Peel Pie Society (2018),Drama|Romance,451480.0,12914
186587,Rampage (2018),Action|Adventure|Sci-Fi,427641.0,12915
186631,Everybody Knows (2018),Drama,401545.0,12916
186863,Beirut (2018),Action|Thriller,399248.0,12917
186947,I Am Not an Easy Man (2018),Comedy,515841.0,12918
186953,Hearts Beat Loud (2018),Drama,470333.0,12919
186983,Three Identical Strangers (2018),Documentary,489988.0,12920
186985,Batman Ninja (2018),Action|Animation,485942.0,12921
187023,Andre the Giant (2018),Documentary,446663.0,12922
187031,Jurassic World: Fallen Kingdom (2018),Action|Adventure|Drama|Sci-Fi|Thriller,351286.0,12923
187067,Super Troopers 2 (2018),Comedy,50022.0,12924
187231,American Animals (2018),Crime|Drama,489931.0,12925
187501,Leave No Trace (2018),Drama,443463.0,12926
187505,Tully (2018),Comedy,400579.0,12927
187531,John Mulaney: Kid Gorgeous at Radio City (2018),Comedy,520594.0,12928
187541,Incredibles 2 (2018),Action|Adventure|Animation|Children,260513.0,12929
187593,Deadpool 2 (2018),Action|Comedy|Sci-Fi,383498.0,12930
187595,Solo: A Star Wars Story (2018),Action|Adventure|Children|Sci-Fi,348350.0,12931
187601,Anon (2018),Sci-Fi|Thriller,396806.0,12932
187611,Adrift (2018),Drama,429300.0,12933
187613,The Kissing Booth (2018),Comedy|Romance,454983.0,12934
187717,Won't You Be My Neighbor? (2018),Documentary,490003.0,12935
187723,Set It Up (2018),Comedy|Romance,384677.0,12936
187815,RBG (2018),Documentary,493099.0,12937
188189,Sorry to Bother You (2018),Comedy|Fantasy|Sci-Fi,424781.0,12938
188207,Cold War (2018),Drama,440298.0,12939
188301,Ant-Man and the Wasp (2018),Action|Adventure|Comedy|Fantasy|Sci-Fi,363088.0,12940
188303,The First Purge (2018),Action|Horror|Sci-Fi|Thriller,442249.0,12941
188305,"Don't Worry, He Won't Get Far on Foot (2018)",Comedy|Drama,443009.0,12942
188307,Hotel Transylvania 3: Summer Vacation (2018),Animation|Children|Comedy|Fantasy,400155.0,12943
188309,Skyscraper (2018),Action|Drama|Thriller,447200.0,12944
188477,Ali Wong: Hard Knock Wife (2018),Comedy,518045.0,12945
188541,Cargo (2017),Drama|Horror,425972.0,12946
188623,Burning (2018),Drama|Mystery,491584.0,12947
188625,Evil Genius: The True Story of America's Most Diabolical Bank Heist (2018),Crime|Documentary,523902.0,12948
188675,Dogman (2018),Crime|Drama,483184.0,12949
188679,Fahrenheit 451 (2018),Drama|Sci-Fi,401905.0,12950
188697,Happy as Lazzaro (2018),Drama,481432.0,12951
188749,The Equalizer 2 (2018),Action|Crime|Thriller,345887.0,12952
188751,Mamma Mia: Here We Go Again! (2018),Comedy|Romance,458423.0,12953
188753,Unfriended: Dark Web (2018),Horror,505058.0,12954
188773,Shoplifters (2018),Drama,505192.0,12955
188797,Tag (2018),Comedy,455980.0,12956
188829,Capernaum (2018),Drama,517814.0,12957
188833,The Man Who Killed Don Quixote (2018),Adventure|Comedy|Fantasy,297725.0,12958
188941,Under the Silver Lake (2018),Comedy|Crime|Drama|Mystery|Thriller,396461.0,12959
189041,Sicario: Day of the Soldado (2018),Action|Crime|Drama|Thriller,400535.0,12960
189071,The Tale (2018),Drama,369523.0,12961
189203,Upgrade (2018),Action|Comedy|Horror|Sci-Fi|Thriller,500664.0,12962
189241,Hotel Artemis (2018),Sci-Fi|Thriller,406761.0,12963
189331,The Spy Who Dumped Me (2018),Action|Comedy,454992.0,12964
189333,Mission: Impossible - Fallout (2018),Action|Adventure|Thriller,353081.0,12965
189363,Ocean's 8 (2018),Action|Comedy|Crime|Thriller,402900.0,12966
189475,The Miseducation of Cameron Post (2018),Drama,426613.0,12967
189549,2036 Origin Unknown (2018),Sci-Fi,448916.0,12968
189567,Alex Strangelove (2018),Comedy,511785.0,12969
189577,Tau,Sci-Fi|Thriller,411143.0,12970
189713,BlacKkKlansman (2018),Comedy|Crime|Drama,487558.0,12971
189783,Christopher Robin (2018),Adventure|Animation|Comedy,420814.0,12972
189805,Papillon (2018),Drama,433498.0,12973
189819,Escape Plan 2: Hades (2018),Action|Crime|Thriller,440471.0,12974
189873,Bao (2018),Animation,514754.0,12975
189885,The Guilty (2018),Thriller,486947.0,12976
189889,Shirkers (2018),Documentary,489994.0,12977
189893,Terrifier (2017),Horror|Thriller,420634.0,12978
190017,The Death of Superman,Action|Animation|Drama|Sci-Fi,487670.0,12979
190085,How It Ends (2018),Action|Adventure|Mystery|Sci-Fi|Thriller,475210.0,12980
190089,Hannah Gadsby: Nanette (2018),Comedy,529531.0,12981
190183,The Darkest Minds (2018),Sci-Fi|Thriller,445651.0,12982
190305,A Prayer Before Dawn (2018),Action|Crime|Drama,448776.0,12983
190349,"Juliet, Naked (2018)",Comedy|Drama,458344.0,12984
190401,Calibre (2018),Thriller,474051.0,12985
190551,Blindspotting (2018),Comedy|Drama,489930.0,12986
190555,Searching (2018),Drama,489999.0,12987
190741,Summer of 84 (2018),Drama|Horror|Mystery|Thriller,470229.0,12988
190743,Support the Girls (2018),Drama,456086.0,12989
190939,A Simple Favor (2018),Crime|Mystery|Thriller,484247.0,12990
190947,Mary Queen of Scots (2018),Drama,457136.0,12991
190949,Sierra Burgess Is a Loser (2018),(no genres listed),462919.0,12992
191351,To All the Boys I've Loved Before (2018),Comedy|Romance,466282.0,12993
191367,The Predator (2018),Action|Adventure|Horror|Sci-Fi,346910.0,12994
191441,The Happytime Murders (2018),Action|Comedy|Crime,412988.0,12995
191459,The Sisters Brothers (2018),Western,440161.0,12996
191469,Robin Hood (2018),Adventure,375588.0,12997
191479,Smallfoot (2018),Animation|Comedy,446894.0,12998
191483,The Nun (2018),Horror|Mystery|Thriller,439079.0,12999
191489,Peppermint (2018),Action|Crime|Thriller,458594.0,13000
191687,Teen Titans Go! To the Movies (2018),Animation|Children,474395.0,13001
191799,Extinction (2018),Sci-Fi,429415.0,13002
191869,The Old Man and the Gun (2018),(no genres listed),429203.0,13003
191997,The Hounds of Baskerville (2012),Crime|Drama|Mystery,538320.0,13004
192045,If Beale Street Could Talk (2018),Drama|Romance,465914.0,13005
192081,Like Father (2018),Comedy,518452.0,13006
192109,Minding the Gap (2018),Documentary,489985.0,13007
192245,Bad Times at the El Royale (2018),Horror|Thriller,446021.0,13008
192283,Crazy Rich Asians (2018),Comedy,455207.0,13009
192307,The Meg (2018),Action|Horror|Sci-Fi|Thriller,345940.0,13010
192319,Operation Finale (2018),Drama,493551.0,13011
192357,Colette (2018),Drama,454652.0,13012
192379,First Man (2018),Drama,369972.0,13013
192381,Apostle (2018),Horror|Thriller,424121.0,13014
192383,Beautiful Boy (2018),Drama,451915.0,13015
192385,A Star Is Born (2018),Drama|Romance,332562.0,13016
192389,Venom (2018),Action|Horror|Sci-Fi|Thriller,335983.0,13017
192393,Night School (2018),Comedy,454293.0,13018
192503,Thunder Road (2018),Comedy|Drama,502422.0,13019
192551,Mile 22 (2018),Action,347375.0,13020
192559,The House with a Clock in Its Walls (2018),Children|Fantasy|Horror|Mystery|Sci-Fi|Thriller,463821.0,13021
192561,Hold the Dark (2018),Thriller,395841.0,13022
192579,Johnny English Strikes Again (2018),Action|Adventure|Children|Comedy,463272.0,13023
192697,Destination Wedding (2018),Comedy|Drama|Romance,489929.0,13024
192803,Bohemian Rhapsody (2018),Drama,424694.0,13025
192997,Border (2018),Fantasy|Thriller,517839.0,13026
193041,One Cut of the Dead (2017),Comedy|Horror,513434.0,13027
193065,Roma (2018),Drama,426426.0,13028
193147,The House That Jack Built (2018),Drama|Horror|Thriller,398173.0,13029
193175,Mowgli (2018),Adventure|Drama,407436.0,13030
193185,Fahrenheit 11/9 (2018),Documentary,532908.0,13031
193243,Next Gen (2018),Action|Adventure|Animation,523777.0,13032
193449,Mid90s (2018),Comedy|Drama,437586.0,13033
193477,Outlaw King (2018),Action|Drama|War,454227.0,13034
193589,Boy Erased (2018),Drama,472451.0,13035
193599,Climax (2018),Drama|Horror,507076.0,13036
193647,The Girl in the Spider's Web (2018),Crime|Drama|Mystery|Thriller,446807.0,13037
193697,High Life (2018),Drama|Horror|Mystery|Sci-Fi,376865.0,13038
193900,22 July (2018),Drama,474354.0,13039
193906,The Night Comes For Us (2018),Action|Crime|Thriller,449992.0,13040
193916,Mirai (2018),Animation|Fantasy,475215.0,13041
193942,Instant Family (2018),Comedy,491418.0,13042
193944,The Ballad of Buster Scruggs (2018),Comedy|Drama|Western,537996.0,13043
193950,Free Solo (2018),Documentary,515042.0,13044
193952,Hunter Killer (2018),Action,399402.0,13045
193954,The Nutcracker and the Four Realms (2018),Adventure|Children|Fantasy,426543.0,13046
193956,The Grinch (2018),Animation|Children|Comedy,360920.0,13047
193958,Creed II (2018),Drama,480530.0,13048
193960,Wildlife (2018),Drama,417812.0,13049
194004,Halloween (2018),Horror,424139.0,13050
194006,Replicas (2018),Sci-Fi|Thriller,300681.0,13051
194016,Ralph Breaks the Internet (2018),Animation|Children,404368.0,13052
194052,At Eternity's Gate (2018),Drama,491472.0,13053
194074,The Hate U Give (2018),Crime|Drama,470044.0,13054
194238,Malevolent (2018),Horror,481375.0,13055
194312,Private Life (2018),Comedy|Drama,458342.0,13056
194348,Can You Ever Forgive Me? (2018),Comedy|Crime|Drama,401847.0,13057
194396,Overlord (2018),Action|Horror|Sci-Fi|Thriller|War,438799.0,13058
194400,Widows (2018),Crime|Drama|Thriller,401469.0,13059
194448,Green Book (2018),Comedy|Drama,490132.0,13060
194638,The Kindergarten Teacher (2018),Drama,489927.0,13061
194664,They Shall Not Grow Old (2018),Documentary|War,543580.0,13062
194762,The Clovehitch Killer (2018),Horror|Thriller,544431.0,13063
194947,Cam (2018),Horror|Thriller,521935.0,13064
194951,Bird Box (2018),Drama|Sci-Fi|Thriller,405774.0,13065
194959,Destroyer (2018),Crime|Drama|Thriller,471507.0,13066
194975,Vox Lux (2018),Drama,429202.0,13067
195159,Spider-Man: Into the Spider-Verse (2018),Action|Adventure|Animation|Sci-Fi,324857.0,13068
195161,Mary Poppins Returns (2018),Children|Fantasy,400650.0,13069
195163,Bumblebee (2018),Action|Adventure|Sci-Fi,424783.0,13070
195165,Holmes and Watson (2018),Adventure|Comedy|Mystery,426563.0,13071
195167,On the Basis of Sex (2018),Drama,339380.0,13072
195295,Dragged Across Concrete (2018),Action|Crime|Drama|Thriller,438674.0,13073
195305,Stan & Ollie (2018),Comedy|Drama,394741.0,13074
195497,Vice (2018),Comedy|Drama,429197.0,13075
195639,The Princess Switch (2018),Comedy|Romance,556803.0,13076
195777,Mortal Engines (2018),Sci-Fi,428078.0,13077
195823,The Christmas Chronicles (2018),Adventure|Children|Comedy|Fantasy,527435.0,13078
195849,Dumplin' (2018),Comedy|Drama,472734.0,13079
195921,The Mule (2018),Crime|Drama|Thriller,504172.0,13080
196175,Welcome to Marwen (2018),Animation|Comedy|Drama|Fantasy,351044.0,13081
196223,Hellboy (2019),Action|Adventure|Fantasy,456740.0,13082
196417,How to Train Your Dragon: The Hidden World (2019),Adventure|Animation|Children,166428.0,13083
196611,Ellen DeGeneres: Relatable (2018),Comedy,535358.0,13084
196887,What Men Want (2019),Comedy|Fantasy|Romance,487297.0,13085
196889,Glass (2019),Drama|Horror|Mystery|Sci-Fi|Thriller,450465.0,13086
196891,The Lego Movie 2: The Second Part (2019),Action|Adventure|Animation|Children|Comedy,280217.0,13087
196893,Cold Pursuit (2019),Action|Drama|Thriller,438650.0,13088
196895,Serenity (2019),Drama|Thriller,452832.0,13089
196937,Dragon Ball Super: Broly (2018),Action|Animation|Sci-Fi,503314.0,13090
196997,Black Mirror: Bandersnatch (2018),Drama|Mystery|Sci-Fi|Thriller,569547.0,13091
197175,Alita: Battle Angel (2019),Action|Romance|Sci-Fi|Thriller,399579.0,13092
197199,Isn't It Romantic (2019),Comedy|Fantasy|Romance,449563.0,13093
197201,Fighting with My Family (2019),Comedy|Drama,445629.0,13094
197203,Triple Frontier (2019),Crime|Thriller,399361.0,13095
197207,Arctic (2018),Drama|Thriller,453755.0,13096
197343,Escape Room (2019),Action|Horror|Thriller,522681.0,13097
197529,The Upside (2019),Comedy|Drama,440472.0,13098
197537,Velvet Buzzsaw (2019),Crime|Drama|Horror|Mystery|Thriller,463684.0,13099
197663,Happy Death Day 2U (2019),Horror|Mystery|Thriller,512196.0,13100
197689,Polar (2019),Action,483906.0,13101
197691,FYRE: The Greatest Party That Never Happened (2019),Documentary,567860.0,13102
197707,IO (2019),Sci-Fi,433249.0,13103
197711,Us (2019),Horror|Thriller,458723.0,13104
197875,"Extremely Wicked, Shockingly Evil and Vile (2019)",Crime|Thriller,457799.0,13105
197879,Apollo 11 (2019),Documentary,549559.0,13106
197883,The Farewell (2019),Comedy,565310.0,13107
197889,Close (2019),Action|Thriller,460321.0,13108
198145,The Perfect Date,Romance,543540.0,13109
198147,Five Feet Apart (2019),Drama|Romance,527641.0,13110
198153,The Beach Bum (2019),Comedy,441384.0,13111
198185,Twin Peaks (1989),Drama|Mystery,452522.0,13112
198265,The Wandering Earth (2019),Sci-Fi,535167.0,13113
199073,Captive State (2019),Sci-Fi|Thriller,429471.0,13114
199223,Pet Sematary (2019),Horror|Thriller,157433.0,13115
199538,Leaving Neverland (2019),Documentary,586129.0,13116
199910,The Professor and the Madman (2019),Drama,411728.0,13117
199974,Hotel Mumbai (2019),Drama|Thriller,416144.0,13118
200110,The Dirt (2019),Comedy|Drama,327331.0,13119
200256,Dumbo (2019),Adventure|Children|Fantasy,329996.0,13120
200306,Booksmart (2019),Comedy,505600.0,13121
200322,The Hustle (2019),Comedy,449562.0,13122
200332,Rocketman (2019),Drama,504608.0,13123
200354,The Highwaymen (2019),Crime|Drama|Mystery|Thriller,500682.0,13124
200540,Aladdin (2019),Adventure|Fantasy|Romance,420817.0,13125
200638,Tolkien (2019),Drama,468224.0,13126
200814,The Silence (2019),Horror,527261.0,13127
200818,John Wick: Chapter 3 – Parabellum (2019),Action|Crime|Thriller,458156.0,13128
200820,Godzilla: King of the Monsters (2019),Action|Sci-Fi|Thriller,373571.0,13129
200822,Dark Phoenix (2019),Action|Sci-Fi,320288.0,13130
200824,The Secret Life of Pets 2 (2019),Adventure|Animation|Children|Comedy,412117.0,13131
200838,Pokémon: Detective Pikachu (2019),Action|Children|Crime|Fantasy|Mystery,447404.0,13132
200938,The Dead Don't Die (2019),Comedy|Horror,535581.0,13133
201242,The Perfection (2018),Drama|Horror|Thriller,529962.0,13134
201314,Wine Country (2019),Comedy,513083.0,13135
201340,The Lighthouse (2019),Drama|Fantasy|Horror,503919.0,13136
201368,Long Shot (2019),Comedy,459992.0,13137
201586,Men in Black: International (2019),Action|Adventure|Comedy|Sci-Fi,479455.0,13138
201588,Toy Story 4 (2019),Adventure|Animation|Children|Comedy,301528.0,13139
201594,Brightburn (2019),Drama|Horror|Sci-Fi|Thriller,531309.0,13140
201646,Midsommar (2019),Drama|Horror|Mystery,530385.0,13141
201749,Murder Mystery (2019),Comedy|Crime,514999.0,13142
201773,Spider-Man: Far from Home (2019),Action|Adventure|Sci-Fi,429617.0,13143
201811,Yesterday (2019),Comedy|Romance,515195.0,13144
202101,Stuber (2019),Action|Comedy,513045.0,13145
202103,I Am Mother (2019),Sci-Fi|Thriller,505948.0,13146
202155,The Art of Self-Defense (2019),Comedy,480001.0,13147
202159,Crawl (2019),Action|Horror|Thriller,511987.0,13148
202237,Pain and Glory (2019),Drama,519010.0,13149
202393,Always Be My Maybe (2019),Comedy|Romance,513576.0,13150
202421,Rim of the World (2019),Action|Adventure|Comedy|Sci-Fi,531306.0,13151
202429,Once Upon a Time in Hollywood (2019),Comedy|Drama,466272.0,13152
202439,Parasite (2019),Comedy|Drama,496243.0,13153
202519,Child's Play (2019),Comedy|Horror,533642.0,13154
202575,Late Night (2019),Comedy|Drama,523172.0,13155
202711,Deadwood: The Movie (2019),Western,538225.0,13156
202934,Anna (2019),Action|Thriller,484641.0,13157
203208,Scary Stories to Tell in the Dark (2019),Horror,417384.0,13158
203218,Good Boys (2019),Comedy,521777.0,13159
203222,The Lion King (2019),Adventure|Animation|Children|Drama,420818.0,13160
203244,Shaft (2019),Action|Crime,486131.0,13161
203513,Annabelle Comes Home (2019),Horror,521029.0,13162
203519,Fast & Furious Presents: Hobbs & Shaw (2019),Action,384018.0,13163
204352,Ad Astra (2019),Adventure|Drama|Mystery|Sci-Fi|Thriller,419704.0,13164
204542,It: Chapter Two (2019),Horror,474350.0,13165
204692,In the Tall Grass,Drama|Horror|Thriller,523139.0,13166
204698,Joker (2019),Crime|Drama|Thriller,475557.0,13167
204704,Ready or Not (2019),Comedy|Horror|Thriller,567609.0,13168
205072,Zombieland: Double Tap (2019),Action|Comedy|Horror,338967.0,13169
205076,Downton Abbey (2019),Drama,535544.0,13170
205383,El Camino: A Breaking Bad Movie (2019),Crime|Drama|Thriller,559969.0,13171
205425,Dave Chappelle: Sticks & Stones (2019),Comedy,624932.0,13172
206499,Between Two Ferns: The Movie (2019),Comedy,584962.0,13173
206805,In the Shadow of the Moon (2019),Crime|Mystery|Sci-Fi,530382.0,13174
207830,Terminator: Dark Fate (2019),Action|Sci-Fi,290859.0,13175
